Length,Date,Day,Time,Views,Likes,Comments,Shares,Data date,s watched,d's watched,Avg watched,d'avg watched,%'all watched,%'d'all watched,Audience,d'Audiance,For You,Personal Profile,Follow,Sound,Search,Hashtag,1 Country,%,2C,%,3C,%,4C,%,5C,%,Privated/Deleted sound,,Virality,ER,"9,563,485","7,639,413","4,748,149","2,130,275","1,561,186","18,271",,,,"52,598,473",Moving Average V,Moving Median V,Moving std V,Moving AVG likes,Likes/Views,,Length
15.16,11/9/2020,5,22:34,"27,800",2666,35,23,12/3/2022,352143,0,12.6,0,48,0,25400,0,38,58,4,0,0,0,SE,44,US,17,GB,5,CA,3,NO,3,,0.831134565,4.153342583,9.59%,12232,4726,1390,0,0,0,20,"50,000",3,18.18%,"27,800","27,800",0,"2,666",9.60%,"27,800",15
13.23,13/9/2020,7,22:54,"2,100,000",60500,516,586,12/3/2022,25787549,0,12.2,0,62.8,0,2000000,0,99,1,0,0,0,0,US,28,GB,10,SE,8,DE,5,PH,4,,0.922146636,5.307523799,2.88%,168000,588000,210000,105000,0,0,15,"5,000,000",0.1,14.52%,"1,063,900","1,063,900","1,465,267","31,583",3.00%,"1,063,900",13
11.14,16/9/2020,3,2:06,"67,200",4036,187,38,12/3/2022,696457,7200,10.3,-0.1,44.1,-0.01,62000,2,69,25,2,0,0,0,US,56,SE,23,NO,2,GB,2,FI,2,,0.92459605,3.786185771,6.01%,15456,37632,1344,0,0,0,12,"100,000",4,9.03%,"731,667","67,200","1,185,175","22,401",3.10%,"731,667",11
13.4,10/10/2020,6,22:14,"38,600",1809,31,8,12/3/2022,411361,0,10.6,0,42.9,0,35700,0,53,39,8,0,0,0,SE,30,US,22,GB,8,CA,4,ID,3,,0.791044776,3.698259611,4.69%,11580,8492,3088,0,0,0,15,"50,000",3,4.05%,"558,400","52,900","1,027,868","17,253",3.10%,"558,400",13
13.22,16/10/2020,5,22:29,"135,400",12900,94,26,12/3/2022,1537550,0,11.3,0,55.4,0,127900,0,85,12,2,0,0,0,US,22,SE,20,MY,5,GB,4,CA,4,,0.854765507,4.558686033,9.53%,27080,29788,5416,0,0,0,15,"200,000",10,2.97%,"473,800","67,200","910,038","16,382",3.50%,"473,800",13
13.17,17/10/2020,6,17:47,"671,500",35200,347,253,12/3/2022,8683218,3600,12.9,-0.1,54.4,-0.01,621300,1,95,3,1,0,0,0,SE,28,US,21,JP,6,KR,4,VN,2,,0.979498861,4.528684306,5.24%,188020,141015,0,0,0,0,15,"1,500,000",100,,"506,750","101,300","817,955","19,519",3.90%,"506,750",13
15.3,18/10/2020,7,21:28,"21,900",1730,13,7,12/3/2022,243520,0,11,0,28.9,0,20200,0,9,74,16,0,0,0,US,25,SE,25,GB,7,CA,4,AU,2,,0.718954248,3.18479974,7.90%,5475,5475,1533,0,0,0,20,"25,000",0.1,"26,400","437,486","67,200","768,846","16,977",3.90%,"437,486",15
13.54,20/10/2020,2,2:26,"22,900",1661,9,5,12/3/2022,168466,0,7.3,0,23.4,0,20900,0,9,83,7,0,0,0,US,27,SE,22,GB,8,CA,5,AU,3,,0.539143279,2.966686903,7.25%,5038,6183,1832,0,0,0,15,"25,000",,"1,063,900","385,663","52,900","726,748","15,063",3.90%,"436,786",14
13.26,25/10/2020,7,3:54,"29,700",2713,53,6,12/3/2022,310341,0,10.4,0,35.9,0,26300,0,14,73,12,0,0,0,SE,27,US,24,GB,8,CA,5,AU,3,,0.784313726,3.396521569,9.13%,8019,7128,2376,0,0,0,15,"50,000",Len avg:,254242.5381,"346,111","38,600","690,088","13,691",4.00%,"141,029",13
21.04,28/10/2020,3,3:56,"2,100,000",329100,962,1709,12/3/2022,36299842,177681,17.3,-0.1,44.7,-0.01,2000000,502,90,2,0,1,0,1,SE,16,US,16,GB,9,DE,6,CA,6,,0.822243346,4.136747456,15.67%,336000,336000,189000,126000,0,0,30,"5,000,000",50,208226.5001,"521,500","52,900","854,939","45,232",8.70%,"431,429",21
8.3,29/10/2020,4,4:10,"261,500",20000,182,131,12/3/2022,2273838,21600,8.6,-0.1,53.6,-0.01,236100,2,84,12,3,0,0,0,SE,45,FI,4,US,4,NO,3,RO,3,,1.036144578,4.194937991,7.65%,117675,10460,0,0,0,0,9,"600,000",6,,"497,864","67,200","814,846","42,938",8.60%,"463,271",8
15.44,30/10/2020,5,23:17,"378,000",36900,182,131,12/3/2022,4553844,6894,12,-0.1,48.3,-0.01,355600,23,90,5,2,0,0,0,SE,37,GB,10,US,7,NL,5,DE,5,,0.777202073,4.111416751,9.76%,139860,26460,37800,18900,18900,0,20,"600,000",Min,"116,343","487,875","101,300","777,695","42,435",8.70%,"497,929",15
9.66,31/10/2020,6,23:00,"57,400",5357,38,22,12/3/2022,626097,50644,10.8,-0.1,57.5,-0.01,53000,4,38,28,12,0,0,0,SE,22,US,20,GB,7,DE,4,CA,4,,1.118012422,4.573620961,9.33%,12628,11480,4018,2296,0,0,10,"100,000",,"915,529","454,762","67,200","754,098","39,582",8.70%,"410,200",10
31.72,31/10/2020,6,4:13,"306,900",58600,509,394,12/3/2022,6267702,82983,20.4,0.1,40.4,-0.01,281400,1,91,7,1,0,0,0,US,53,CA,11,SE,8,GB,6,AU,3,,0.643127364,4.115816618,19.09%,24552,162657,18414,0,0,0,60,"600,000",,392896.1862,"444,200","101,300","725,591","40,941",9.20%,"450,914",32
18.44,1/11/2020,7,4:13,"74,500",6811,46,41,12/3/2022,1099032,25200,14.7,-0.1,51.6,-0.01,68000,2,67,18,13,0,0,0,SE,24,US,20,GB,6,NL,4,CA,3,,0.797180043,4.556897547,9.14%,17880,14900,4470,0,2980,0,20,"100,000",,201658.9721,"419,553","74,500","705,683","38,666",9.20%,"458,286",18
15.26,5/11/2020,4,4:29,"44,100",3314,84,10,12/3/2022,367367,0,8.3,0,25.5,0,40400,0,56,25,17,0,0,0,SE,60,US,13,GB,3,CA,2,NO,1,,0.543905636,3.032019333,7.51%,26460,5733,1323,0,0,0,20,"50,000",,,"396,088","70,850","688,185","36,456",9.20%,"460,343",15
13.4,7/11/2020,6,2:17,"21,500",2756,37,38,12/3/2022,181316,0,8.4,0,32.4,0,19900,0,13,51,32,0,0,0,US,26,SE,24,GB,6,CA,4,NO,2,,0.626865672,3.37542232,12.82%,5160,5590,1290,0,0,0,15,"25,000",,,"374,053","67,200","672,498","34,474",9.20%,"163,414",13
16.58,9/11/2020,1,3:16,"28,500",3223,60,27,12/3/2022,314926,0,11,0,28.6,0,26900,0,38,35,20,0,0,1,SE,30,US,16,GB,7,NL,3,CA,3,,0.66344994,3.24391129,11.31%,8550,4560,1995,0,855,0,20,"50,000",,,"354,856","62,300","657,483","32,738",9.20%,"130,129",17
13.13,19/11/2020,4,3:29,"15,000",1186,15,3,12/3/2022,122722,0,8.1,0,13.2,0,13900,0,10,60,29,0,0,0,SE,26,US,19,GB,5,CA,4,NO,3,,0.616907845,2.909812789,7.91%,3900,2850,750,0,0,0,15,"25,000",,,"336,968","57,400","643,698","31,077",9.20%,"78,271",13
14.46,20/11/2020,5,2:04,"258,500",10400,75,124,12/3/2022,2391146,97627,9.2,-0.1,25.9,-0.01,243200,9,92,4,3,0,0,0,SE,36,TH,12,ID,9,JP,3,MY,3,,0.636237898,3.088223924,4.02%,93060,0,0,0,0,0,15,"600,000",,,"333,045","62,300","626,775","30,043",9.00%,"107,000",14
11.68,21/11/2020,6,1:13,"20,900",2270,43,51,12/3/2022,154828,0,7.3,0,24.9,0,18900,0,16,55,25,0,0,1,SE,27,US,18,GB,4,CA,3,ID,3,,0.625,3.260734951,10.86%,5643,3762,836,0,0,0,12,"25,000",,,"318,181","57,400","614,691","28,721",9.00%,"66,143",12
9.56,24/11/2020,2,3:13,"180,400",24100,176,140,12/3/2022,1583699,140949,8.7,-0.1,44.4,-0.01,175100,11,77,8,5,0,0,0,SE,20,US,16,GB,4,ID,4,DE,3,,0.910041841,3.744036955,13.36%,36080,28864,7216,5412,0,0,10,"200,000",,,"311,918","62,300","600,595","28,511",9.10%,"81,271",10
27.12,25/11/2020,3,3:08,"20,900",1993,44,37,12/3/2022,270314,3600,12.8,-0.1,23.3,-0.01,19400,2,9,60,29,0,0,1,SE,23,US,21,GB,6,ID,3,CA,3,,0.471976401,3.168903973,9.54%,4807,4389,1254,0,0,0,30,"25,000",,,"299,265","57,400","589,916","27,358",9.10%,"77,957",27
36.8,27/11/2020,5,4:45,"21,000",2491,68,37,12/3/2022,388088,97627,18.3,0.1,27.7,-0.01,19000,1,19,60,20,0,0,0,SE,35,US,13,GB,5,NO,3,NL,3,,0.497282609,3.404019046,11.86%,7350,2730,1050,0,630,0,60,"25,000",,,"287,671","50,750","579,739","26,322",9.10%,"77,886",37
11.7,28/11/2020,6,1:14,"17,800",1422,25,6,12/3/2022,124481,0,6.9,0,26.8,0,16400,0,12,71,16,0,0,0,SE,29,US,15,GB,5,ID,3,NO,3,,0.58974359,3.060522605,7.99%,5162,2670,890,0,0,0,12,"25,000",,,"276,876","44,100","570,093","25,326",9.10%,"76,357",12
19.43,29/11/2020,7,4:00,"27,800",3087,34,7,12/3/2022,343075,0,12.3,0,39.4,0,25700,0,23,48,29,0,0,0,SE,31,US,20,GB,5,NO,3,CA,3,,0.633041688,3.623343508,11.10%,8618,5560,1390,0,0,0,20,"50,000",,,"267,296","41,350","560,707","24,470",9.20%,"78,186",19
11.38,30/11/2020,1,3:34,"44,600",5366,27,27,12/3/2022,345539,0,7.7,0,38.1,0,41400,0,53,33,12,0,0,0,SE,21,GB,10,US,9,IT,5,DE,4,,0.676625659,3.42464007,12.03%,9366,4014,4460,1784,0,0,12,"50,000",,,"259,048","44,100","551,486","23,763",9.20%,"47,629",11
15.21,1/12/2020,2,3:42,"943,300",57200,578,902,12/3/2022,14281408,29166,15,-0.1,59.9,-0.01,882500,72,93,2,1,0,0,0,SE,14,GB,12,US,8,ID,8,MY,8,,0.986193294,5.264852626,6.06%,132062,75464,113196,0,0,0,20,"1,500,000",,,"283,486","44,350","556,412","24,957",8.80%,"179,400",15
18.11,2/12/2020,3,4:26,"42,700",3634,82,15,12/3/2022,602483,0,14,0,38.5,0,38300,0,42,46,12,0,0,0,SE,52,US,10,NO,3,GB,3,NL,2,,0.773053562,3.619753003,8.51%,22204,4270,1281,0,854,0,20,"50,000",,,"275,183","44,100","548,212","24,222",8.80%,"159,729",18
20.11,3/12/2020,4,4:32,"21,400",1424,21,4,12/3/2022,200472,0,9.3,0,16.5,0,19900,0,7,70,22,0,0,0,SE,29,US,17,GB,5,NO,3,CA,3,,0.462456489,2.859943308,6.65%,6206,3638,1070,0,0,0,30,"25,000",,,"266,723","43,400","540,666","23,462",8.80%,"159,800",20
19.15,5/12/2020,6,5:14,"35,800",3800,48,30,12/3/2022,463582,0,12.8,-0.1,36.4,-0.01,33200,2,29,38,27,0,0,0,SE,30,US,16,GB,5,ID,4,MY,3,,0.668407311,3.541096312,10.61%,10740,5728,1790,0,0,0,20,"50,000",,,"259,274","42,700","533,194","22,827",8.80%,"161,914",19
12.56,7/12/2020,1,3:28,"35,100",3119,25,27,12/3/2022,321103,5064,9,-0.1,23.6,-0.01,36300,22,24,37,24,2,0,0,SE,30,US,16,GB,4,NO,4,FI,2,,0.71656051,3.104319476,8.89%,10530,5616,1404,0,0,0,15,"50,000",,,"252,269","40,650","526,018","22,212",8.80%,"164,386",13
21.87,8/12/2020,2,3:09,"25,700",2908,41,20,12/3/2022,271071,0,10.4,-0.1,10.9,-0.01,25500,2,13,53,24,0,0,0,SE,30,US,17,GB,5,NO,3,NL,2,,0.475537266,2.895376404,11.32%,7710,4369,1285,0,514,0,30,"50,000",,,"245,403","38,600","519,234","21,627",8.80%,"164,086",22
9.7,9/12/2020,3,3:07,"22,900",1714,31,5,12/3/2022,161021,0,7,0,33.7,0,21300,0,10,66,24,0,0,0,SE,35,US,16,GB,4,NO,4,CA,2,,0.721649485,3.240674786,7.48%,8015,3664,916,0,0,0,10,"25,000",,,"238,859","37,200","512,729","21,041",8.80%,"160,986",10
55.87,10/12/2020,4,12:51,"22,500",1640,27,14,12/3/2022,358726,0,15.8,0,6.2,0,20900,0,9,69,20,0,0,0,SE,33,US,16,GB,4,NO,3,CA,2,,0.282799356,2.724548235,7.29%,7425,3600,900,0,0,0,60,"25,000",,,"232,677","35,800","506,454","20,487",8.80%,"29,443",56
9.49,11/12/2020,5,4:05,"38,800",4956,82,39,12/3/2022,272237,0,6.9,0,34.3,0,35200,0,42,42,15,0,0,0,SE,36,US,10,GB,3,BR,2,NO,2,,0.727081138,3.342138695,12.77%,13968,3880,1164,0,0,0,10,"50,000",,,"227,292","37,200","500,212","20,055",8.80%,"28,886",9
18.16,12/12/2020,6,4:03,"40,300",5018,56,103,12/3/2022,333269,133627,8.2,-0.1,12.3,-0.02,38300,12,29,47,15,0,0,0,SE,28,US,15,GB,4,DE,3,BR,2,,0.45154185,3.061149608,12.45%,11284,6045,1612,1209,0,0,20,"50,000",,,"222,238","38,600","494,172","19,649",8.80%,"31,586",18
9.12,13/12/2020,7,2:26,"582,300",95800,693,888,12/3/2022,5466973,97627,9.3,-0.1,51.5,-0.01,517500,6,90,7,2,0,0,0,SE,41,BR,21,TH,7,NO,3,FI,2,,1.019736842,4.214915918,16.45%,238743,0,0,0,0,0,10,"600,000",,,"231,713","38,700","490,936","21,653",9.30%,"109,657",9
17.74,15/12/2020,2,3:56,"101,800",13500,142,41,12/3/2022,1723936,7200,16.8,-0.1,47.7,-0.01,91800,3,66,21,12,1,0,0,SE,30,US,14,GB,5,ID,4,FI,3,,0.947012401,4.242199093,13.26%,30540,14252,5090,0,0,0,20,"200,000",,,"228,382","38,800","484,879","21,444",9.40%,"119,186",18
22.82,16/12/2020,3,19:08,"23,300",2112,48,44,12/3/2022,204220,0,8.6,0,8.1,0,21400,0,10,77,13,0,0,0,SE,25,US,15,GB,4,TH,4,BR,3,,0.376862401,2.9374877,9.06%,5825,3495,932,0,0,0,30,"25,000",,,"223,255","38,700","479,720","20,960",9.40%,"118,843",23
14.12,17/12/2020,4,3:46,"85,700",5379,61,24,12/3/2022,993074,0,11.5,0,50.6,0,80400,0,66,23,10,0,0,0,SE,27,US,13,GB,7,FI,4,MY,4,,0.814447592,4.22411562,6.28%,23139,11141,5999,0,0,0,15,"100,000",,,"219,900","38,800","474,172","20,580",9.40%,"127,814",14
15.72,18/12/2020,5,3:17,"402,400",83800,984,686,12/3/2022,5372780,0,12.7,0,49.7,0,382000,0,89,8,2,0,0,0,US,14,PH,14,SE,12,MX,10,MY,8,,0.807888041,4.394599318,20.83%,48288,56336,0,0,0,0,20,"600,000",,,"224,245","39,550","469,200","22,086",9.80%,"182,086",16
13.14,19/12/2020,6,2:07,"43,600",3404,25,25,12/3/2022,437852,0,10,0,35.6,0,40000,0,34,46,18,1,0,0,SE,31,US,16,GB,4,NO,4,CA,2,,0.761035008,3.399871419,7.81%,13516,6976,1744,0,0,0,15,"50,000",,,"220,044","40,300","464,398","21,651",9.80%,"182,771",13
15,20/12/2020,7,2:12,"182,100",15100,174,369,12/3/2022,2181036,3600,11.9,-0.1,42.1,-0.01,172300,2,81,12,6,0,0,0,SE,27,US,18,CA,6,DE,4,NO,4,,0.793333333,3.889719971,8.29%,49167,32778,0,7284,0,0,20,"200,000",,,"219,182","41,500","459,002","21,502",9.80%,"203,029",15
17.11,22/12/2020,2,2:27,"48,600",2932,29,6,12/3/2022,622693,3600,12.7,-0.1,47.5,-0.01,45200,1,39,41,20,0,0,0,SE,22,US,17,MY,7,GB,6,ID,4,,0.742255991,4.092385706,6.03%,10692,8262,2916,0,0,0,20,"50,000",,,"215,391","42,700","454,468","21,090",9.80%,"126,786",17
8.47,23/12/2020,3,2:54,"60,600",4362,45,23,12/3/2022,513011,366,8.4,-0.1,47.8,-0.01,54500,1,49,34,16,0,0,0,SE,21,US,16,GB,6,DE,4,NL,4,,0.991735537,3.84977395,7.20%,12726,9696,3636,2424,2424,0,9,"100,000",,,"212,026","43,150","449,969","20,726",9.80%,"120,900",8
30.07,24/12/2020,4,2:05,"271,800",52200,541,339,12/3/2022,4582289,12630,16.7,-0.1,30.7,-0.01,269300,46,72,10,3,0,0,1,SE,12,US,11,GB,8,DE,7,FR,7,,0.555370802,3.437041904,19.21%,32616,29898,21744,19026,0,0,60,"600,000",,,"213,298","43,600","445,137","21,396",10.00%,"156,400",30
11.77,25/12/2020,5,19:54,"29,100",2489,39,10,12/3/2022,200954,0,6.8,0,26.7,0,26500,0,8,71,20,0,0,0,US,21,SE,19,GB,5,CA,3,MX,3,,0.577740017,3.053359919,8.55%,5529,6111,1455,0,0,0,12,"50,000",,,"209,460","43,150","441,178","21,002",10.00%,"148,314",12
16.07,27/12/2020,7,2:19,"153,900",9499,181,54,12/3/2022,2136044,0,13.6,0,39.8,0,139200,0,77,15,6,0,0,0,SE,30,GB,9,US,9,NL,7,DE,4,,0.846297449,3.65462982,6.17%,46170,13851,13851,6156,10773,0,20,"200,000",,,"208,327","43,600","436,630","20,767",10.00%,"112,814",16
9.47,28/12/2020,1,2:12,"321,500",61400,713,1117,12/3/2022,2381050,7200,6.8,-0.1,26.8,-0.01,300600,1,81,14,1,1,0,0,SE,26,MX,23,BR,10,TH,8,AR,4,,0.718057022,3.42178666,19.10%,83590,0,0,0,0,0,10,"600,000",,,"210,590","43,850","432,448","21,580",10.20%,"152,514",9
12.54,29/12/2020,2,2:31,"49,100",5140,65,29,12/3/2022,444915,0,8.8,0,34.2,0,46900,0,39,40,20,0,0,0,SE,30,US,19,GB,5,CA,3,NL,3,,0.701754386,3.328564648,10.47%,14730,9329,2455,0,1473,0,15,"50,000",,,"207,424","44,100","428,698","21,257",10.20%,"133,514",13
13.49,30/12/2020,3,3:33,"37,300",4346,158,9,12/3/2022,395469,0,10.2,0,40.6,0,35700,0,19,55,24,0,0,0,SE,24,US,21,GB,4,CA,3,MX,3,,0.756115641,3.612593534,11.65%,8952,7833,1492,0,0,0,15,"50,000",,,"207,610","44,100","428,621","21,290",10.30%,"131,900",13
8.66,31/12/2020,4,1:16,"29,500",2216,83,5,12/3/2022,198592,0,6.4,0,28,0,27900,0,10,71,19,0,0,0,US,25,SE,18,GB,4,CA,4,BR,4,,0.739030023,3.119567567,7.51%,5310,7375,1180,0,0,0,9,"50,000",,,"167,012","43,600","333,236","20,147",12.10%,"127,457",9
15.11,1/1/2021,5,2:47,"1,000,000",35700,285,302,12/3/2022,13033740,0,12.5,0,55.7,0,984500,0,96,2,1,0,0,0,US,53,SE,9,PH,6,GB,5,CA,5,,0.827266711,4.712388062,3.57%,90000,530000,50000,0,0,0,20,"1,500,000",,,"185,302","43,600","352,680","20,768",11.20%,"231,486",15
10.38,2/1/2021,6,2:50,"35,100",1952,29,6,12/3/2022,241823,0,6.9,0,32.5,0,32200,0,19,63,17,0,0,0,US,27,SE,18,CA,5,GB,4,BR,4,,0.664739884,3.185158819,5.56%,6318,9477,1404,0,0,0,12,"50,000",,,"185,233","43,600","352,710","20,771",11.20%,"232,343",10
8.63,3/1/2021,7,5:13,"237,500",11700,99,109,12/3/2022,1793279,97627,7.5,-0.1,52,-0.01,223300,6,81,12,4,0,0,0,VN,11,SE,10,PL,8,US,5,IT,4,,0.869061414,4.056065587,4.93%,23750,11875,0,0,0,0,9,"600,000",,,"187,235","43,600","352,711","20,748",11.10%,"244,286",9
15.46,4/1/2021,1,3:22,"45,800",4513,62,7,12/3/2022,568679,0,12.4,0,46.8,0,42000,0,23,50,26,0,0,0,US,23,SE,23,GB,5,CA,4,NO,3,,0.802069858,4.007270367,9.85%,10534,10534,2290,0,0,0,20,"50,000",,,"174,967","43,600","346,354","20,146",11.50%,"204,900",15
9.19,5/1/2021,2,3:55,"37,600",3505,95,57,12/3/2022,242485,0,6.5,0,28.6,0,33800,0,14,68,16,0,0,0,US,22,SE,16,BR,5,CA,4,GB,4,,0.707290533,3.254315687,9.32%,6016,8272,1504,0,0,0,10,"50,000",,,"175,275","43,600","346,222","20,181",11.50%,"203,257",9
13.49,9/1/2021,6,2:51,"39,200",3069,31,5,12/3/2022,402638,0,10.3,0,44.3,0,36000,0,10,63,26,0,0,0,US,28,SE,18,GB,5,CA,5,NO,3,,0.76352854,3.75767633,7.83%,7056,10976,1960,0,0,0,15,"50,000",,,"175,594","43,600","346,086","20,208",11.50%,"203,529",13
11.47,10/1/2021,7,2:31,"65,200",7070,141,53,12/3/2022,564108,39661,8.7,0.1,45,-0.01,59600,1,24,62,13,0,0,0,US,23,SE,18,CA,5,GB,4,MX,3,,0.758500436,3.803707605,10.84%,11736,14996,2608,0,0,0,12,"100,000",,,"176,290","44,100","345,823","20,294",11.50%,"208,629",11
15.07,14/1/2021,4,3:32,"34,200",2661,64,20,12/3/2022,283023,0,8.3,0,23.3,0,30900,0,7,82,11,0,0,0,US,33,SE,17,CA,6,GB,5,NO,3,,0.550763106,3.030337151,7.78%,5814,11286,1710,0,0,0,20,"50,000",,,"135,784","43,600","210,500","13,893",10.20%,"70,657",15
10.19,15/1/2021,5,2:47,"1,159,232",197700,669,470,12/3/2022,11040307,0,10.4,0,59.3,0,965800,0,95,4,1,0,0,0,US,60,SE,12,CA,8,NO,1,AU,1,Privated,1.02060844,4.736512044,17.05%,139107.8682,695539.341,0,0,0,0,12,"1,500,000",,,"153,387","43,600","254,219","17,377",11.30%,"231,247",10
9.15,16/1/2021,6,3:34,"53,900",5228,48,19,12/3/2022,400395,0,7.4,0,43.5,0,48900,0,19,60,21,0,0,0,US,30,SE,18,GB,6,CA,6,DE,3,,0.808743169,3.611661449,9.70%,9702,16170,3234,1617,0,0,10,"100,000",,,"147,032","43,600","252,537","16,756",11.40%,"205,019",9
8.31,17/1/2021,7,5:05,"43,500",3530,36,30,12/3/2022,265904,0,6.1,0,39.3,0,39700,0,12,68,19,0,0,0,US,28,SE,17,CA,6,GB,5,NO,4,,0.734055355,3.430464763,8.11%,7395,12180,2175,0,0,0,9,"50,000",,,"146,759","43,500","252,643","16,720",11.40%,"204,690",8
18.95,18/1/2021,1,4:18,"95,000",10400,92,41,12/3/2022,1471042,90305,15.5,0.1,45.6,0.01,85600,1,52,28,19,0,0,0,US,24,SE,9,PH,9,ID,8,GB,5,,0.817941953,4.091156582,10.95%,8550,22800,4750,0,0,0,20,"100,000",,,"142,605","43,500","251,698","15,775",11.10%,"212,890",19
8.63,19/1/2021,2,4:15,"94,500",5759,54,33,12/3/2022,592639,10800,6.3,-0.1,43,-0.01,86800,2,60,27,12,0,0,0,SE,61,US,11,GB,3,CA,2,DE,2,,0.730011588,3.540182655,6.09%,57645,10395,2835,1890,0,0,9,"100,000",,,"142,997","43,500","251,605","15,755",11.00%,"220,790",9
11.28,20/1/2021,3,3:09,"64,599",6191,58,17,12/3/2022,532511,366,8.2,-0.1,34.6,-0.01,57800,1,37,46,15,1,0,0,US,20,SE,18,ID,6,GB,5,CA,4,,0.726950355,3.293716697,9.58%,11627.82,12919.8,3229.95,0,0,0,12,"100,000",,,"143,399","43,500","251,460","15,811",11.00%,"220,704",11
10.31,21/1/2021,4,4:05,"4,500,000",530800,2660,2595,12/3/2022,44322182,144000,9.8,-0.1,59.4,-0.01,4099999,13,95,2,0,2,0,1,US,23,SE,14,GB,10,CA,7,DE,6,,0.950533463,4.751061905,11.80%,630000,1035000,450000,270000,0,0,12,"5,000,000",,,"231,212","43,600","659,294","26,165",11.30%,"858,676",10
9.33,22/1/2021,5,2:30,"50,300",6099,73,36,12/3/2022,380868,0,7.6,0,43.7,0,45400,0,26,56,17,0,0,0,SE,25,US,16,GB,6,NO,5,DE,4,,0.814576635,3.670446185,12.13%,12575,8048,3018,2012,0,0,10,"100,000",,,"231,640","44,600","659,167","26,221",11.30%,"700,257",9
9.84,23/1/2021,6,18:51,"24,700",2561,23,14,12/3/2022,181092,0,7.3,0,37.7,0,22400,0,14,59,26,0,0,0,SE,23,US,14,GB,9,DE,5,NO,4,,0.741869919,3.402973321,10.37%,5681,3458,2223,1235,0,0,10,"25,000",,,"231,830","44,600","659,105","26,248",11.30%,"696,086",10
8.29,23/1/2021,6,2:26,"39,200",3832,74,20,12/3/2022,289696,0,7.4,0,41.5,0,35000,0,23,44,26,6,0,0,SE,20,US,15,GB,8,DE,6,NL,4,,0.892641737,3.558918922,9.78%,7840,5880,3136,2352,1568,0,9,"50,000",,,"227,530","43,600","659,643","26,119",11.50%,"695,471",8
10.54,24/1/2021,7,2:09,"31,700",3452,34,11,12/3/2022,225844,0,7.1,0,34.4,0,28200,0,34,40,22,3,0,0,SE,24,US,16,GB,8,NO,4,DE,4,,0.673624288,3.263665374,10.89%,7608,5072,2536,1268,0,0,12,"50,000",,,"227,742","43,600","659,577","26,143",11.50%,"686,428",11
9.4,25/1/2021,1,4:35,"36,400",4483,75,44,12/3/2022,250554,0,6.9,0,31.4,0,32700,0,26,48,25,0,0,0,SE,18,US,15,GB,11,DE,4,NL,4,,0.734042553,3.290389286,12.32%,6552,5460,4004,1456,1456,0,10,"50,000",,,"224,918","43,500","660,091","25,758",11.50%,"678,128",9
12.33,26/1/2021,2,4:27,"337,500",28600,122,137,12/3/2022,3699931,0,11,0,59.6,0,318600,0,93,3,3,0,0,0,SE,28,US,20,GB,9,AU,7,MY,5,,0.892133009,4.901142502,8.47%,94500,67500,30375,0,0,0,15,"600,000",,,"231,126","43,600","659,623","26,280",11.40%,"717,114",12
11.31,27/1/2021,3,4:12,"65,200",6624,42,36,12/3/2022,583481,115322,8.9,-0.1,45,-0.01,60800,12,63,15,19,0,0,0,SE,15,TH,13,US,9,PH,8,VN,7,,0.786914235,3.767369679,10.16%,9780,5868,0,0,0,0,12,"100,000",,,"231,993","44,600","659,370","26,361",11.40%,"83,571",11
11.61,28/1/2021,4,4:14,"17,000",1775,34,8,12/3/2022,120205,0,7.1,0,31.9,0,15000,0,20,51,27,0,0,0,SE,23,US,15,GB,11,NO,4,CA,3,,0.611541774,3.203695519,10.44%,3910,2550,1870,0,0,0,12,"25,000",,,"231,977","44,600","659,376","26,368",11.40%,"78,814",12
29.28,29/1/2021,5,5:06,"45,100",6628,104,26,12/3/2022,665979,10800,14.7,-0.1,26.8,-0.01,38900,1,65,20,14,0,0,0,SE,38,US,8,GB,6,NL,4,NO,3,,0.50204918,3.183391219,14.70%,17138,3608,2706,0,1804,0,30,"50,000",,,"232,316","45,100","659,273","26,437",11.40%,"81,729",29
17.44,30/1/2021,6,3:26,"994,400",24300,192,256,12/3/2022,11709169,14400,11.8,-0.1,47.5,-0.01,959100,45,96,1,2,0,0,0,US,48,GB,9,PH,7,CA,5,SE,5,,0.676605505,4.0890532,2.44%,49720,477312,89496,0,0,0,20,"1,500,000",,,"250,940","45,800","667,231","26,808",10.70%,"218,186",17
14.7,31/1/2021,7,5:12,"46,300",6528,62,19,12/3/2022,545938,0,11.8,0,43.7,0,42700,0,54,14,32,0,0,0,SE,26,US,12,PH,5,GB,5,NL,3,,0.802721088,3.813742434,14.10%,12038,5556,2315,0,1389,0,15,"50,000",,,"233,352","45,800","660,403","25,815",11.10%,"220,271",15
8.4,1/2/2021,1,2:06,"20,300",2610,57,14,12/3/2022,139654,0,6.9,-0.1,34.6,-0.01,17500,1,22,31,34,12,0,0,SE,24,US,12,GB,7,NO,4,PH,3,,0.821428571,3.343471861,12.86%,4872,2436,1421,0,0,0,9,"25,000",,,"232,912","45,800","660,540","25,795",11.10%,"217,971",8
10.31,2/2/2021,2,6:36,"48,000",8430,83,47,12/3/2022,387774,366,8,-0.1,38.3,-0.01,43800,1,61,13,25,0,0,0,SE,17,PH,15,TH,11,US,9,GB,4,,0.775945684,3.496485294,17.56%,8160,4320,1920,0,0,0,12,"50,000",,,"233,434","46,300","660,380","25,932",11.10%,"176,614",10
12.58,3/2/2021,3,5:05,"26,200",4133,61,33,12/3/2022,233579,32400,8.9,-0.1,34.1,-0.01,23200,2,35,26,38,0,0,0,SE,26,TH,13,US,12,GB,5,NO,3,,0.707472178,3.405330585,15.77%,6812,3144,1310,0,0,0,15,"50,000",,,"233,246","46,300","660,439","25,939",11.10%,"171,043",13
20.87,4/2/2021,4,4:52,"26,900",4276,61,23,12/3/2022,332131,39661,12.3,-0.1,27.8,-0.01,24500,1,39,21,38,0,0,0,SE,31,US,17,NO,5,GB,5,FI,5,,0.589362722,3.218980726,15.90%,8339,4573,1345,0,0,0,30,"50,000",,,"233,085","46,300","660,489","25,961",11.10%,"172,457",21
10.33,5/2/2021,5,2:51,"13,700",1509,48,0,12/3/2022,96560,3600,7,-0.1,36.5,-0.01,12400,1,25,36,37,0,0,0,SE,23,US,16,GB,6,NO,4,FI,3,,0.677637948,3.315971931,11.01%,3151,2192,822,0,0,0,12,"25,000",,,"232,850","46,300","660,567","25,934",11.10%,"167,971",10
20.87,5/2/2021,5,5:02,"16,400",2244,51,13,12/3/2022,168967,3600,10.3,-0.1,24.5,-0.01,14700,1,35,36,28,0,0,0,SE,27,US,16,GB,5,NO,4,FI,3,,0.493531385,3.087413544,13.68%,4428,2624,820,0,0,0,30,"25,000",,,"232,722","46,300","660,609","25,944",11.10%,"28,257",21
12.16,6/2/2021,6,3:13,"394,100",17800,94,269,12/3/2022,4149489,68949,10.5,-0.1,47,-0.01,367800,5,94,2,3,1,0,0,SE,28,MY,21,ID,16,PH,7,TH,4,,0.863486842,3.947217631,4.52%,110348,0,0,0,0,0,15,"600,000",,,"240,008","48,000","660,293","26,261",10.90%,"77,943",12
13.09,7/2/2021,7,4:20,"47,400",7044,118,64,12/3/2022,459408,3600,9.7,-0.1,31.1,-0.01,42000,1,67,13,19,0,0,0,TH,23,PH,15,SE,13,US,7,MY,6,,0.741023682,3.34915396,14.86%,6162,3318,0,0,0,0,15,"50,000",,,"240,177","48,000","660,241","26,302",11.00%,"81,814",13
9.31,8/2/2021,1,4:19,"20,200",2274,42,6,12/3/2022,179360,36000,8.9,0.1,49.5,0.01,18200,1,38,24,36,0,0,0,SE,24,US,16,GB,7,NO,4,NL,3,,0.955961332,3.97383777,11.26%,4848,3232,1414,0,606,0,10,"25,000",,,"239,783","48,000","660,369","26,248",10.90%,"77,843",9
9.24,9/2/2021,2,23:54,"12,500",1396,31,24,12/3/2022,90884,21600,7.3,-0.1,38.6,-0.01,11100,1,0,35,63,0,0,0,US,22,SE,20,GB,8,CA,3,NL,3,,0.79004329,3.589542182,11.17%,2500,2750,1000,0,375,0,10,"25,000",,,"228,610","47,400","659,277","24,397",10.70%,"75,886",9
15.37,9/2/2021,2,3:36,"385,800",14400,154,81,12/3/2022,4730427,3600,12.2,-0.1,53.1,-0.01,363500,1,96,1,3,0,0,0,GB,24,SE,21,DE,7,NL,5,MY,4,,0.793754066,4.47585838,3.73%,81018,0,92592,27006,19290,0,20,"600,000",,,"234,179","47,400","659,384","24,415",10.40%,"127,157",15
10.61,11/2/2021,4,4:29,"17,800",2458,34,3,12/3/2022,137386,3600,7.7,-0.1,37.8,-0.01,16000,1,32,25,42,0,0,0,SE,28,US,16,GB,6,NO,4,PH,3,,0.725730443,3.386566961,13.81%,4984,2848,1068,0,0,0,12,"25,000",,,"234,071","47,400","659,420","24,422",10.40%,"127,743",11
13.51,12/2/2021,5,3:29,"82,600",11600,252,19,12/3/2022,1009207,3600,12.2,-0.1,59.4,-0.01,75300,1,86,6,6,2,0,0,SE,65,GB,5,US,5,NO,5,DK,3,,0.903034789,4.994001577,14.04%,53690,4130,4130,0,0,0,15,"100,000",,,"234,010","47,400","659,434","24,544",10.50%,"137,200",14
12.21,13/2/2021,6,4:56,"20,800",3324,42,37,12/3/2022,186002,3600,8.9,-0.1,36.6,-0.01,18500,1,40,26,33,0,0,0,SE,18,US,14,TH,6,PH,6,GB,5,,0.728910729,3.540263639,15.98%,3744,2912,1040,0,0,0,15,"25,000",,,"226,528","46,300","659,650","22,966",10.10%,"83,871",12
17.83,14/2/2021,7,4:07,"32,800",4022,46,27,12/3/2022,481039,3600,14.7,-0.1,45.9,-0.01,29900,1,49,15,35,0,0,0,SE,28,US,19,GB,6,NL,4,NO,3,,0.824453169,4.11547945,12.26%,9184,6232,1968,0,1312,0,20,"50,000",,,"226,316","46,300","659,712","22,978",10.20%,"81,786",18
12.58,15/2/2021,1,4:02,"9,954",1101,27,9,12/3/2022,61423,25200,6.2,-0.1,16.3,-0.02,8919,2,17,50,32,0,0,0,SE,24,US,18,GB,6,TH,4,CA,4,,0.492845787,2.951723875,11.06%,2388.96,1791.72,597.24,0,0,0,15,"25,000",,,"222,941","45,800","660,383","22,703",10.20%,"80,322",13
8.5,16/2/2021,2,4:17,"11,600",1013,40,5,12/3/2022,57550,0,5,-0.1,23,-0.01,10600,1,12,42,44,0,0,0,SE,28,US,19,GB,6,PH,4,TH,4,,0.588235294,3.012583304,8.73%,3248,2204,696,0,0,0,9,"25,000",,,"222,215","45,100","660,598","22,666",10.20%,"80,193",9
14.21,17/2/2021,3,3:53,"11,400",1256,58,8,12/3/2022,79640,57966,7,0.1,16.8,0.03,10100,2,17,53,28,0,0,0,SE,24,US,18,GB,6,TH,5,PH,4,,0.492610837,2.961905201,11.02%,2736,2052,684,0,0,0,15,"25,000",,,"221,251","43,500","660,875","22,605",10.20%,"26,708",14
11.56,18/2/2021,4,4:20,"400,300",34000,1442,223,12/3/2022,3809310,36000,9.5,-0.1,35.2,-0.01,360900,2,93,3,3,1,0,0,SE,54,US,23,CA,5,DE,2,GB,2,,0.821799308,3.409556415,8.49%,216162,92069,8006,8006,0,0,12,"600,000",,,"223,770","43,500","661,316","22,248",9.90%,"81,351",12
30.67,19/2/2021,5,5:13,"14,200",1965,64,29,12/3/2022,145861,failed,10.3,-0.1,11.4,-0.01,12500,1,23,44,27,3,0,0,SE,24,US,15,GB,5,TH,4,PH,3,,0.335833062,2.963281829,13.84%,3408,2130,710,0,0,0,60,"25,000",,,"223,478","43,500","661,407","22,238",10.00%,"71,579",31
15.3,20/2/2021,6,5:17,"73,800",9562,75,40,12/3/2022,940009,7200,12.7,-0.1,45.1,-0.01,68700,3,66,9,24,0,0,0,US,13,KR,11,JP,10,SE,7,TW,6,,0.83006536,3.93735159,12.96%,5166,9594,0,0,0,0,20,"100,000",,,"221,908","43,500","661,671","22,239",10.00%,"79,151",15
9.54,21/2/2021,7,4:45,"15,900",2380,45,12,12/3/2022,117616,111661,7.4,0.1,35.9,0.01,14200,2,28,33,38,0,0,0,SE,21,US,17,GB,7,PH,5,TH,4,,0.775681342,3.390162108,14.97%,3339,2703,1113,0,0,0,10,"25,000",,,"215,915","39,200","662,134","21,082",9.80%,"76,736",10
12.77,22/2/2021,1,4:34,"14,600",1937,31,34,12/3/2022,105899,3600,7.2,-0.1,25.5,-0.01,12900,1,24,54,21,0,0,0,SE,23,US,11,TH,10,PH,7,GB,4,,0.563821457,3.238059955,13.27%,3358,1606,584,0,0,0,15,"25,000",,,"215,239","39,200","662,326","21,019",9.80%,"77,400",13
14.84,23/2/2021,2,4:56,"40,800",6435,63,10,12/3/2022,490077,7200,12,-0.1,56.4,-0.01,37600,1,63,16,20,0,0,0,SE,23,PH,14,US,9,MY,7,ID,6,,0.808625337,4.759476615,15.77%,9384,3672,0,0,0,0,15,"50,000",,,"215,308","39,200","662,307","21,060",9.80%,"81,571",15
14.97,24/2/2021,3,3:39,"23,500",3312,35,32,12/3/2022,217026,3600,9.2,-0.1,32.9,-0.01,21300,1,33,28,38,0,0,0,SE,32,US,13,TH,6,GB,6,PH,5,,0.614562458,3.364194237,14.09%,7520,3055,1410,0,0,0,15,"25,000",,,"215,190","39,200","662,341","21,081",9.80%,"83,300",15
14.77,27/2/2021,6,4:35,"407,100",27500,124,58,12/3/2022,4797512,7200,11.8,-0.1,55.3,-0.01,384400,2,95,2,4,0,0,0,US,30,SE,26,PH,10,MY,6,CA,4,,0.798916723,4.626259279,6.76%,105846,122130,0,0,0,0,15,"600,000",,,"203,564","39,200","653,434","20,920",10.30%,"84,271",15
11.98,2/3/2021,2,1:37,"118,100",8439,102,16,12/3/2022,1091711,3600,9.2,-0.1,40.9,-0.01,109300,1,80,5,14,0,0,0,SE,52,GB,8,US,8,DE,4,NL,3,,0.767946578,3.545541063,7.15%,61412,9448,9448,4724,3543,0,12,"200,000",,,"205,192","40,800","653,110","21,048",10.30%,"99,114",12
8.17,7/3/2021,7,3:27,"45,000",4299,163,8,12/3/2022,348659,3600,7.7,-0.1,48.4,-0.01,41100,1,54,13,33,0,0,0,SE,41,US,11,GB,4,NL,3,NO,3,,0.94247246,3.86032312,9.55%,18450,4950,1800,0,1350,0,9,"50,000",,,"201,417","40,800","653,475","20,902",10.40%,"95,000",8
20.04,11/3/2021,4,2:39,"25,300",3957,143,58,12/3/2022,212690,366,8.4,-0.1,12.1,-0.01,22700,1,49,28,22,0,0,0,TH,34,SE,15,US,7,PH,6,GB,3,,0.419161677,3.057227013,15.64%,3795,1771,759,0,0,0,30,"50,000",,,"201,015","39,200","653,579","20,892",10.40%,"96,343",20
13.54,12/3/2021,5,2:56,"101,900",10700,40,15,12/3/2022,1009127,3600,9.9,-0.1,40.3,-0.01,90600,1,72,7,17,3,0,0,SE,24,PH,8,US,7,ID,5,NL,3,,0.731166913,3.542452037,10.50%,24456,7133,0,0,3057,0,15,"200,000",,,"202,276","40,800","653,320","21,033",10.40%,"108,814",14
13.54,16/3/2021,2,2:06,"29,600",3932,51,7,12/3/2022,266456,7200,9,-0.1,36,-0.01,26600,1,51,24,24,0,0,0,SE,33,US,10,ID,8,PH,4,GB,3,,0.664697194,3.360132596,13.28%,9768,2960,888,0,0,0,15,"50,000",,,"202,088","40,800","653,369","21,050",10.40%,"107,214",14
13.54,19/3/2021,5,12:02,"27,200",3692,42,10,12/3/2022,264214,10800,9.7,-0.1,41.7,-0.01,24600,1,40,28,31,1,0,0,SE,23,US,12,PH,5,GB,4,TH,3,,0.716395864,3.636569619,13.57%,6256,3264,1088,0,0,0,15,"50,000",,,"201,343","39,200","653,550","20,983",10.40%,"107,743",14
8.31,26/3/2021,5,3:13,"109,800",15200,107,231,12/3/2022,891680,7200,8.1,-0.1,48.7,-0.01,101300,1,81,7,11,0,0,0,SE,33,US,14,GB,11,DE,3,NL,3,,0.974729242,4.058390202,13.84%,36234,15372,12078,3294,3294,0,9,"200,000",,,"202,825","40,800","653,249","21,229",10.50%,"65,271",8
8.26,27/3/2021,6,3:15,"369,600",34600,124,196,12/3/2022,2886835,43322,7.8,-0.1,49.6,-0.01,342700,3,89,3,3,4,0,0,SE,42,US,12,DE,5,GB,5,CA,3,,0.944309927,3.930507011,9.36%,155232,44352,18480,18480,0,0,9,"600,000",,,"187,342","40,800","639,337","18,031",9.60%,"101,200",8
13.07,6/4/2021,2,3:25,"19,900",2673,31,6,12/3/2022,183052,32400,9.2,-0.1,39.1,-0.01,18300,1,26,29,43,0,0,0,SE,28,US,15,GB,6,PH,5,TH,4,,0.703902066,3.493838887,13.43%,5572,2985,1194,0,0,0,15,"25,000",,,"186,676","39,200","639,496","17,981",9.60%,"97,614",13
11.65,10/4/2021,6,2:10,"28,500",3993,26,13,12/3/2022,256184,90305,9,-0.1,53.4,0.01,26400,5,48,21,30,0,0,0,SE,40,US,12,GB,5,PH,4,NL,2,,0.772532189,4.296989726,14.01%,11400,3420,1425,0,570,0,12,"50,000",,,"186,381","36,400","639,567","17,990",9.70%,"98,071",12
10.14,11/4/2021,7,3:49,"14,900",1760,32,9,12/3/2022,94728,10800,6.4,-0.1,27.8,-0.02,13200,1,12,54,33,0,0,0,SE,28,US,14,TH,6,GB,6,PH,5,,0.631163708,3.120033415,11.81%,4172,2086,894,0,0,0,12,"25,000",,,"184,811","32,800","639,894","17,821",9.60%,"85,643",10
22.01,11/4/2021,7,2:37,"23,900",3323,65,32,12/3/2022,291068,7200,12.2,-0.1,30.3,-0.01,21700,1,38,29,32,0,0,0,SE,35,US,11,GB,6,TH,4,PH,4,,0.554293503,3.345374236,13.90%,8365,2629,1434,0,0,0,30,"25,000",,,"183,427","31,700","640,170","17,773",9.70%,"84,829",22
8.84,12/4/2021,1,3:06,"425,200",68100,288,1379,12/3/2022,4388182,144000,10.3,-0.1,50.3,-0.01,374100,9,87,6,2,2,0,0,ID,16,SE,11,US,8,PH,5,TH,4,,1.165158371,4.336358568,16.02%,46772,34016,0,0,0,0,9,"600,000",,,"190,497","31,700","640,822","18,987",10.00%,"141,686",9
17.25,14/4/2021,3,1:24,"17,200",2171,31,3,12/3/2022,204725,10800,11.9,-0.1,43.8,-0.01,15500,1,15,51,34,0,0,0,SE,29,US,12,PH,6,GB,5,TH,5,,0.689855073,3.842026928,12.62%,4988,2064,860,0,0,0,20,"25,000",,,"102,599","29,600","178,708","8,622",8.40%,"128,457",17
12.14,15/4/2021,4,3:33,"40,100",6057,33,18,12/3/2022,395096,36000,9.8,0.1,53.5,-0.01,36800,1,46,23,29,0,0,0,SE,41,US,11,PH,5,MY,4,GB,4,,0.807248764,4.345685638,15.10%,16441,4411,1604,0,0,0,15,"50,000",,,"102,399","29,600","178,774","8,621",8.40%,"81,386",12
11.93,16/4/2021,5,2:23,"19,700",2335,21,7,12/3/2022,194212,10800,9.8,-0.1,50.4,-0.02,18300,3,52,14,34,0,0,0,SE,27,US,12,FI,7,PH,6,MY,6,,0.821458508,4.110794252,11.85%,5319,2364,0,0,0,0,12,"25,000",,,"102,301","29,600","178,819","8,616",8.40%,"81,357",12
9.08,17/4/2021,6,1:57,"25,300",2421,42,16,12/3/2022,191708,93966,7.6,0.1,45.2,-0.01,23400,3,30,45,24,0,0,0,SE,29,US,9,TH,8,PH,7,GB,4,,0.837004405,3.731716328,9.57%,7337,2277,1012,0,0,0,10,"50,000",,,"102,029","28,500","178,927","8,589",8.40%,"80,900",9
10.54,18/4/2021,7,12:29,"659,400",82100,245,150,12/3/2022,9285627,3966,14,-0.1,68.9,-0.01,609100,4,97,2,1,0,0,0,SE,20,US,20,PH,6,GB,6,DE,6,,1.328273245,5.800159754,12.45%,131880,131880,39564,39564,0,0,12,"1,500,000",,,"114,336","28,500","194,871","10,131",8.90%,"172,971",11
14.12,19/4/2021,1,12:57,"159,400",23000,337,124,12/3/2022,1942095,122644,12,-0.1,44.1,-0.01,146000,4,86,8,6,0,0,0,PH,43,SE,17,TH,12,ID,5,MY,3,,0.849858357,3.877994216,14.43%,27098,0,0,0,0,0,15,"200,000",,,"116,748","28,500","194,648","10,494",9.00%,"192,329",14
11.05,20/4/2021,2,1:33,"21,500",2142,21,7,12/3/2022,177140,93966,8.2,-0.1,35.5,0.01,19500,4,11,54,34,0,0,0,SE,30,US,16,GB,6,PH,5,TH,3,,0.742081448,3.330859564,9.96%,6450,3440,1290,0,0,0,12,"25,000",,,"110,552","27,200","192,498","9,975",9.00%,"134,657",11
16.31,20/4/2021,2,3:26,"164,417",2291,58,10,12/3/2022,156588,0,10.6,0,30.8,0,13100,0,37,28,34,0,0,0,SE,38,US,11,PH,8,GB,4,TH,3,Privated,0.649908032,3.190569629,1.39%,62478.612,18085.914,6576.696,0,0,0,20,"200,000",,,"112,497","27,200","192,532","9,890",8.80%,"155,688",16
6.85,2/5/2021,7,2:40,"24,400",2788,25,12,12/3/2022,155969,129966,6.4,0.1,57.2,0.01,22100,4,26,36,37,0,0,0,SE,26,US,17,GB,6,PH,4,NL,3,,0.934306569,4.300496065,11.43%,6344,4148,1464,0,732,0,8,"25,000",,,"112,643","27,200","192,462","9,910",8.80%,"153,445",7
8.26,18/5/2021,2,1:43,"26,000",4069,25,59,12/3/2022,194692,3966,7.5,0.1,41.5,0.02,23000,3,29,32,35,0,0,0,SE,26,US,13,GB,6,ID,4,PH,3,,0.907990315,3.72976282,15.65%,6760,3380,1560,0,0,0,9,"50,000",,,"112,268","26,900","192,614","9,860",8.80%,"154,345",8
23.03,19/5/2021,3,1:21,"533,300",39600,101,83,12/3/2022,9160281,5796,17.1,-0.1,47.1,-0.01,489800,6,94,2,2,2,0,0,SE,59,PH,7,US,5,GB,5,ID,4,,0.74250977,4.309941731,7.43%,314647,26665,26665,0,0,0,30,"600,000",,,"103,227","26,900","158,111","10,160",9.80%,"226,917",23
21.45,20/5/2021,4,12:41,"503,000",81400,578,361,12/3/2022,9221149,12264,18.3,-0.1,39.9,-0.01,452900,20,93,2,3,1,0,0,SE,23,US,21,GB,7,PH,4,CA,4,,0.853146853,3.835086424,16.18%,115690,105630,35210,0,0,0,30,"600,000",,,"112,182","26,900","167,478","11,628",10.40%,"204,574",21
11.24,21/5/2021,5,2:52,"34,100",4421,47,27,12/3/2022,378136,154983,11.1,-0.1,59.5,-0.01,31700,3,40,20,27,0,0,0,SE,26,US,24,GB,6,CA,3,NL,3,,0.987544484,4.878842969,12.96%,8866,8184,2046,0,1023,0,12,"50,000",,,"112,452","27,200","167,338","11,663",10.40%,"186,674",11
8.45,22/5/2021,6,1:12,"14,700",1871,19,15,12/3/2022,88221,68949,6,0.1,33.2,0.02,13300,3,19,42,37,1,0,0,SE,33,US,11,GB,5,TH,3,NL,3,,0.710059172,3.284049067,12.73%,4851,1617,735,0,441,0,9,"25,000",,,"111,799","26,900","167,659","11,535",10.30%,"185,702",8
9.68,23/5/2021,7,1:18,"54,800",8353,74,38,12/3/2022,460753,3600,8.4,0.1,35.5,0.01,49800,5,49,12,39,0,0,0,SE,37,US,12,GB,6,TH,3,NL,3,,0.867768595,3.392782396,15.24%,20276,6576,3288,0,1644,0,10,"100,000",,,"112,360","27,200","167,414","11,618",10.30%,"170,043",10
9.31,24/5/2021,1,1:34,"14,600",1545,27,6,12/3/2022,93373,104949,6.4,0.1,31,0.01,13300,3,13,44,42,0,0,0,SE,30,US,13,GB,6,TH,4,NL,3,,0.687432868,3.179338342,10.58%,4380,1898,876,0,438,0,10,"25,000",,,"112,119","27,200","167,549","11,564",10.30%,"168,643",9
9.94,25/5/2021,2,23:48,"13,000",1517,17,20,12/3/2022,81299,46983,6.3,-0.1,27.4,0.01,11700,3,11,60,27,0,0,0,SE,32,US,9,GB,6,TH,5,PH,3,,0.633802817,3.197263152,11.67%,4160,1170,780,0,0,0,10,"25,000",,,"112,105","27,200","167,557","11,564",10.30%,"166,786",10
37.27,25/5/2021,2,1:34,"27,500",5183,114,10,12/3/2022,577449,3966,21,0.1,29.3,0.01,24700,3,37,27,35,0,0,0,SE,31,US,9,GB,6,NL,4,PH,4,,0.563455863,3.386168875,18.85%,8525,2475,1650,0,1100,0,60,"50,000",,,"112,323","27,500","167,437","11,622",10.30%,"94,529",37
21.06,27/5/2021,4,2:30,"26,100",3279,42,18,12/3/2022,344534,169627,13.1,0.1,32.9,0.01,23900,3,22,33,44,0,0,0,SE,30,US,14,GB,6,NL,4,PH,3,,0.622032289,3.388391269,12.56%,7830,3654,1566,0,1044,0,30,"50,000",,,"105,107","27,200","162,920","11,337",10.80%,"26,400",21
20.73,28/5/2021,5,3:35,"319,600",44000,115,92,12/3/2022,5164586,9396,16.1,0.1,48.7,-0.01,302000,8,92,3,4,0,0,0,SE,30,GB,17,US,11,AU,5,CA,4,,0.776652195,4.377247761,13.77%,95880,35156,54332,0,0,0,30,"600,000",,,"110,445","27,200","165,431","12,062",10.90%,"67,186",21
16.18,29/5/2021,6,5:59,"47,500",7678,113,35,12/3/2022,564978,194644,11.9,-0.1,33.6,0.01,42700,5,44,23,31,0,0,0,SE,39,US,8,GB,5,NL,4,NO,4,,0.735475896,3.403938926,16.16%,18525,3800,2375,0,1900,0,20,"50,000",,,"110,980","27,500","165,177","12,168",11.00%,"71,871",16
26.75,30/5/2021,7,5:43,"212,500",21000,123,22,12/3/2022,4132577,5430,19.4,0.1,44.2,0.01,196700,4,86,6,8,0,0,0,SE,29,US,12,GB,12,NL,5,CA,4,,0.725233645,4.190652495,9.88%,61625,25500,25500,0,10625,0,30,"600,000",,,"114,901","28,500","165,166","12,552",10.90%,"94,400",27
22.03,31/5/2021,1,2:27,"301,400",36600,418,86,12/3/2022,4643977,5430,15.4,-0.1,27.2,-0.01,278500,15,89,4,6,0,0,0,SE,44,GB,9,DE,5,US,5,NL,3,,0.699046754,3.194715126,12.14%,132616,15070,27126,15070,9042,0,30,"600,000",,,"113,246","28,500","162,804","12,987",11.50%,"135,371",22
8.73,1/6/2021,2,5:35,"65,200",12300,408,121,12/3/2022,500531,187322,7.7,0.1,38.6,0.01,58500,4,69,19,11,0,0,0,TH,48,SE,16,PH,5,US,3,GB,2,,0.882016037,3.641614754,18.87%,10432,1956,1304,0,0,0,9,"100,000",,,"114,176","29,600","162,383","13,180",11.50%,"142,829",9
12.14,3/6/2021,4,1:19,"381,800",46000,186,62,12/3/2022,4027215,93966,10.5,0.1,52.8,0.01,348700,2,89,4,7,0,0,0,SE,49,FI,9,NL,5,NO,4,CZ,3,,0.86490939,4.281470854,12.05%,187082,0,0,0,19090,0,15,"600,000",,,"120,043","29,600","166,570","13,855",11.50%,"193,443",12
8.8,6/6/2021,7,5:51,"19,000",1963,38,5,12/3/2022,120146,25200,6.3,-0.1,35.6,-0.01,17100,2,17,48,31,2,0,0,SE,37,US,7,GB,5,NL,4,TH,4,,0.715909091,3.2869995,10.33%,7030,1330,950,0,760,0,9,"25,000",,,"120,007","29,600","166,592","13,828",11.50%,"192,429",9
16.72,16/6/2021,3,4:59,"33,700",4718,38,3,12/3/2022,421858,93966,12.5,-0.1,43.9,-0.01,31000,5,48,25,25,0,0,0,SE,32,US,9,GB,7,NL,5,NO,3,,0.747607656,3.838424976,14.00%,10784,3033,2359,0,1685,0,20,"50,000",,,"120,025","29,600","166,582","13,842",11.50%,"151,586",17
5.5,17/6/2021,4,3:46,"19,000",1752,18,6,12/3/2022,95381,14400,5,-0.1,42.7,-0.01,17600,2,10,50,40,0,0,0,SE,35,US,10,GB,6,NL,4,NO,3,,0.909090909,3.495293201,9.22%,6650,1900,1140,0,760,0,8,"25,000",,,"120,202","29,600","166,467","13,855",11.50%,"147,514",6
10.28,22/6/2021,2,3:11,"153,400",15500,68,63,12/3/2022,1592625,129966,10.4,-0.1,54,0.01,137600,3,82,7,10,0,0,0,SE,41,ID,23,MY,6,PH,4,US,3,,1.011673152,4.326333609,10.10%,62894,4602,0,0,0,0,12,"200,000",,,"122,983","33,700","165,800","14,139",11.50%,"139,071",10
17.18,24/6/2021,4,1:42,"15,900",1253,12,4,12/3/2022,126890,140949,7.9,-0.1,21.4,-0.01,14500,7,13,62,24,0,0,0,SE,33,US,7,GB,5,NL,5,NO,3,,0.45983702,2.915012048,7.88%,5247,1113,795,0,795,0,20,"25,000",,,"123,071","33,700","165,741","14,139",11.50%,"98,286",17
11.1,27/6/2021,7,8:30,"832,700",68000,370,1290,12/3/2022,9038725,72000,10.8,-0.1,62.9,-0.01,777800,2,95,2,2,0,0,0,MY,16,SE,15,PH,14,US,12,GB,7,,0.972972973,5.251515788,8.17%,124905,99924,58289,0,0,0,12,"1,500,000",,,"131,549","33,700","189,555","14,805",11.30%,"207,929",11
9.56,28/6/2021,1,6:29,"19,900",1682,14,5,12/3/2022,141786,61627,7.1,0.1,36,0.01,18200,2,14,54,31,0,0,0,SE,35,US,9,GB,5,NL,5,NO,3,,0.742677824,3.309263929,8.45%,6965,1791,995,0,995,0,10,"25,000",,,"131,661","33,700","189,486","14,800",11.20%,"156,229",10
8.31,29/6/2021,2,6:52,"146,500",12100,51,13,12/3/2022,1141981,118983,7.8,-0.1,55.5,0.01,136100,5,86,7,6,1,0,0,SE,41,US,6,NL,4,GB,4,DE,4,,0.938628159,4.245480411,8.26%,60065,8790,5860,5860,5860,0,9,"200,000",,,"133,087","33,700","189,315","14,849",11.20%,"174,443",8
12.03,1/7/2021,4,6:36,"33,800",3369,18,4,12/3/2022,414616,10800,12.2,-0.1,56,-0.01,30600,2,20,32,38,0,0,0,SE,32,US,11,GB,6,NL,5,ID,5,,1.014131338,4.568900637,9.97%,10816,3718,2028,0,1690,0,15,"50,000",,,"133,438","33,800","189,110","14,869",11.10%,"174,457",12
20.01,2/7/2021,5,6:13,"725,900",90700,468,396,12/3/2022,10869927,48081,14.9,-0.1,46.2,-0.01,668500,62,92,5,2,1,0,0,SE,48,NL,10,NO,8,FI,5,PH,3,,0.744627686,4.157558345,12.49%,348432,0,0,0,72590,0,30,"1,500,000",,,"147,385","34,100","205,675","16,609",11.30%,"275,443",20
15,3/7/2021,6,4:57,"142,100",12600,81,9,12/3/2022,1688589,176949,11.8,0.1,50.2,0.01,131900,4,78,10,11,0,0,0,SE,39,US,10,NL,6,FI,5,DE,4,,0.786666667,4.205965436,8.87%,55419,14210,0,5684,8526,0,20,"200,000",,,"149,371","34,100","205,113","16,730",11.20%,"273,829",15
7.17,4/7/2021,7,7:49,"31,400",4021,28,6,12/3/2022,212083,54305,6.7,-0.1,46.1,-0.01,28700,7,32,36,30,0,0,0,SE,28,US,9,GB,6,NL,6,NO,3,,0.934449093,3.680627772,12.81%,8792,2826,1884,0,1884,0,8,"50,000",,,"149,526","34,100","205,019","16,744",11.20%,"276,043",7
8.38,5/7/2021,1,6:48,"1,100,000",35600,86,68,12/3/2022,10188550,93966,9.2,-0.1,73.1,-0.01,1000000,4,97,1,2,0,0,0,SE,36,GB,8,DE,5,NL,5,FI,3,,1.097852029,5.906924179,3.24%,396000,0,88000,55000,55000,0,9,"1,500,000",,,"163,112","34,100","242,045","16,903",10.40%,"314,229",8
8.61,8/7/2021,4,3:59,"21,200",1946,19,2,12/3/2022,147906,39661,7,-0.1,46.6,-0.01,19600,3,15,49,35,0,0,0,SE,33,US,8,GB,7,NL,4,TH,3,,0.81300813,3.710223703,9.18%,6996,1696,1484,0,848,0,9,"25,000",,,"161,212","33,800","242,784","16,776",10.40%,"314,414",9
26.24,12/7/2021,1,4:50,"38,500",4810,54,3,12/3/2022,587058,18000,15.2,-0.1,39,-0.01,35500,2,44,29,26,0,0,0,SE,41,US,8,GB,6,NL,4,FI,4,,0.579268293,3.722300831,12.49%,15785,3080,2310,0,1540,0,30,"50,000",,,"161,085","33,800","242,848","16,786",10.40%,"298,986",26
9.94,16/7/2021,5,5:34,"335,100",32600,173,45,12/3/2022,2955465,3966,8.8,-0.1,53.4,-0.01,311100,11,90,4,5,0,0,0,SE,35,GB,14,NL,7,DE,4,US,3,,0.885311871,4.196800432,9.73%,117285,10053,46914,13404,23457,0,10,"600,000",,,"167,159","34,100","243,258","17,347",10.40%,"342,029",10
10.03,18/7/2021,7,7:40,"85,800",12800,44,15,12/3/2022,808114,79322,9.4,-0.1,62.5,-0.01,79700,3,66,15,19,0,0,0,SE,43,GB,8,US,7,NL,6,NO,3,,0.937188435,4.959267124,14.92%,36894,6006,6864,0,5148,0,12,"100,000",,,"166,843","34,100","243,355","17,388",10.40%,"250,586",10
15.9,19/7/2021,1,5:08,"33,700",5207,44,50,12/3/2022,423882,133627,12.5,-0.1,48.9,-0.01,30400,3,30,44,24,0,0,0,SE,30,US,10,GB,6,ID,5,PH,4,,0.786163522,4.301505079,15.45%,10110,3370,2022,0,0,0,20,"50,000",,,"166,924","34,100","243,309","17,413",10.40%,"235,100",16
15.14,20/7/2021,2,5:56,"264,400",27600,91,48,12/3/2022,3261325,3600,12.3,-0.1,47.2,-0.01,247200,8,86,6,7,0,0,0,SE,37,PH,10,MY,5,GB,4,FI,4,,0.812417437,4.017345763,10.44%,97828,0,10576,0,0,0,20,"600,000",,,"171,575","38,500","242,852","17,882",10.40%,"268,386",15
20.59,22/7/2021,4,5:17,"35,700",5183,68,5,12/3/2022,544449,90305,15.2,-0.1,49.6,-0.01,32700,3,1,44,55,0,0,0,SE,26,US,17,GB,9,NL,4,CA,3,,0.738222438,4.436452976,14.52%,9282,6069,3213,0,1428,0,30,"50,000",,,"170,122","35,700","243,450","17,686",10.40%,"116,343",21
15.23,23/7/2021,5,6:14,"3,700,000",514400,3448,29900,12/3/2022,50450488,74928,13.4,-0.1,59.9,-0.01,3400000,105,94,2,0,0,0,1,GB,11,US,10,SE,8,DE,8,NL,7,,0.879842416,5.948258847,13.90%,296000,370000,407000,296000,259000,0,20,"5,000,000",,,"235,424","35,700","550,748","27,094",11.50%,"641,886",15
10.56,24/7/2021,6,8:00,"486,100",40600,156,45,12/3/2022,4659208,133627,9.6,-0.1,55.4,-0.01,451400,7,92,6,2,0,0,0,SE,30,GB,9,NL,6,US,5,DE,4,,0.909090909,4.382348105,8.35%,145830,24305,43749,19444,29166,0,12,"600,000",,,"244,565","38,500","550,968","27,837",11.40%,"705,829",11
11.1,25/7/2021,7,2:41,"39,900",4921,126,36,12/3/2022,258011,144000,6.4,0.1,22.2,0.02,36800,5,52,35,12,0,0,0,TH,35,SE,19,PH,9,US,5,GB,3,,0.576576577,3.05341866,12.33%,7581,1995,1197,0,0,0,12,"50,000",,,"244,789","39,900","550,881","27,855",11.40%,"663,657",11
8.45,26/7/2021,1,5:43,"282,600",23000,75,15,12/3/2022,2500423,101288,8.8,-0.1,68.5,-0.01,266300,5,90,5,5,0,0,0,SE,28,GB,10,NL,6,FI,5,NO,4,,1.041420118,5.392235251,8.14%,79128,0,28260,0,16956,0,9,"600,000",,,"250,038","40,100","549,921","28,272",11.30%,"691,771",8
11.91,27/7/2021,2,6:07,"1,600,000",111800,107,85,12/3/2022,17838571,187322,11.1,-0.1,68.8,-0.01,1500000,5,98,1,1,0,0,0,GB,42,SE,22,DE,10,NL,3,NO,3,,0.931989924,5.839015635,6.99%,352000,0,672000,160000,48000,0,12,"5,000,000",,,"280,942","47,500","580,400","30,399",10.80%,"915,529",12
9.45,28/7/2021,3,6:46,"22,000",2313,55,3,12/3/2022,181634,198305,8.2,0.1,48.7,0.01,20000,5,0,55,44,0,0,0,SE,32,US,10,GB,7,NL,4,DE,3,,0.867724868,3.894972853,10.51%,7040,2200,1540,660,880,0,10,"25,000",,,"273,036","40,100","581,141","29,109",10.70%,"880,900",9
9.4,29/7/2021,4,6:29,"89,300",7150,36,7,12/3/2022,828135,144000,9.3,-0.1,64,0.01,83900,5,62,13,25,0,0,0,SE,45,US,8,GB,5,NL,4,FI,3,,0.989361702,5.042900669,8.01%,40185,7144,4465,0,3572,0,10,"100,000",,,"274,449","47,500","580,594","29,207",10.60%,"888,557",9
15.23,31/7/2021,6,8:08,"1,200,000",95200,215,70,12/3/2022,16962392,27030,13.7,-0.1,63.2,-0.01,1200000,32,97,1,2,0,0,0,SE,18,US,15,DE,6,GB,5,NL,4,,0.899540381,5.523614928,7.93%,216000,180000,60000,72000,48000,0,20,"1,500,000",,,"297,192","54,800","593,798","30,955",10.40%,"531,414",15
9.54,1/8/2021,7,8:43,"159,000",23000,221,273,12/3/2022,1233227,187322,7.7,-0.1,26.4,0.01,136600,6,78,10,10,1,0,0,SE,37,GB,12,NL,7,DE,4,US,4,,0.807127883,3.265811738,14.47%,58830,6360,19080,6360,11130,0,10,"200,000",,,"299,924","65,200","592,816","31,360",10.50%,"484,686",10
15.28,3/8/2021,2,5:35,"196,500",28000,179,421,12/3/2022,2373382,6162,12,-0.1,49.6,0.01,179500,8,85,7,7,0,0,0,SE,25,GB,10,US,8,DE,6,NL,5,,0.785340314,4.385642202,14.25%,49125,15720,19650,11790,9825,0,20,"200,000",,,"303,281","85,800","591,713","31,861",10.50%,"507,057",15
12.14,8/8/2021,7,7:03,"103,700",14700,89,12,12/3/2022,1258320,201966,12.1,-0.1,53.7,-0.01,94100,6,72,11,16,1,0,0,SE,38,US,9,GB,9,NL,5,DE,4,,0.996705107,4.390552734,14.18%,39406,9333,9333,4148,5185,0,15,"200,000",,,"292,385","85,800","590,139","30,540",10.40%,"481,500",12
17.25,24/8/2021,2,5:59,"67,900",9410,89,8,12/3/2022,910326,46616,13.4,0.1,47.6,0.01,62300,53,66,17,16,0,0,0,SE,37,GB,29,US,5,NL,3,NO,2,,0.776811594,4.125638006,13.86%,25123,3395,19691,0,2037,0,20,"100,000",,,"290,591","67,900","590,690","30,273",10.40%,"262,629",17
11.38,31/8/2021,2,4:50,"22,100",2516,52,8,12/3/2022,165566,3600,7.5,-0.1,27.3,0.02,20200,10,26,40,32,0,0,0,SE,30,TH,11,US,7,GB,6,PH,5,,0.659050967,3.111216638,11.38%,6630,1547,1326,0,0,0,12,"25,000",,,"290,602","67,900","590,684","30,281",10.40%,"262,643",11
13.51,2/9/2021,4,5:03,"18,400",2245,21,16,12/3/2022,151027,3600,8.2,-0.1,28.7,0.01,16800,7,18,33,48,0,0,0,SE,31,US,11,GB,8,NL,4,NO,3,,0.606957809,3.174568394,12.20%,5704,2024,1472,0,736,0,15,"25,000",,,"287,739","65,200","591,661","30,280",10.50%,"252,514",14
11.28,10/9/2021,5,5:11,"839,800",48800,89,34,12/3/2022,9022265,3966,10.7,-0.1,61.7,-0.01,796300,8,96,1,2,0,0,0,SE,23,US,22,CA,8,PH,5,AU,5,,0.94858156,4.988655914,5.81%,193154,184756,0,0,0,0,12,"1,500,000",,,"303,727","67,900","595,408","31,182",10.30%,"201,057",11
18.57,11/9/2021,6,6:43,"136,500",16600,82,25,12/3/2022,1947460,10494,14.2,0.1,45.3,0.01,127600,8,76,8,15,0,0,0,ID,12,TH,12,PH,10,SE,9,US,7,,0.764674206,4.007244134,12.16%,12285,9555,0,0,0,0,20,"200,000",,,"305,894","85,800","594,578","31,428",10.30%,"197,843",19
12.74,13/9/2021,1,4:51,"168,900",25800,166,40,12/3/2022,2190063,6894,12.9,-0.1,49.5,0.01,150300,8,85,6,8,0,0,0,SE,18,PH,14,ID,10,US,8,GB,5,,1.01255887,4.140487452,15.28%,30402,13512,8445,0,0,0,15,"200,000",,,"298,749","85,800","593,980","31,157",10.40%,"193,900",13
9.77,13/9/2021,1,6:34,"394,700",56000,740,722,12/3/2022,4100538,9030,10.3,-0.1,54.6,-0.01,357400,21,91,3,3,0,0,0,GB,21,SE,17,NL,11,DE,7,US,4,,1.054247697,4.504758045,14.19%,67099,15788,82887,27629,43417,0,10,"600,000",,,"296,625","85,800","593,428","30,659",10.30%,"235,471",10
9.52,21/9/2021,2,4:21,"62,600",8081,50,13,12/3/2022,620764,3600,9.9,-0.1,56.7,-0.01,57200,8,63,9,27,0,0,0,SE,21,US,10,GB,6,NL,5,FI,4,,1.039915966,4.463794501,12.91%,13146,6260,3756,0,3130,0,10,"100,000",,,"297,184","85,800","593,189","30,731",10.30%,"234,714",10
11.38,24/9/2021,5,6:09,"21,900",2269,14,2,12/3/2022,180300,3600,8.2,-0.1,31.6,-0.03,20200,11,37,27,36,0,0,0,SE,31,US,8,GB,7,NL,6,NO,4,,0.72056239,3.188655764,10.36%,6789,1752,1533,0,1314,0,12,"25,000",,,"297,325","85,800","593,122","30,739",10.30%,"234,686",11
12.28,26/9/2021,7,6:41,"79,100",13800,96,50,12/3/2022,774397,5796,9.8,-0.1,34.4,-0.01,73600,13,74,8,15,0,0,0,SE,30,GB,13,US,10,NL,5,CA,4,,0.798045603,3.37121444,17.45%,23730,7910,10283,0,3955,0,15,"100,000",,,"297,802","85,800","592,933","30,845",10.40%,"243,357",12
12.05,27/9/2021,1,5:23,"59,500",7732,103,13,12/3/2022,656644,3600,11,-0.1,48.1,-0.01,54100,6,65,11,23,0,0,0,SE,25,US,16,GB,8,CA,5,NL,5,,0.912863071,3.993463681,12.99%,14875,9520,4760,0,2975,0,15,"100,000",,,"298,682","85,800","592,537","30,967",10.40%,"131,886",12
13.14,29/9/2021,3,20:56,"42,500",8261,45,18,12/3/2022,446254,212949,10.5,-0.1,44.3,-0.01,38400,8,26,17,57,0,0,0,SE,24,US,13,GB,10,NL,6,NO,4,,0.799086758,3.791105371,19.44%,10200,5525,4250,0,2550,0,15,"50,000",,,"299,261","85,800","592,267","31,099",10.40%,"118,457",13
13.35,5/10/2021,2,5:01,"1,500,000",39800,327,274,12/3/2022,17236897,209288,11.3,-0.1,57.6,-0.01,1400000,9,98,1,1,0,0,0,GB,16,US,13,SE,8,DE,7,NL,5,,0.846441948,4.755748959,2.65%,120000,195000,240000,105000,75000,0,15,"5,000,000",,,"328,133","89,300","614,238","31,778",9.70%,"308,614",13
15.58,11/10/2021,1,5:19,"25,400",3692,99,11,12/3/2022,262044,3600,10.3,-0.1,32.8,-0.01,22800,8,40,32,27,0,0,0,SE,30,GB,8,US,7,NL,4,PH,4,,0.66110398,3.321726382,14.54%,7620,1778,2032,0,1016,0,20,"50,000",,,"328,120","89,300","614,245","31,786",9.70%,"255,857",16
9.31,12/10/2021,2,5:20,"31,800",3908,22,5,12/3/2022,237998,198305,7.5,0.1,38.1,0.01,28600,7,42,27,30,0,0,0,SE,33,GB,8,US,8,NL,6,NO,3,,0.805585392,3.385667888,12.29%,10494,2544,2544,0,1908,0,10,"50,000",,,"322,476","85,800","615,645","31,000",9.60%,"251,457",9
16.11,13/10/2021,3,5:17,"50,900",5501,41,6,12/3/2022,699271,9762,13.7,0.1,45.1,0.01,46100,9,58,18,24,0,0,0,SE,28,ID,8,US,7,GB,6,PH,5,,0.850403476,3.929689616,10.81%,14252,3563,3054,0,0,0,20,"100,000",,,"322,543","85,800","615,615","30,957",9.60%,"255,600",16
6.94,14/10/2021,4,2:30,"536,000",27800,111,111,12/3/2022,3874591,4698,7.2,-0.1,55.1,-0.01,506400,12,95,2,2,0,0,0,SE,16,DE,6,FR,5,GB,5,VN,4,,1.037463977,4.167351349,5.19%,85760,0,26800,32160,0,0,8,"600,000",,,"328,886","85,800","616,125","31,090",9.50%,"320,871",7
8.5,15/10/2021,5,6:52,"26,300",3695,24,7,12/3/2022,197865,6528,7.5,0.1,52,0.02,23900,10,0,40,59,0,0,0,SE,19,US,13,GB,11,NL,6,DE,3,,0.882352941,4.038925712,14.05%,4997,3419,2893,789,1578,0,9,"50,000",,,"323,492","79,100","617,573","30,445",9.40%,"316,129",9
7.85,16/10/2021,6,7:57,"96,500",7766,13,8,12/3/2022,738727,5796,7.6,0.1,59,0.01,89700,10,73,14,13,0,0,0,SE,19,GB,16,NL,12,US,6,BE,4,,0.968152866,4.466349476,8.05%,18335,5790,15440,0,11580,0,8,"100,000",,,"324,106","85,800","617,326","30,356",9.40%,"323,843",8
10.68,20/10/2021,3,3:34,"2,300,000",289500,1166,10900,12/3/2022,21872009,54671,9.3,-0.1,57.4,-0.01,2100000,124,91,2,0,4,0,0,GB,14,SE,7,US,6,DE,6,IT,6,,0.870786517,5.002155126,12.59%,161000,138000,322000,138000,0,0,12,"5,000,000",,,"361,718","85,800","676,510","35,131",9.70%,"438,129",11
10.33,21/10/2021,4,6:56,"1,300,000",154400,810,6182,12/3/2022,11613248,11166,8.7,-0.1,49.6,-0.01,1200000,32,92,3,1,1,0,0,GB,15,FR,8,DE,8,NL,7,SE,7,,0.842207164,4.422988944,11.88%,91000,0,195000,104000,91000,0,12,"1,500,000",,,"386,835","89,300","687,227","38,120",9.90%,"620,214",10
11.17,24/10/2021,7,2:56,"464,700",66300,377,2048,12/3/2022,4190180,11166,9,-0.1,49.3,-0.01,412800,24,90,4,2,1,0,0,GB,17,SE,11,NL,7,DE,6,FR,5,,0.805729633,4.399382456,14.27%,51117,0,78999,27882,32529,0,12,"600,000",,,"395,286","96,500","685,445","39,327",9.90%,"682,057",11
8.24,25/10/2021,1,5:55,"32,000",5264,28,25,12/3/2022,204387,4698,6.4,0.1,32.8,0.04,29200,10,34,22,42,0,0,0,SE,25,US,14,GB,9,NL,5,NO,3,,0.776699029,3.269472133,16.45%,8000,4480,2880,0,1600,0,9,"50,000",,,"395,541","96,500","685,305","39,396",10.00%,"679,357",8
8.26,28/10/2021,4,4:37,"79,900",9249,61,28,12/3/2022,605072,7200,7.6,-0.1,51.5,-0.01,74400,17,70,10,19,0,0,0,SE,28,GB,10,NL,7,US,5,PH,4,,0.920096852,4.015458933,11.58%,22372,3995,7990,0,5593,0,9,"100,000",,,"394,100","89,300","685,901","39,273",10.00%,"614,200",8
5.41,18/11/2021,4,21:45,"13,700",1208,6,5,12/3/2022,62389,5796,4.5,0.1,41.1,0.03,12500,15,20,47,29,0,0,0,SE,28,GB,8,US,7,PH,7,NL,7,,0.831792976,3.41407522,8.82%,3836,959,1096,0,959,0,8,"25,000",,,"394,057","89,300","685,925","39,273",10.00%,"612,400",5
8.24,24/11/2021,3,3:59,"32,800",3352,15,2,12/3/2022,234607,3600,7.1,-0.1,50.5,-0.01,30100,14,40,21,38,0,0,0,SE,29,US,10,GB,8,NL,7,PH,3,,0.861650485,3.905964524,10.22%,9512,3280,2624,0,2296,0,9,"50,000",,,"378,373","85,800","684,839","38,005",10.00%,"603,300",8
22.73,14/12/2021,2,23:53,"2,500,000",191800,1728,33200,12/3/2022,33148301,164135,13.2,-0.1,36.4,-0.01,2300000,222,95,3,1,0,0,0,NL,20,GB,13,DE,11,FR,5,ES,5,,0.580730312,4.80763065,7.67%,0,0,325000,275000,500000,0,30,"5,000,000",,,"427,002","89,300","744,344","41,733",9.80%,"631,871",23
26.89,19/12/2021,7,9:18,"17,700",1913,23,74,12/3/2022,188257,11166,10.6,-0.1,20,-0.05,15700,27,25,35,38,0,0,0,SE,24,GB,11,US,9,PH,7,NL,5,,0.394198587,3.282455808,10.81%,4248,1593,1947,0,885,0,30,"25,000",,,"424,476","85,800","745,533","41,533",9.80%,"448,686",27
11.78,19/12/2021,7,12:55,"89,170",292,8,1,12/3/2022,84924,0,10.5,0,41.4,0,7190,0,0,98,0,0,0,0,PH,23,SE,12,TH,10,VN,8,,,Privated,0.891341256,3.585893556,0.33%,10700.424,0,0,0,0,0,12,"100,000",,,"425,562","89,170","744,992","41,473",9.70%,"395,039",12
10.31,20/12/2021,1,5:31,"431,500",53200,365,301,12/3/2022,4057416,138386,9.3,-0.1,55,-0.01,400100,245,95,2,3,0,0,0,PH,34,SE,14,TH,9,NL,7,VN,7,,0.902036857,4.399074955,12.33%,60410,0,0,0,30205,0,12,"600,000",,,"419,790","89,170","743,758","40,737",9.70%,"452,110",10
12.23,14/2/2022,1,12:28,"29,300",5669,49,6,12/3/2022,250896,39294,8.5,-0.1,36.7,-0.06,26300,79,44,5,50,0,0,0,SE,18,US,16,GB,9,NL,5,SG,3,,0.695012265,3.369554539,19.35%,5274,4688,2637,0,1465,879,15,"50,000",,,"420,978","89,200","748,168","40,941",9.70%,"444,881",12
8.24,15/2/2022,2,12:07,"53,000",9810,55,25,12/3/2022,417994,52474,7.8,-0.1,50.6,0.01,45600,110,77,3,19,0,0,0,ID,10,US,9,SE,8,JP,6,SG,5,,0.946601942,3.986356836,18.51%,4240,4770,0,0,0,2650,9,"100,000",,,"421,501","89,300","748,050","41,065",9.70%,"450,496",8
9.26,16/2/2022,3,17:35,"1,900,000",77100,159,352,12/3/2022,16848056,44786,9.1,0.1,52.6,0.02,1700000,4518,99,0,1,0,0,0,US,30,PH,11,GB,5,CA,5,DE,4,,0.982721382,4.135314083,4.06%,0,570000,95000,76000,0,0,10,"5,000,000",,,"437,288","89,400","770,886","41,889",9.60%,"717,239",9
10.75,26/2/2022,6,17:29,"33,700",6449,53,11,12/3/2022,289259,75661,8.6,-0.1,44.7,-0.06,30000,143,68,3,28,0,0,0,SE,15,ID,9,SG,7,US,6,GB,6,,0.8,3.723477629,19.14%,5055,2022,2022,0,0,2359,12,"50,000",,,"438,533","90,400","771,753","42,077",9.60%,"364,910",11
13.23,6/3/2022,7,12:52,"17,700",3851,46,8,12/3/2022,163134,34596,8.7,-0.1,22.8,0.03,16400,69,74,3,22,0,0,0,SE,19,GB,12,US,11,NL,6,NO,4,,0.657596372,3.058168345,21.76%,3363,1947,2124,0,1062,0,15,"25,000",,,"438,925","91,200","772,773","42,138",9.60%,"364,910",13
6.48,8/3/2022,2,0:49,"20,300",2790,22,5,12/3/2022,130311,3600,6.1,-0.1,50.1,-0.19,19300,628,67,2,31,0,0,0,SG,21,SE,12,US,9,GB,5,NL,4,,0.941358025,3.846347023,13.74%,2436,1827,1015,0,812,4263,8,"25,000",,,"432,952","85,500","775,044","41,574",9.60%,"355,071",6
9.54,9/3/2022,3,13:33,"42,600",3316,16,7,12/3/2022,282574,37830,8,-0.1,45.9,-1.72,32900,4770,73,1,26,0,0,0,SE,12,SG,11,US,10,JP,9,GB,5,,0.838574424,3.723661766,7.78%,5112,4260,2130,0,0,4686,10,"50,000",,,"432,205","84,800","775,551","41,398",9.60%,"299,514",10
10.14,12/3/2022,6,2:31,"20,200",3495,18,6,12/3/2022,113440,58332,7.6,0.2,39.8,2.49,12900,6348,60,1,38,0,0,0,SG,17,SE,14,US,12,GB,7,NL,4,,0.749506903,3.461235977,17.30%,2828,2424,1414,0,808,3434,12,"25,000",,,"432,241","85,100","775,991","41,394",9.60%,"298,214",10
