[{"Name": "Soil", "Confidence": 99.99918365478516, "Instances": [], "Parents": []}, {"Name": "Sand", "Confidence": 99.94709014892578, "Instances": [], "Parents": [{"Name": "Outdoors"}, {"Name": "Nature"}]}, {"Name": "Nature", "Confidence": 99.94709014892578, "Instances": [], "Parents": []}, {"Name": "Outdoors", "Confidence": 99.94709014892578, "Instances": [], "Parents": []}, {"Name": "Dune", "Confidence": 99.32544708251953, "Instances": [], "Parents": [{"Name": "Sand"}, {"Name": "Soil"}, {"Name": "Outdoors"}, {"Name": "Nature"}]}]