[{"Name": "Nature", "Confidence": 99.80531311035156, "Instances": [], "Parents": []}, {"Name": "Outdoors", "Confidence": 99.74172973632812, "Instances": [], "Parents": []}, {"Name": "Person", "Confidence": 99.46049499511719, "Instances": [{"BoundingBox": {"Width": 0.298929899930954, "Height": 0.5337303876876831, "Left": 0.21425595879554749, "Top": 0.24074022471904755}, "Confidence": 99.46049499511719}, {"BoundingBox": {"Width": 0.13360312581062317, "Height": 0.2552776336669922, "Left": 0.612856388092041, "Top": 0.2265690714120865}, "Confidence": 99.18060302734375}], "Parents": []}, {"Name": "Human", "Confidence": 99.46049499511719, "Instances": [], "Parents": []}, {"Name": "Piste", "Confidence": 98.71371459960938, "Instances": [], "Parents": [{"Name": "Sport"}, {"Name": "Snow"}, {"Name": "Person"}, {"Name": "Outdoors"}, {"Name": "Nature"}]}, {"Name": "Snow", "Confidence": 98.71371459960938, "Instances": [], "Parents": [{"Name": "Outdoors"}, {"Name": "Nature"}]}, {"Name": "Sport", "Confidence": 98.71371459960938, "Instances": [], "Parents": [{"Name": "Person"}]}, {"Name": "Sports", "Confidence": 98.71371459960938, "Instances": [], "Parents": [{"Name": "Person"}]}, {"Name": "Skiing", "Confidence": 98.48387145996094, "Instances": [], "Parents": [{"Name": "Sport"}, {"Name": "Snow"}, {"Name": "Person"}, {"Name": "Outdoors"}, {"Name": "Nature"}]}]