[{"Name": "Car", "Confidence": 99.68565368652344, "Instances": [{"BoundingBox": {"Width": 0.9540197253227234, "Height": 0.4609187841415405, "Left": 0.04505434259772301, "Top": 0.34843313694000244}, "Confidence": 99.68565368652344}], "Parents": [{"Name": "Vehicle"}, {"Name": "Transportation"}]}, {"Name": "Transportation", "Confidence": 99.68565368652344, "Instances": [], "Parents": []}, {"Name": "Vehicle", "Confidence": 99.68565368652344, "Instances": [], "Parents": [{"Name": "Transportation"}]}, {"Name": "Formula One", "Confidence": 95.09471130371094, "Instances": [], "Parents": [{"Name": "Car"}, {"Name": "Vehicle"}, {"Name": "Transportation"}]}, {"Name": "Sports Car", "Confidence": 92.95356750488281, "Instances": [], "Parents": [{"Name": "Car"}, {"Name": "Vehicle"}, {"Name": "Transportation"}]}, {"Name": "Race Car", "Confidence": 90.23575592041016, "Instances": [], "Parents": [{"Name": "Sports Car"}, {"Name": "Car"}, {"Name": "Vehicle"}, {"Name": "Transportation"}]}, {"Name": "Tire", "Confidence": 86.79762268066406, "Instances": [], "Parents": []}, {"Name": "Helmet", "Confidence": 85.94027709960938, "Instances": [{"BoundingBox": {"Width": 0.08874082565307617, "Height": 0.11752531677484512, "Left": 0.6261846423149109, "Top": 0.3762952983379364}, "Confidence": 85.94027709960938}], "Parents": [{"Name": "Clothing"}]}, {"Name": "Clothing", "Confidence": 85.94027709960938, "Instances": [], "Parents": []}, {"Name": "Kart", "Confidence": 82.74114990234375, "Instances": [], "Parents": [{"Name": "Vehicle"}, {"Name": "Transportation"}]}]