[{"Name": "Person", "Confidence": 98.21656036376953, "Instances": [{"BoundingBox": {"Width": 0.4569857120513916, "Height": 0.8255059123039246, "Left": 0.06705603748559952, "Top": 0.16253580152988434}, "Confidence": 98.21656036376953}, {"BoundingBox": {"Width": 0.37851664423942566, "Height": 0.5635377764701843, "Left": 0.4629535675048828, "Top": 0.4263322055339813}, "Confidence": 97.09883880615234}], "Parents": []}, {"Name": "Human", "Confidence": 98.21656036376953, "Instances": [], "Parents": []}, {"Name": "Clothing", "Confidence": 97.33226776123047, "Instances": [], "Parents": []}, {"Name": "Apparel", "Confidence": 97.33226776123047, "Instances": [], "Parents": []}, {"Name": "Hat", "Confidence": 92.01776123046875, "Instances": [{"BoundingBox": {"Width": 0.22179827094078064, "Height": 0.12104976177215576, "Left": 0.22015345096588135, "Top": 0.16252723336219788}, "Confidence": 92.01776123046875}], "Parents": [{"Name": "Clothing"}]}, {"Name": "Pants", "Confidence": 84.58055114746094, "Instances": [], "Parents": [{"Name": "Clothing"}]}]