[{"Name": "Helmet", "Confidence": 99.92524719238281, "Instances": [{"BoundingBox": {"Width": 0.5104756951332092, "Height": 0.4009787440299988, "Left": 0.21906639635562897, "Top": 0.034998733550310135}, "Confidence": 99.92524719238281}], "Parents": [{"Name": "Clothing"}]}, {"Name": "Clothing", "Confidence": 99.92524719238281, "Instances": [], "Parents": []}, {"Name": "Apparel", "Confidence": 99.92524719238281, "Instances": [], "Parents": []}, {"Name": "Person", "Confidence": 96.24006652832031, "Instances": [{"BoundingBox": {"Width": 0.8362256288528442, "Height": 0.9468289017677307, "Left": 0.07485213130712509, "Top": 0.03884788230061531}, "Confidence": 96.24006652832031}], "Parents": []}, {"Name": "Human", "Confidence": 96.24006652832031, "Instances": [], "Parents": []}, {"Name": "Crash Helmet", "Confidence": 92.9898910522461, "Instances": [], "Parents": [{"Name": "Helmet"}, {"Name": "Clothing"}]}, {"Name": "Outdoors", "Confidence": 82.13130187988281, "Instances": [], "Parents": []}]