[{"Name": "Car", "Confidence": 94.87261962890625, "Instances": [], "Parents": [{"Name": "Vehicle"}, {"Name": "Transportation"}]}, {"Name": "Automobile", "Confidence": 94.87261962890625, "Instances": [], "Parents": [{"Name": "Vehicle"}, {"Name": "Transportation"}]}, {"Name": "Transportation", "Confidence": 94.87261962890625, "Instances": [], "Parents": []}, {"Name": "Vehicle", "Confidence": 94.87261962890625, "Instances": [], "Parents": [{"Name": "Transportation"}]}, {"Name": "Sports Car", "Confidence": 91.80642700195312, "Instances": [], "Parents": [{"Name": "Car"}, {"Name": "Vehicle"}, {"Name": "Transportation"}]}, {"Name": "Race Car", "Confidence": 90.29009246826172, "Instances": [], "Parents": [{"Name": "Sports Car"}, {"Name": "Car"}, {"Name": "Vehicle"}, {"Name": "Transportation"}]}, {"Name": "Formula One", "Confidence": 86.11902618408203, "Instances": [], "Parents": [{"Name": "Car"}, {"Name": "Vehicle"}, {"Name": "Transportation"}]}]