[{"Name": "Person", "Confidence": 97.03974914550781, "Instances": [{"BoundingBox": {"Width": 0.695332944393158, "Height": 0.8359233140945435, "Left": 0.1256445199251175, "Top": 0.12552082538604736}, "Confidence": 97.03974914550781}, {"BoundingBox": {"Width": 0.1433466076850891, "Height": 0.5677729845046997, "Left": 0.8529285788536072, "Top": 0.4128744304180145}, "Confidence": 96.65966796875}], "Parents": []}, {"Name": "Human", "Confidence": 97.03974914550781, "Instances": [], "Parents": []}, {"Name": "Clothing", "Confidence": 92.85472106933594, "Instances": [], "Parents": []}, {"Name": "Apparel", "Confidence": 92.85472106933594, "Instances": [], "Parents": []}, {"Name": "Paper", "Confidence": 80.20108032226562, "Instances": [], "Parents": []}]