[{"Name": "Clothing", "Confidence": 99.99334716796875, "Instances": [], "Parents": []}, {"Name": "Apparel", "Confidence": 99.99334716796875, "Instances": [], "Parents": []}, {"Name": "Helmet", "Confidence": 99.99150848388672, "Instances": [{"BoundingBox": {"Width": 0.29025691747665405, "Height": 0.5493336915969849, "Left": 0.28600990772247314, "Top": 0.12866957485675812}, "Confidence": 99.99150848388672}], "Parents": [{"Name": "Clothing"}]}, {"Name": "Crash Helmet", "Confidence": 99.57749938964844, "Instances": [], "Parents": [{"Name": "Helmet"}, {"Name": "Clothing"}]}, {"Name": "Person", "Confidence": 97.23617553710938, "Instances": [{"BoundingBox": {"Width": 0.8771697878837585, "Height": 0.883762538433075, "Left": 0.023947935551404953, "Top": 0.11483241617679596}, "Confidence": 97.23617553710938}], "Parents": []}, {"Name": "Human", "Confidence": 97.23617553710938, "Instances": [], "Parents": []}]