[{"Name": "Clothing", "Confidence": 99.99700927734375, "Instances": [], "Parents": []}, {"Name": "Apparel", "Confidence": 99.99700927734375, "Instances": [], "Parents": []}, {"Name": "Helmet", "Confidence": 99.73139953613281, "Instances": [{"BoundingBox": {"Width": 0.8009049296379089, "Height": 0.6274505853652954, "Left": 0.16091938316822052, "Top": 0.02067563124001026}, "Confidence": 73.72334289550781}], "Parents": [{"Name": "Clothing"}]}, {"Name": "Crash Helmet", "Confidence": 98.44913482666016, "Instances": [], "Parents": [{"Name": "Helmet"}, {"Name": "Clothing"}]}, {"Name": "Person", "Confidence": 95.31155395507812, "Instances": [{"BoundingBox": {"Width": 0.9195855259895325, "Height": 0.9409818053245544, "Left": 0.06169402599334717, "Top": 0.030293555930256844}, "Confidence": 70.93510437011719}], "Parents": []}, {"Name": "Human", "Confidence": 95.31155395507812, "Instances": [], "Parents": []}, {"Name": "Hardhat", "Confidence": 82.92424774169922, "Instances": [], "Parents": [{"Name": "Helmet"}, {"Name": "Clothing"}]}]