[{"Name": "Person", "Confidence": 98.83564758300781, "Instances": [{"BoundingBox": {"Width": 0.5625949501991272, "Height": 0.6744721531867981, "Left": 0.3790557086467743, "Top": 0.25776407122612}, "Confidence": 98.83564758300781}], "Parents": []}, {"Name": "Human", "Confidence": 98.83564758300781, "Instances": [], "Parents": []}, {"Name": "Clothing", "Confidence": 94.01644134521484, "Instances": [], "Parents": []}, {"Name": "Apparel", "Confidence": 94.01644134521484, "Instances": [], "Parents": []}]