[{"Name": "Plant", "Confidence": 99.99996948242188, "Instances": [{"BoundingBox": {"Width": 0.8678687214851379, "Height": 0.8927942514419556, "Left": 0.06828740239143372, "Top": 0.05502729117870331}, "Confidence": 99.99996948242188}], "Parents": []}, {"Name": "Summer", "Confidence": 99.785400390625, "Instances": [], "Parents": []}, {"Name": "Palm Tree", "Confidence": 99.3576431274414, "Instances": [], "Parents": [{"Name": "Tree"}, {"Name": "Plant"}]}, {"Name": "Arecaceae", "Confidence": 99.3576431274414, "Instances": [], "Parents": [{"Name": "Tree"}, {"Name": "Plant"}]}, {"Name": "Tree", "Confidence": 99.3576431274414, "Instances": [], "Parents": [{"Name": "Plant"}]}, {"Name": "Tropical", "Confidence": 98.56644439697266, "Instances": [], "Parents": []}]