[{"Name": "Clothing", "Confidence": 99.99755096435547, "Instances": [], "Parents": []}, {"Name": "Apparel", "Confidence": 99.99755096435547, "Instances": [], "Parents": []}, {"Name": "Helmet", "Confidence": 99.97346496582031, "Instances": [{"BoundingBox": {"Width": 0.5727172493934631, "Height": 0.7075326442718506, "Left": 0.013157540932297707, "Top": 0.09818200021982193}, "Confidence": 99.97158813476562}], "Parents": [{"Name": "Clothing"}]}, {"Name": "Crash Helmet", "Confidence": 98.66300964355469, "Instances": [], "Parents": [{"Name": "Helmet"}, {"Name": "Clothing"}]}, {"Name": "Hardhat", "Confidence": 97.03363800048828, "Instances": [], "Parents": [{"Name": "Helmet"}, {"Name": "Clothing"}]}, {"Name": "Person", "Confidence": 94.35939025878906, "Instances": [{"BoundingBox": {"Width": 0.8658782243728638, "Height": 0.9883111715316772, "Left": 0.08789735287427902, "Top": 0.010489776730537415}, "Confidence": 94.35939025878906}], "Parents": []}, {"Name": "Human", "Confidence": 94.35939025878906, "Instances": [], "Parents": []}]