[{"Name": "Car", "Confidence": 99.11343383789062, "Instances": [{"BoundingBox": {"Width": 0.8212037086486816, "Height": 0.4864889085292816, "Left": 0.04552615061402321, "Top": 0.3406440019607544}, "Confidence": 92.64764404296875}], "Parents": [{"Name": "Vehicle"}, {"Name": "Transportation"}]}, {"Name": "Automobile", "Confidence": 99.11343383789062, "Instances": [], "Parents": [{"Name": "Vehicle"}, {"Name": "Transportation"}]}, {"Name": "Vehicle", "Confidence": 99.11343383789062, "Instances": [], "Parents": [{"Name": "Transportation"}]}, {"Name": "Transportation", "Confidence": 99.11343383789062, "Instances": [], "Parents": []}, {"Name": "Formula One", "Confidence": 98.13104248046875, "Instances": [], "Parents": [{"Name": "Car"}, {"Name": "Vehicle"}, {"Name": "Transportation"}]}, {"Name": "Person", "Confidence": 95.70761108398438, "Instances": [{"BoundingBox": {"Width": 0.1395537257194519, "Height": 0.11604094505310059, "Left": 0.5038166642189026, "Top": 0.2299831062555313}, "Confidence": 95.70761108398438}, {"BoundingBox": {"Width": 0.15965841710567474, "Height": 0.15692618489265442, "Left": 0.3131242096424103, "Top": 0.3651302456855774}, "Confidence": 81.14946746826172}], "Parents": []}, {"Name": "Human", "Confidence": 95.70761108398438, "Instances": [], "Parents": []}, {"Name": "Wheel", "Confidence": 85.02568817138672, "Instances": [{"BoundingBox": {"Width": 0.13347619771957397, "Height": 0.19092732667922974, "Left": 0.7061672806739807, "Top": 0.6408970355987549}, "Confidence": 85.02568817138672}], "Parents": [{"Name": "Machine"}]}, {"Name": "Machine", "Confidence": 85.02568817138672, "Instances": [], "Parents": []}]