[{"Name": "Clothing", "Confidence": 99.93981170654297, "Instances": [], "Parents": []}, {"Name": "Apparel", "Confidence": 99.93981170654297, "Instances": [], "Parents": []}, {"Name": "Helmet", "Confidence": 99.834716796875, "Instances": [{"BoundingBox": {"Width": 0.5143343210220337, "Height": 0.5166787505149841, "Left": 0.26094651222229004, "Top": 0.026650238782167435}, "Confidence": 99.834716796875}], "Parents": [{"Name": "Clothing"}]}, {"Name": "Crash Helmet", "Confidence": 99.07381439208984, "Instances": [], "Parents": [{"Name": "Helmet"}, {"Name": "Clothing"}]}]