[{"Name": "Hug", "Confidence": 99.47159576416016, "Instances": [], "Parents": [{"Name": "Person"}]}, {"Name": "Person", "Confidence": 99.47159576416016, "Instances": [{"BoundingBox": {"Width": 0.9422836303710938, "Height": 0.9707716107368469, "Left": 0.03920372948050499, "Top": 0.007880372926592827}, "Confidence": 98.57645416259766}, {"BoundingBox": {"Width": 0.16044305264949799, "Height": 0.20505806803703308, "Left": 0.004114200361073017, "Top": 0.1922290325164795}, "Confidence": 80.75566101074219}], "Parents": []}, {"Name": "Human", "Confidence": 99.47159576416016, "Instances": [], "Parents": []}, {"Name": "Clothing", "Confidence": 89.37405395507812, "Instances": [], "Parents": []}, {"Name": "Apparel", "Confidence": 89.37405395507812, "Instances": [], "Parents": []}, {"Name": "Dating", "Confidence": 82.30616760253906, "Instances": [], "Parents": [{"Name": "Person"}]}]