[{"Name": "Clothing", "Confidence": 99.99462890625, "Instances": [], "Parents": []}, {"Name": "Apparel", "Confidence": 99.99462890625, "Instances": [], "Parents": []}, {"Name": "Helmet", "Confidence": 99.94638061523438, "Instances": [{"BoundingBox": {"Width": 0.915871262550354, "Height": 0.7099288105964661, "Left": 0.031071754172444344, "Top": 0.03912706300616264}, "Confidence": 99.68653106689453}], "Parents": [{"Name": "Clothing"}]}, {"Name": "Crash Helmet", "Confidence": 99.94586181640625, "Instances": [], "Parents": [{"Name": "Helmet"}, {"Name": "Clothing"}]}]