[{"Name": "Clothing", "Confidence": 99.97563934326172, "Instances": [], "Parents": []}, {"Name": "Apparel", "Confidence": 99.97563934326172, "Instances": [], "Parents": []}, {"Name": "Person", "Confidence": 98.10309600830078, "Instances": [{"BoundingBox": {"Width": 0.5826627612113953, "Height": 0.7436217069625854, "Left": 0.23734749853610992, "Top": 0.11145170778036118}, "Confidence": 98.10309600830078}], "Parents": []}, {"Name": "Human", "Confidence": 98.10309600830078, "Instances": [], "Parents": []}, {"Name": "Crash Helmet", "Confidence": 94.99370574951172, "Instances": [], "Parents": [{"Name": "Helmet"}, {"Name": "Clothing"}]}, {"Name": "Helmet", "Confidence": 94.99370574951172, "Instances": [], "Parents": [{"Name": "Clothing"}]}]