[{"Name": "Helmet", "Confidence": 99.98790740966797, "Instances": [{"BoundingBox": {"Width": 0.29795339703559875, "Height": 0.5759928226470947, "Left": 0.2957330346107483, "Top": 0.07305342704057693}, "Confidence": 99.98790740966797}], "Parents": [{"Name": "Clothing"}]}, {"Name": "Clothing", "Confidence": 99.98790740966797, "Instances": [], "Parents": []}, {"Name": "Apparel", "Confidence": 99.98790740966797, "Instances": [], "Parents": []}, {"Name": "Crash Helmet", "Confidence": 99.17231750488281, "Instances": [], "Parents": [{"Name": "Helmet"}, {"Name": "Clothing"}]}, {"Name": "Person", "Confidence": 95.37800598144531, "Instances": [{"BoundingBox": {"Width": 0.8956739902496338, "Height": 0.8128653764724731, "Left": 0.022206058725714684, "Top": 0.10139890015125275}, "Confidence": 95.37800598144531}], "Parents": []}, {"Name": "Human", "Confidence": 95.37800598144531, "Instances": [], "Parents": []}, {"Name": "Kart", "Confidence": 94.68682861328125, "Instances": [], "Parents": [{"Name": "Vehicle"}, {"Name": "Transportation"}]}, {"Name": "Transportation", "Confidence": 94.68682861328125, "Instances": [], "Parents": []}, {"Name": "Vehicle", "Confidence": 94.68682861328125, "Instances": [], "Parents": [{"Name": "Transportation"}]}, {"Name": "Car", "Confidence": 81.52581787109375, "Instances": [], "Parents": [{"Name": "Vehicle"}, {"Name": "Transportation"}]}]