[{"Name": "Car", "Confidence": 98.37532043457031, "Instances": [{"BoundingBox": {"Width": 0.8680292367935181, "Height": 0.3503856956958771, "Left": 0.08331234008073807, "Top": 0.6151692271232605}, "Confidence": 77.15806579589844}], "Parents": [{"Name": "Vehicle"}, {"Name": "Transportation"}]}, {"Name": "Automobile", "Confidence": 98.37532043457031, "Instances": [], "Parents": [{"Name": "Vehicle"}, {"Name": "Transportation"}]}, {"Name": "Transportation", "Confidence": 98.37532043457031, "Instances": [], "Parents": []}, {"Name": "Vehicle", "Confidence": 98.37532043457031, "Instances": [], "Parents": [{"Name": "Transportation"}]}, {"Name": "Formula One", "Confidence": 97.56249237060547, "Instances": [], "Parents": [{"Name": "Car"}, {"Name": "Vehicle"}, {"Name": "Transportation"}]}, {"Name": "Kart", "Confidence": 91.37689971923828, "Instances": [], "Parents": [{"Name": "Vehicle"}, {"Name": "Transportation"}]}]