[{"Name": "Clothing", "Confidence": 99.99253845214844, "Instances": [], "Parents": []}, {"Name": "Apparel", "Confidence": 99.99253845214844, "Instances": [], "Parents": []}, {"Name": "Helmet", "Confidence": 99.952392578125, "Instances": [{"BoundingBox": {"Width": 0.6798604726791382, "Height": 0.49457868933677673, "Left": 0.07585059106349945, "Top": 0.04134024307131767}, "Confidence": 99.952392578125}, {"BoundingBox": {"Width": 0.6286911368370056, "Height": 0.29467347264289856, "Left": 0.015223071910440922, "Top": 0.26636815071105957}, "Confidence": 80.76729583740234}], "Parents": [{"Name": "Clothing"}]}, {"Name": "Crash Helmet", "Confidence": 99.78695678710938, "Instances": [], "Parents": [{"Name": "Helmet"}, {"Name": "Clothing"}]}, {"Name": "Person", "Confidence": 97.65866088867188, "Instances": [{"BoundingBox": {"Width": 0.8512913584709167, "Height": 0.6997404098510742, "Left": 0.027503911405801773, "Top": 0.2706773281097412}, "Confidence": 97.65866088867188}], "Parents": []}, {"Name": "Human", "Confidence": 97.65866088867188, "Instances": [], "Parents": []}, {"Name": "Hardhat", "Confidence": 86.7894515991211, "Instances": [], "Parents": [{"Name": "Helmet"}, {"Name": "Clothing"}]}]