[{"Name": "Light", "Confidence": 99.33029174804688, "Instances": [], "Parents": []}, {"Name": "Helmet", "Confidence": 96.68343353271484, "Instances": [{"BoundingBox": {"Width": 0.8199293613433838, "Height": 0.9099594354629517, "Left": 0.15447115898132324, "Top": 0.029498588293790817}, "Confidence": 96.68343353271484}], "Parents": [{"Name": "Clothing"}]}, {"Name": "Clothing", "Confidence": 96.68343353271484, "Instances": [], "Parents": []}, {"Name": "Apparel", "Confidence": 96.68343353271484, "Instances": [], "Parents": []}, {"Name": "Headlight", "Confidence": 96.21234893798828, "Instances": [], "Parents": [{"Name": "Light"}]}, {"Name": "Sunglasses", "Confidence": 86.75704193115234, "Instances": [{"BoundingBox": {"Width": 0.9259386658668518, "Height": 0.8635919094085693, "Left": 0.07267244160175323, "Top": 0.02933264896273613}, "Confidence": 86.75704193115234}], "Parents": [{"Name": "Accessories"}]}, {"Name": "Accessories", "Confidence": 86.75704193115234, "Instances": [], "Parents": []}, {"Name": "Accessory", "Confidence": 86.75704193115234, "Instances": [], "Parents": []}]