[{"Name": "Clothing", "Confidence": 99.99809265136719, "Instances": [], "Parents": []}, {"Name": "Apparel", "Confidence": 99.99809265136719, "Instances": [], "Parents": []}, {"Name": "Crash Helmet", "Confidence": 99.98757934570312, "Instances": [], "Parents": [{"Name": "Helmet"}, {"Name": "Clothing"}]}, {"Name": "Helmet", "Confidence": 99.98757934570312, "Instances": [{"BoundingBox": {"Width": 0.9614217281341553, "Height": 0.790194034576416, "Left": 0.010008352808654308, "Top": 0.03278008848428726}, "Confidence": 99.83724975585938}], "Parents": [{"Name": "Clothing"}]}, {"Name": "Person", "Confidence": 83.76519775390625, "Instances": [{"BoundingBox": {"Width": 0.471889853477478, "Height": 0.26484957337379456, "Left": 0.18199767172336578, "Top": 0.2800936698913574}, "Confidence": 83.76519775390625}], "Parents": []}, {"Name": "Human", "Confidence": 83.76519775390625, "Instances": [], "Parents": []}]