[{"Name": "Clothing", "Confidence": 99.99980926513672, "Instances": [], "Parents": []}, {"Name": "Apparel", "Confidence": 99.99980926513672, "Instances": [], "Parents": []}, {"Name": "Helmet", "Confidence": 99.9960708618164, "Instances": [{"BoundingBox": {"Width": 0.9105319380760193, "Height": 0.824894905090332, "Left": 0.009282373823225498, "Top": 0.048391666263341904}, "Confidence": 99.50592041015625}], "Parents": [{"Name": "Clothing"}]}, {"Name": "Crash Helmet", "Confidence": 99.99099731445312, "Instances": [], "Parents": [{"Name": "Helmet"}, {"Name": "Clothing"}]}]