[{"Name": "Person", "Confidence": 99.5464859008789, "Instances": [{"BoundingBox": {"Width": 0.06775085628032684, "Height": 0.2124953418970108, "Left": 0.004384700674563646, "Top": 0.384199857711792}, "Confidence": 99.5464859008789}, {"BoundingBox": {"Width": 0.08796242624521255, "Height": 0.08689931035041809, "Left": 0.40149861574172974, "Top": 0.3799287676811218}, "Confidence": 65.73075103759766}], "Parents": []}, {"Name": "Human", "Confidence": 99.5464859008789, "Instances": [], "Parents": []}, {"Name": "Race Car", "Confidence": 98.78662872314453, "Instances": [], "Parents": [{"Name": "Sports Car"}, {"Name": "Car"}, {"Name": "Vehicle"}, {"Name": "Transportation"}]}, {"Name": "Sports Car", "Confidence": 98.78662872314453, "Instances": [], "Parents": [{"Name": "Car"}, {"Name": "Vehicle"}, {"Name": "Transportation"}]}, {"Name": "Car", "Confidence": 98.78662872314453, "Instances": [{"BoundingBox": {"Width": 0.88140469789505, "Height": 0.5882703065872192, "Left": 0.07225969433784485, "Top": 0.2519804835319519}, "Confidence": 94.4119873046875}], "Parents": [{"Name": "Vehicle"}, {"Name": "Transportation"}]}, {"Name": "Vehicle", "Confidence": 98.78662872314453, "Instances": [], "Parents": [{"Name": "Transportation"}]}, {"Name": "Transportation", "Confidence": 98.78662872314453, "Instances": [], "Parents": []}, {"Name": "Automobile", "Confidence": 98.78662872314453, "Instances": [], "Parents": [{"Name": "Vehicle"}, {"Name": "Transportation"}]}, {"Name": "Wheel", "Confidence": 91.92982482910156, "Instances": [{"BoundingBox": {"Width": 0.09885665029287338, "Height": 0.18663957715034485, "Left": 0.02609768509864807, "Top": 0.5785435438156128}, "Confidence": 91.92982482910156}, {"BoundingBox": {"Width": 0.06852959841489792, "Height": 0.23728600144386292, "Left": 0.18841080367565155, "Top": 0.5984863638877869}, "Confidence": 75.2249755859375}], "Parents": [{"Name": "Machine"}]}, {"Name": "Machine", "Confidence": 91.92982482910156, "Instances": [], "Parents": []}]