[{"Name": "Person", "Confidence": 99.40335083007812, "Instances": [{"BoundingBox": {"Width": 0.6382896304130554, "Height": 0.8469325304031372, "Left": 0.34434521198272705, "Top": 0.14675435423851013}, "Confidence": 99.40335083007812}], "Parents": []}, {"Name": "Human", "Confidence": 99.40335083007812, "Instances": [], "Parents": []}, {"Name": "Sleeve", "Confidence": 90.86096954345703, "Instances": [], "Parents": [{"Name": "Clothing"}]}, {"Name": "Clothing", "Confidence": 90.86096954345703, "Instances": [], "Parents": []}, {"Name": "Apparel", "Confidence": 90.86096954345703, "Instances": [], "Parents": []}, {"Name": "Symbol", "Confidence": 81.97149658203125, "Instances": [], "Parents": []}, {"Name": "Logo", "Confidence": 81.72723388671875, "Instances": [], "Parents": [{"Name": "Symbol"}]}, {"Name": "Trademark", "Confidence": 81.72723388671875, "Instances": [], "Parents": [{"Name": "Symbol"}]}]