[{"Name": "Formula One", "Confidence": 99.19596099853516, "Instances": [], "Parents": [{"Name": "Car"}, {"Name": "Vehicle"}, {"Name": "Transportation"}]}, {"Name": "Car", "Confidence": 99.19596099853516, "Instances": [{"BoundingBox": {"Width": 0.5032781958580017, "Height": 0.10511528700590134, "Left": 0.11718834936618805, "Top": 0.4482886791229248}, "Confidence": 85.36558532714844}], "Parents": [{"Name": "Vehicle"}, {"Name": "Transportation"}]}, {"Name": "Transportation", "Confidence": 99.19596099853516, "Instances": [], "Parents": []}, {"Name": "Vehicle", "Confidence": 99.19596099853516, "Instances": [], "Parents": [{"Name": "Transportation"}]}, {"Name": "Automobile", "Confidence": 99.19596099853516, "Instances": [], "Parents": [{"Name": "Vehicle"}, {"Name": "Transportation"}]}]