[{"Name": "Clothing", "Confidence": 99.99759674072266, "Instances": [], "Parents": []}, {"Name": "Apparel", "Confidence": 99.99759674072266, "Instances": [], "Parents": []}, {"Name": "Helmet", "Confidence": 99.95611572265625, "Instances": [{"BoundingBox": {"Width": 0.9006402492523193, "Height": 0.8695977330207825, "Left": 0.09797083586454391, "Top": 0.09156490117311478}, "Confidence": 98.45379638671875}], "Parents": [{"Name": "Clothing"}]}, {"Name": "Crash Helmet", "Confidence": 99.9463119506836, "Instances": [], "Parents": [{"Name": "Helmet"}, {"Name": "Clothing"}]}]