[{"Name": "Clothing", "Confidence": 99.99176025390625, "Instances": [], "Parents": []}, {"Name": "Apparel", "Confidence": 99.99176025390625, "Instances": [], "Parents": []}, {"Name": "Helmet", "Confidence": 99.69880676269531, "Instances": [{"BoundingBox": {"Width": 0.6489396095275879, "Height": 0.4915063679218292, "Left": 0.16309355199337006, "Top": 0.024587906897068024}, "Confidence": 99.14163970947266}], "Parents": [{"Name": "Clothing"}]}, {"Name": "Crash Helmet", "Confidence": 98.99290466308594, "Instances": [], "Parents": [{"Name": "Helmet"}, {"Name": "Clothing"}]}, {"Name": "Person", "Confidence": 89.17082977294922, "Instances": [{"BoundingBox": {"Width": 0.9409741163253784, "Height": 0.8162760138511658, "Left": 0.028913158923387527, "Top": 0.15692324936389923}, "Confidence": 89.17082977294922}], "Parents": []}, {"Name": "Human", "Confidence": 89.17082977294922, "Instances": [], "Parents": []}, {"Name": "People", "Confidence": 86.75493621826172, "Instances": [], "Parents": [{"Name": "Person"}]}]