[{"Name": "Race Car", "Confidence": 99.8875503540039, "Instances": [], "Parents": [{"Name": "Sports Car"}, {"Name": "Car"}, {"Name": "Vehicle"}, {"Name": "Transportation"}]}, {"Name": "Sports Car", "Confidence": 99.8875503540039, "Instances": [], "Parents": [{"Name": "Car"}, {"Name": "Vehicle"}, {"Name": "Transportation"}]}, {"Name": "Car", "Confidence": 99.8875503540039, "Instances": [{"BoundingBox": {"Width": 0.8320820927619934, "Height": 0.31717145442962646, "Left": 0.005389601923525333, "Top": 0.398947536945343}, "Confidence": 99.79850769042969}], "Parents": [{"Name": "Vehicle"}, {"Name": "Transportation"}]}, {"Name": "Vehicle", "Confidence": 99.8875503540039, "Instances": [], "Parents": [{"Name": "Transportation"}]}, {"Name": "Transportation", "Confidence": 99.8875503540039, "Instances": [], "Parents": []}, {"Name": "Automobile", "Confidence": 99.8875503540039, "Instances": [], "Parents": [{"Name": "Vehicle"}, {"Name": "Transportation"}]}, {"Name": "Tarmac", "Confidence": 97.47161865234375, "Instances": [], "Parents": []}, {"Name": "Asphalt", "Confidence": 97.47161865234375, "Instances": [], "Parents": []}, {"Name": "Tire", "Confidence": 82.69911193847656, "Instances": [], "Parents": []}]