[{"Name": "Race Car", "Confidence": 99.88587188720703, "Instances": [], "Parents": [{"Name": "Sports Car"}, {"Name": "Car"}, {"Name": "Vehicle"}, {"Name": "Transportation"}]}, {"Name": "Sports Car", "Confidence": 99.88587188720703, "Instances": [], "Parents": [{"Name": "Car"}, {"Name": "Vehicle"}, {"Name": "Transportation"}]}, {"Name": "Car", "Confidence": 99.88587188720703, "Instances": [{"BoundingBox": {"Width": 0.922879159450531, "Height": 0.5279594659805298, "Left": 0.037020422518253326, "Top": 0.2901328206062317}, "Confidence": 99.39498901367188}], "Parents": [{"Name": "Vehicle"}, {"Name": "Transportation"}]}, {"Name": "Transportation", "Confidence": 99.88587188720703, "Instances": [], "Parents": []}, {"Name": "Vehicle", "Confidence": 99.88587188720703, "Instances": [], "Parents": [{"Name": "Transportation"}]}, {"Name": "Automobile", "Confidence": 99.88587188720703, "Instances": [], "Parents": [{"Name": "Vehicle"}, {"Name": "Transportation"}]}, {"Name": "Tire", "Confidence": 91.101318359375, "Instances": [], "Parents": []}, {"Name": "Tarmac", "Confidence": 90.03753662109375, "Instances": [], "Parents": []}, {"Name": "Wheel", "Confidence": 87.09904479980469, "Instances": [], "Parents": [{"Name": "Machine"}]}, {"Name": "Machine", "Confidence": 87.09904479980469, "Instances": [], "Parents": []}]