[{"Name": "Wheel", "Confidence": 99.75444793701172, "Instances": [{"BoundingBox": {"Width": 0.22180752456188202, "Height": 0.5522860884666443, "Left": 0.005026806611567736, "Top": 0.44632500410079956}, "Confidence": 66.3431396484375}], "Parents": [{"Name": "Machine"}]}, {"Name": "Machine", "Confidence": 99.75444793701172, "Instances": [], "Parents": []}, {"Name": "Tire", "Confidence": 99.72698974609375, "Instances": [], "Parents": []}, {"Name": "Car", "Confidence": 99.65817260742188, "Instances": [{"BoundingBox": {"Width": 0.828523576259613, "Height": 0.9077109694480896, "Left": 0.04423103481531143, "Top": 0.08392562717199326}, "Confidence": 99.65817260742188}], "Parents": [{"Name": "Vehicle"}, {"Name": "Transportation"}]}, {"Name": "Transportation", "Confidence": 99.65817260742188, "Instances": [], "Parents": []}, {"Name": "Vehicle", "Confidence": 99.65817260742188, "Instances": [], "Parents": [{"Name": "Transportation"}]}, {"Name": "Automobile", "Confidence": 99.65817260742188, "Instances": [], "Parents": [{"Name": "Vehicle"}, {"Name": "Transportation"}]}, {"Name": "Car Wheel", "Confidence": 98.92080688476562, "Instances": [], "Parents": [{"Name": "Tire"}, {"Name": "Wheel"}, {"Name": "Machine"}]}, {"Name": "Spoke", "Confidence": 98.74665832519531, "Instances": [], "Parents": [{"Name": "Machine"}]}, {"Name": "Alloy Wheel", "Confidence": 98.49365234375, "Instances": [], "Parents": [{"Name": "Spoke"}, {"Name": "Wheel"}, {"Name": "Machine"}]}]