[{"Name": "Race Car", "Confidence": 99.95773315429688, "Instances": [], "Parents": [{"Name": "Sports Car"}, {"Name": "Car"}, {"Name": "Vehicle"}, {"Name": "Transportation"}]}, {"Name": "Sports Car", "Confidence": 99.95773315429688, "Instances": [], "Parents": [{"Name": "Car"}, {"Name": "Vehicle"}, {"Name": "Transportation"}]}, {"Name": "Car", "Confidence": 99.95773315429688, "Instances": [{"BoundingBox": {"Width": 0.8345435261726379, "Height": 0.39165055751800537, "Left": 0.04722917452454567, "Top": 0.2723948359489441}, "Confidence": 93.58453369140625}, {"BoundingBox": {"Width": 0.24060910940170288, "Height": 0.3494216203689575, "Left": 0.0, "Top": 0.28150904178619385}, "Confidence": 86.83782196044922}], "Parents": [{"Name": "Vehicle"}, {"Name": "Transportation"}]}, {"Name": "Vehicle", "Confidence": 99.95773315429688, "Instances": [], "Parents": [{"Name": "Transportation"}]}, {"Name": "Transportation", "Confidence": 99.95773315429688, "Instances": [], "Parents": []}, {"Name": "Automobile", "Confidence": 99.95773315429688, "Instances": [], "Parents": [{"Name": "Vehicle"}, {"Name": "Transportation"}]}, {"Name": "Person", "Confidence": 99.58028411865234, "Instances": [{"BoundingBox": {"Width": 0.15674413740634918, "Height": 0.49478843808174133, "Left": 0.513839066028595, "Top": 0.2627735435962677}, "Confidence": 99.58028411865234}, {"BoundingBox": {"Width": 0.15174882113933563, "Height": 0.46938666701316833, "Left": 0.3264691233634949, "Top": 0.2981005907058716}, "Confidence": 97.36457824707031}], "Parents": []}, {"Name": "Human", "Confidence": 99.58028411865234, "Instances": [], "Parents": []}, {"Name": "Pit Stop", "Confidence": 90.70972442626953, "Instances": [], "Parents": [{"Name": "Race Car"}, {"Name": "Sports Car"}, {"Name": "Car"}, {"Name": "Vehicle"}, {"Name": "Transportation"}]}]