[{"Name": "Car", "Confidence": 99.71985626220703, "Instances": [{"BoundingBox": {"Width": 0.9545121788978577, "Height": 0.4046020805835724, "Left": 0.0009389665210619569, "Top": 0.3925056755542755}, "Confidence": 99.71985626220703}], "Parents": [{"Name": "Vehicle"}, {"Name": "Transportation"}]}, {"Name": "Automobile", "Confidence": 99.71985626220703, "Instances": [], "Parents": [{"Name": "Vehicle"}, {"Name": "Transportation"}]}, {"Name": "Transportation", "Confidence": 99.71985626220703, "Instances": [], "Parents": []}, {"Name": "Vehicle", "Confidence": 99.71985626220703, "Instances": [], "Parents": [{"Name": "Transportation"}]}, {"Name": "Race Car", "Confidence": 99.59142303466797, "Instances": [], "Parents": [{"Name": "Sports Car"}, {"Name": "Car"}, {"Name": "Vehicle"}, {"Name": "Transportation"}]}, {"Name": "Sports Car", "Confidence": 99.59142303466797, "Instances": [], "Parents": [{"Name": "Car"}, {"Name": "Vehicle"}, {"Name": "Transportation"}]}]