[{"Name": "Race Car", "Confidence": 99.8426742553711, "Instances": [], "Parents": [{"Name": "Sports Car"}, {"Name": "Car"}, {"Name": "Vehicle"}, {"Name": "Transportation"}]}, {"Name": "Sports Car", "Confidence": 99.8426742553711, "Instances": [], "Parents": [{"Name": "Car"}, {"Name": "Vehicle"}, {"Name": "Transportation"}]}, {"Name": "Car", "Confidence": 99.8426742553711, "Instances": [{"BoundingBox": {"Width": 0.9946519732475281, "Height": 0.8864519000053406, "Left": 0.0, "Top": 0.1126222088932991}, "Confidence": 86.6042709350586}], "Parents": [{"Name": "Vehicle"}, {"Name": "Transportation"}]}, {"Name": "Transportation", "Confidence": 99.8426742553711, "Instances": [], "Parents": []}, {"Name": "Vehicle", "Confidence": 99.8426742553711, "Instances": [], "Parents": [{"Name": "Transportation"}]}, {"Name": "Tire", "Confidence": 96.44599914550781, "Instances": [], "Parents": []}, {"Name": "Wheel", "Confidence": 90.66280364990234, "Instances": [], "Parents": [{"Name": "Machine"}]}, {"Name": "Machine", "Confidence": 90.66280364990234, "Instances": [], "Parents": []}, {"Name": "Car Wheel", "Confidence": 88.26371002197266, "Instances": [], "Parents": [{"Name": "Tire"}, {"Name": "Wheel"}, {"Name": "Machine"}]}, {"Name": "Spoke", "Confidence": 80.9322280883789, "Instances": [], "Parents": [{"Name": "Machine"}]}]