[{"Name": "Race Car", "Confidence": 99.96690368652344, "Instances": [], "Parents": [{"Name": "Sports Car"}, {"Name": "Car"}, {"Name": "Vehicle"}, {"Name": "Transportation"}]}, {"Name": "Sports Car", "Confidence": 99.96690368652344, "Instances": [], "Parents": [{"Name": "Car"}, {"Name": "Vehicle"}, {"Name": "Transportation"}]}, {"Name": "Car", "Confidence": 99.96690368652344, "Instances": [{"BoundingBox": {"Width": 0.922346830368042, "Height": 0.49485695362091064, "Left": 0.05679428577423096, "Top": 0.3193182051181793}, "Confidence": 98.70635223388672}], "Parents": [{"Name": "Vehicle"}, {"Name": "Transportation"}]}, {"Name": "Transportation", "Confidence": 99.96690368652344, "Instances": [], "Parents": []}, {"Name": "Vehicle", "Confidence": 99.96690368652344, "Instances": [], "Parents": [{"Name": "Transportation"}]}, {"Name": "Automobile", "Confidence": 99.96690368652344, "Instances": [], "Parents": [{"Name": "Vehicle"}, {"Name": "Transportation"}]}]