[{"Name": "Race Car", "Confidence": 99.96624755859375, "Instances": [], "Parents": [{"Name": "Sports Car"}, {"Name": "Car"}, {"Name": "Vehicle"}, {"Name": "Transportation"}]}, {"Name": "Car", "Confidence": 99.96624755859375, "Instances": [{"BoundingBox": {"Width": 0.8806065320968628, "Height": 0.5111872553825378, "Left": 0.009779725223779678, "Top": 0.3518499433994293}, "Confidence": 99.92317962646484}], "Parents": [{"Name": "Vehicle"}, {"Name": "Transportation"}]}, {"Name": "Sports Car", "Confidence": 99.96624755859375, "Instances": [], "Parents": [{"Name": "Car"}, {"Name": "Vehicle"}, {"Name": "Transportation"}]}, {"Name": "Vehicle", "Confidence": 99.96624755859375, "Instances": [], "Parents": [{"Name": "Transportation"}]}, {"Name": "Transportation", "Confidence": 99.96624755859375, "Instances": [], "Parents": []}, {"Name": "Automobile", "Confidence": 99.96624755859375, "Instances": [], "Parents": [{"Name": "Vehicle"}, {"Name": "Transportation"}]}, {"Name": "Wheel", "Confidence": 95.10222625732422, "Instances": [{"BoundingBox": {"Width": 0.21107861399650574, "Height": 0.16868841648101807, "Left": 0.035888396203517914, "Top": 0.645369291305542}, "Confidence": 95.10222625732422}], "Parents": [{"Name": "Machine"}]}, {"Name": "Machine", "Confidence": 95.10222625732422, "Instances": [], "Parents": []}, {"Name": "Tire", "Confidence": 89.31336212158203, "Instances": [], "Parents": []}]