[{"Name": "Helmet", "Confidence": 99.99790954589844, "Instances": [{"BoundingBox": {"Width": 0.6092738509178162, "Height": 0.6160645484924316, "Left": 0.1651357263326645, "Top": 0.1505856215953827}, "Confidence": 99.99790954589844}], "Parents": [{"Name": "Clothing"}]}, {"Name": "Clothing", "Confidence": 99.99790954589844, "Instances": [], "Parents": []}, {"Name": "Apparel", "Confidence": 99.99790954589844, "Instances": [], "Parents": []}, {"Name": "Crash Helmet", "Confidence": 99.91824340820312, "Instances": [], "Parents": [{"Name": "Helmet"}, {"Name": "Clothing"}]}, {"Name": "Person", "Confidence": 81.75133514404297, "Instances": [{"BoundingBox": {"Width": 0.8339272141456604, "Height": 0.7840891480445862, "Left": 0.0903555154800415, "Top": 0.20204252004623413}, "Confidence": 81.75133514404297}], "Parents": []}, {"Name": "Human", "Confidence": 81.75133514404297, "Instances": [], "Parents": []}]