[{"Name": "Tire", "Confidence": 98.68144226074219, "Instances": [], "Parents": []}, {"Name": "Spoke", "Confidence": 98.59951782226562, "Instances": [], "Parents": [{"Name": "Machine"}]}, {"Name": "Machine", "Confidence": 98.59951782226562, "Instances": [], "Parents": []}, {"Name": "Alloy Wheel", "Confidence": 98.30726623535156, "Instances": [], "Parents": [{"Name": "Spoke"}, {"Name": "Wheel"}, {"Name": "Machine"}]}, {"Name": "Wheel", "Confidence": 98.30726623535156, "Instances": [], "Parents": [{"Name": "Machine"}]}, {"Name": "Car Wheel", "Confidence": 95.07321166992188, "Instances": [], "Parents": [{"Name": "Tire"}, {"Name": "Wheel"}, {"Name": "Machine"}]}, {"Name": "Car", "Confidence": 90.09911346435547, "Instances": [{"BoundingBox": {"Width": 0.9773878455162048, "Height": 0.8662452697753906, "Left": 0.020271427929401398, "Top": 0.11250606924295425}, "Confidence": 90.09911346435547}], "Parents": [{"Name": "Transportation"}]}, {"Name": "Transportation", "Confidence": 90.09911346435547, "Instances": [], "Parents": []}, {"Name": "Logo", "Confidence": 83.20451354980469, "Instances": [], "Parents": [{"Name": "Symbol"}]}, {"Name": "Symbol", "Confidence": 83.20451354980469, "Instances": [], "Parents": []}]