[{"Name": "Car", "Confidence": 99.8345947265625, "Instances": [{"BoundingBox": {"Width": 0.8740483522415161, "Height": 0.5783504247665405, "Left": 0.04945797100663185, "Top": 0.12353242188692093}, "Confidence": 99.8345947265625}], "Parents": [{"Name": "Vehicle"}, {"Name": "Transportation"}]}, {"Name": "Automobile", "Confidence": 99.8345947265625, "Instances": [], "Parents": [{"Name": "Vehicle"}, {"Name": "Transportation"}]}, {"Name": "Vehicle", "Confidence": 99.8345947265625, "Instances": [], "Parents": [{"Name": "Transportation"}]}, {"Name": "Transportation", "Confidence": 99.8345947265625, "Instances": [], "Parents": []}, {"Name": "Sports Car", "Confidence": 99.6581039428711, "Instances": [], "Parents": [{"Name": "Car"}, {"Name": "Vehicle"}, {"Name": "Transportation"}]}, {"Name": "Race Car", "Confidence": 98.7596664428711, "Instances": [], "Parents": [{"Name": "Sports Car"}, {"Name": "Car"}, {"Name": "Vehicle"}, {"Name": "Transportation"}]}, {"Name": "Coupe", "Confidence": 82.08815002441406, "Instances": [], "Parents": [{"Name": "Sports Car"}, {"Name": "Car"}, {"Name": "Vehicle"}, {"Name": "Transportation"}]}]