[{"Name": "Mirror", "Confidence": 92.57056427001953, "Instances": [], "Parents": []}, {"Name": "Car", "Confidence": 89.85167694091797, "Instances": [{"BoundingBox": {"Width": 0.9168719053268433, "Height": 0.9694834351539612, "Left": 0.05797243490815163, "Top": 0.029590634629130363}, "Confidence": 89.85167694091797}], "Parents": [{"Name": "Vehicle"}, {"Name": "Transportation"}]}, {"Name": "Transportation", "Confidence": 89.85167694091797, "Instances": [], "Parents": []}, {"Name": "Vehicle", "Confidence": 89.85167694091797, "Instances": [], "Parents": [{"Name": "Transportation"}]}, {"Name": "Automobile", "Confidence": 89.85167694091797, "Instances": [], "Parents": [{"Name": "Vehicle"}, {"Name": "Transportation"}]}, {"Name": "Fire Truck", "Confidence": 87.7352066040039, "Instances": [{"BoundingBox": {"Width": 0.9735791087150574, "Height": 0.9527865648269653, "Left": 0.025494949892163277, "Top": 0.04628753662109375}, "Confidence": 87.7352066040039}], "Parents": [{"Name": "Truck"}, {"Name": "Vehicle"}, {"Name": "Transportation"}]}, {"Name": "Truck", "Confidence": 87.7352066040039, "Instances": [], "Parents": [{"Name": "Vehicle"}, {"Name": "Transportation"}]}, {"Name": "Car Mirror", "Confidence": 84.0531005859375, "Instances": [], "Parents": [{"Name": "Mirror"}]}]