[{"Name": "Race Car", "Confidence": 99.9720230102539, "Instances": [], "Parents": [{"Name": "Sports Car"}, {"Name": "Car"}, {"Name": "Vehicle"}, {"Name": "Transportation"}]}, {"Name": "Sports Car", "Confidence": 99.9720230102539, "Instances": [], "Parents": [{"Name": "Car"}, {"Name": "Vehicle"}, {"Name": "Transportation"}]}, {"Name": "Car", "Confidence": 99.9720230102539, "Instances": [{"BoundingBox": {"Width": 0.4785624146461487, "Height": 0.27688953280448914, "Left": 0.5165473818778992, "Top": 0.5001257061958313}, "Confidence": 99.50597381591797}, {"BoundingBox": {"Width": 0.4273819923400879, "Height": 0.23301857709884644, "Left": 0.11136484891176224, "Top": 0.477622389793396}, "Confidence": 99.41094970703125}], "Parents": [{"Name": "Vehicle"}, {"Name": "Transportation"}]}, {"Name": "Vehicle", "Confidence": 99.9720230102539, "Instances": [], "Parents": [{"Name": "Transportation"}]}, {"Name": "Transportation", "Confidence": 99.9720230102539, "Instances": [], "Parents": []}, {"Name": "Automobile", "Confidence": 99.9720230102539, "Instances": [], "Parents": [{"Name": "Vehicle"}, {"Name": "Transportation"}]}, {"Name": "Tarmac", "Confidence": 97.5865707397461, "Instances": [], "Parents": []}, {"Name": "Asphalt", "Confidence": 97.5865707397461, "Instances": [], "Parents": []}]