[{"Name": "Clothing", "Confidence": 99.99967956542969, "Instances": [], "Parents": []}, {"Name": "Apparel", "Confidence": 99.99967956542969, "Instances": [], "Parents": []}, {"Name": "Helmet", "Confidence": 99.9813003540039, "Instances": [{"BoundingBox": {"Width": 0.8980879187583923, "Height": 0.7601183652877808, "Left": 0.08114508539438248, "Top": 0.10332446545362473}, "Confidence": 98.0131607055664}], "Parents": [{"Name": "Clothing"}]}, {"Name": "Crash Helmet", "Confidence": 99.96155548095703, "Instances": [], "Parents": [{"Name": "Helmet"}, {"Name": "Clothing"}]}]