[{"Name": "Race Car", "Confidence": 99.93891143798828, "Instances": [], "Parents": [{"Name": "Sports Car"}, {"Name": "Car"}, {"Name": "Vehicle"}, {"Name": "Transportation"}]}, {"Name": "Sports Car", "Confidence": 99.93891143798828, "Instances": [], "Parents": [{"Name": "Car"}, {"Name": "Vehicle"}, {"Name": "Transportation"}]}, {"Name": "Car", "Confidence": 99.93891143798828, "Instances": [{"BoundingBox": {"Width": 0.8500926494598389, "Height": 0.5819997191429138, "Left": 0.09275735914707184, "Top": 0.20393620431423187}, "Confidence": 99.85504913330078}], "Parents": [{"Name": "Vehicle"}, {"Name": "Transportation"}]}, {"Name": "Vehicle", "Confidence": 99.93891143798828, "Instances": [], "Parents": [{"Name": "Transportation"}]}, {"Name": "Transportation", "Confidence": 99.93891143798828, "Instances": [], "Parents": []}, {"Name": "Automobile", "Confidence": 99.93891143798828, "Instances": [], "Parents": [{"Name": "Vehicle"}, {"Name": "Transportation"}]}, {"Name": "Tarmac", "Confidence": 97.8501205444336, "Instances": [], "Parents": []}, {"Name": "Asphalt", "Confidence": 97.8501205444336, "Instances": [], "Parents": []}]