[{"Name": "Clothing", "Confidence": 99.99821472167969, "Instances": [], "Parents": []}, {"Name": "Apparel", "Confidence": 99.99821472167969, "Instances": [], "Parents": []}, {"Name": "Helmet", "Confidence": 99.97663879394531, "Instances": [{"BoundingBox": {"Width": 0.9762436151504517, "Height": 0.8128712773323059, "Left": 0.02236752025783062, "Top": 0.05916743725538254}, "Confidence": 86.39215087890625}], "Parents": [{"Name": "Clothing"}]}, {"Name": "Crash Helmet", "Confidence": 99.94169616699219, "Instances": [], "Parents": [{"Name": "Helmet"}, {"Name": "Clothing"}]}, {"Name": "Person", "Confidence": 96.90519714355469, "Instances": [{"BoundingBox": {"Width": 0.9035540819168091, "Height": 0.3927260637283325, "Left": 0.047184668481349945, "Top": 0.4227373003959656}, "Confidence": 96.90519714355469}], "Parents": []}, {"Name": "Human", "Confidence": 96.90519714355469, "Instances": [], "Parents": []}, {"Name": "Hardhat", "Confidence": 90.5495376586914, "Instances": [], "Parents": [{"Name": "Helmet"}, {"Name": "Clothing"}]}]