[{"Name": "Car", "Confidence": 99.81571197509766, "Instances": [{"BoundingBox": {"Width": 0.8057388067245483, "Height": 0.25313952565193176, "Left": 0.09852850437164307, "Top": 0.7209879755973816}, "Confidence": 99.81571197509766}], "Parents": [{"Name": "Transportation"}]}, {"Name": "Transportation", "Confidence": 99.81571197509766, "Instances": [], "Parents": []}, {"Name": "Wheel", "Confidence": 99.02556610107422, "Instances": [], "Parents": [{"Name": "Machine"}]}, {"Name": "Machine", "Confidence": 99.02556610107422, "Instances": [], "Parents": []}, {"Name": "Tire", "Confidence": 98.26309204101562, "Instances": [], "Parents": []}, {"Name": "Alloy Wheel", "Confidence": 97.89753723144531, "Instances": [], "Parents": [{"Name": "Spoke"}, {"Name": "Wheel"}, {"Name": "Machine"}]}, {"Name": "Spoke", "Confidence": 97.89753723144531, "Instances": [], "Parents": [{"Name": "Machine"}]}, {"Name": "Sports Car", "Confidence": 97.3564224243164, "Instances": [], "Parents": [{"Name": "Car"}, {"Name": "Transportation"}]}, {"Name": "Car Wheel", "Confidence": 96.37255096435547, "Instances": [], "Parents": [{"Name": "Tire"}, {"Name": "Wheel"}, {"Name": "Machine"}]}, {"Name": "Race Car", "Confidence": 95.40125274658203, "Instances": [], "Parents": [{"Name": "Sports Car"}, {"Name": "Car"}, {"Name": "Transportation"}]}]