[{"Name": "Clothing", "Confidence": 99.99142456054688, "Instances": [], "Parents": []}, {"Name": "Apparel", "Confidence": 99.99142456054688, "Instances": [], "Parents": []}, {"Name": "Person", "Confidence": 98.93925476074219, "Instances": [{"BoundingBox": {"Width": 0.9993055462837219, "Height": 0.9710420370101929, "Left": 0.0, "Top": 0.0050949519500136375}, "Confidence": 81.80414581298828}], "Parents": []}, {"Name": "Human", "Confidence": 98.93925476074219, "Instances": [], "Parents": []}, {"Name": "People", "Confidence": 98.42861938476562, "Instances": [], "Parents": [{"Name": "Person"}]}, {"Name": "Sport", "Confidence": 98.14043426513672, "Instances": [], "Parents": [{"Name": "Person"}]}, {"Name": "Sports", "Confidence": 98.14043426513672, "Instances": [], "Parents": [{"Name": "Person"}]}, {"Name": "Team Sport", "Confidence": 96.1771011352539, "Instances": [], "Parents": [{"Name": "Sport"}, {"Name": "Team"}, {"Name": "Person"}, {"Name": "People"}]}, {"Name": "Team", "Confidence": 96.1771011352539, "Instances": [], "Parents": [{"Name": "People"}, {"Name": "Person"}]}]