[{"Name": "Word", "Confidence": 96.31652069091797, "Instances": [], "Parents": []}, {"Name": "Text", "Confidence": 94.91588592529297, "Instances": [], "Parents": []}, {"Name": "Clothing", "Confidence": 90.73584747314453, "Instances": [], "Parents": []}, {"Name": "Apparel", "Confidence": 90.73584747314453, "Instances": [], "Parents": []}, {"Name": "Rug", "Confidence": 87.69214630126953, "Instances": [{"BoundingBox": {"Width": 0.9611902832984924, "Height": 0.866898775100708, "Left": 0.005498080980032682, "Top": 0.03432328999042511}, "Confidence": 87.69214630126953}], "Parents": []}]