[{"Name": "Tarmac", "Confidence": 99.46063232421875, "Instances": [], "Parents": []}, {"Name": "Asphalt", "Confidence": 99.46063232421875, "Instances": [], "Parents": []}, {"Name": "Sports Car", "Confidence": 98.44569396972656, "Instances": [], "Parents": [{"Name": "Car"}, {"Name": "Vehicle"}, {"Name": "Transportation"}]}, {"Name": "Car", "Confidence": 98.44569396972656, "Instances": [{"BoundingBox": {"Width": 0.577424943447113, "Height": 0.36503949761390686, "Left": 0.26060983538627625, "Top": 0.2515328824520111}, "Confidence": 94.60279846191406}], "Parents": [{"Name": "Vehicle"}, {"Name": "Transportation"}]}, {"Name": "Vehicle", "Confidence": 98.44569396972656, "Instances": [], "Parents": [{"Name": "Transportation"}]}, {"Name": "Transportation", "Confidence": 98.44569396972656, "Instances": [], "Parents": []}, {"Name": "Automobile", "Confidence": 98.44569396972656, "Instances": [], "Parents": [{"Name": "Vehicle"}, {"Name": "Transportation"}]}, {"Name": "Race Car", "Confidence": 96.88538360595703, "Instances": [], "Parents": [{"Name": "Sports Car"}, {"Name": "Car"}, {"Name": "Vehicle"}, {"Name": "Transportation"}]}, {"Name": "Road", "Confidence": 85.35771179199219, "Instances": [], "Parents": []}]