[{"Name": "Car", "Confidence": 99.9406509399414, "Instances": [{"BoundingBox": {"Width": 0.9053621888160706, "Height": 0.5118921995162964, "Left": 0.03629673272371292, "Top": 0.1883658915758133}, "Confidence": 99.9406509399414}, {"BoundingBox": {"Width": 0.18028590083122253, "Height": 0.3483087420463562, "Left": 0.0005219706799834967, "Top": 0.31033939123153687}, "Confidence": 77.85176086425781}], "Parents": [{"Name": "Vehicle"}, {"Name": "Transportation"}]}, {"Name": "Automobile", "Confidence": 99.9406509399414, "Instances": [], "Parents": [{"Name": "Vehicle"}, {"Name": "Transportation"}]}, {"Name": "Vehicle", "Confidence": 99.9406509399414, "Instances": [], "Parents": [{"Name": "Transportation"}]}, {"Name": "Transportation", "Confidence": 99.9406509399414, "Instances": [], "Parents": []}, {"Name": "Sports Car", "Confidence": 99.70281982421875, "Instances": [], "Parents": [{"Name": "Car"}, {"Name": "Vehicle"}, {"Name": "Transportation"}]}, {"Name": "Race Car", "Confidence": 99.62975311279297, "Instances": [], "Parents": [{"Name": "Sports Car"}, {"Name": "Car"}, {"Name": "Vehicle"}, {"Name": "Transportation"}]}, {"Name": "Tarmac", "Confidence": 90.44654846191406, "Instances": [], "Parents": []}, {"Name": "Asphalt", "Confidence": 90.44654846191406, "Instances": [], "Parents": []}]