[{"Name": "Car", "Confidence": 99.81148529052734, "Instances": [{"BoundingBox": {"Width": 0.9354695081710815, "Height": 0.834648072719574, "Left": 0.06360456347465515, "Top": 0.13434958457946777}, "Confidence": 99.81148529052734}], "Parents": [{"Name": "Transportation"}]}, {"Name": "Transportation", "Confidence": 99.81148529052734, "Instances": [], "Parents": []}, {"Name": "Tire", "Confidence": 99.03873443603516, "Instances": [], "Parents": []}, {"Name": "Spoke", "Confidence": 98.77286529541016, "Instances": [], "Parents": [{"Name": "Machine"}]}, {"Name": "Machine", "Confidence": 98.77286529541016, "Instances": [], "Parents": []}, {"Name": "Alloy Wheel", "Confidence": 98.72576904296875, "Instances": [], "Parents": [{"Name": "Spoke"}, {"Name": "Wheel"}, {"Name": "Machine"}]}, {"Name": "Wheel", "Confidence": 98.72576904296875, "Instances": [], "Parents": [{"Name": "Machine"}]}, {"Name": "Light", "Confidence": 97.66581726074219, "Instances": [], "Parents": []}, {"Name": "Car Wheel", "Confidence": 93.935546875, "Instances": [], "Parents": [{"Name": "Tire"}, {"Name": "Wheel"}, {"Name": "Machine"}]}, {"Name": "Headlight", "Confidence": 87.52974700927734, "Instances": [], "Parents": [{"Name": "Light"}]}]