[{"Name": "Glove", "Confidence": 100.0, "Instances": [{"BoundingBox": {"Width": 0.8034971356391907, "Height": 0.6986033320426941, "Left": 0.08460629731416702, "Top": 0.24071519076824188}, "Confidence": 100.0}], "Parents": [{"Name": "Clothing"}]}, {"Name": "Clothing", "Confidence": 100.0, "Instances": [], "Parents": []}, {"Name": "Apparel", "Confidence": 100.0, "Instances": [], "Parents": []}, {"Name": "People", "Confidence": 98.52530670166016, "Instances": [], "Parents": [{"Name": "Person"}]}, {"Name": "Person", "Confidence": 98.52530670166016, "Instances": [{"BoundingBox": {"Width": 0.9993055462837219, "Height": 0.84894859790802, "Left": 0.0, "Top": 0.12793444097042084}, "Confidence": 63.10179901123047}], "Parents": []}, {"Name": "Human", "Confidence": 98.52530670166016, "Instances": [], "Parents": []}, {"Name": "Team Sport", "Confidence": 95.16429901123047, "Instances": [], "Parents": [{"Name": "Sport"}, {"Name": "Team"}, {"Name": "Person"}, {"Name": "People"}]}, {"Name": "Sport", "Confidence": 95.16429901123047, "Instances": [], "Parents": [{"Name": "Person"}]}, {"Name": "Team", "Confidence": 95.16429901123047, "Instances": [], "Parents": [{"Name": "People"}, {"Name": "Person"}]}, {"Name": "Baseball", "Confidence": 82.96786499023438, "Instances": [], "Parents": [{"Name": "Team Sport"}, {"Name": "Sport"}, {"Name": "Team"}, {"Name": "Person"}, {"Name": "People"}]}]