[{"Name": "Person", "Confidence": 99.31937408447266, "Instances": [{"BoundingBox": {"Width": 0.7430190443992615, "Height": 0.9785577654838562, "Left": 0.188836470246315, "Top": 0.010095101781189442}, "Confidence": 99.31937408447266}, {"BoundingBox": {"Width": 0.4375349283218384, "Height": 0.9266805648803711, "Left": 0.5552542209625244, "Top": 0.05587853491306305}, "Confidence": 70.56964111328125}], "Parents": []}, {"Name": "Human", "Confidence": 99.31937408447266, "Instances": [], "Parents": []}, {"Name": "Headphones", "Confidence": 91.24308776855469, "Instances": [{"BoundingBox": {"Width": 0.3160741627216339, "Height": 0.6735747456550598, "Left": 0.678022027015686, "Top": 0.05096237733960152}, "Confidence": 91.24308776855469}], "Parents": [{"Name": "Electronics"}]}, {"Name": "Headset", "Confidence": 91.24308776855469, "Instances": [], "Parents": [{"Name": "Electronics"}]}, {"Name": "Electronics", "Confidence": 91.24308776855469, "Instances": [], "Parents": []}, {"Name": "Face", "Confidence": 82.74329376220703, "Instances": [], "Parents": [{"Name": "Person"}]}]