[{"Name": "Clothing", "Confidence": 99.99984741210938, "Instances": [], "Parents": []}, {"Name": "Apparel", "Confidence": 99.99984741210938, "Instances": [], "Parents": []}, {"Name": "Crash Helmet", "Confidence": 99.99657440185547, "Instances": [], "Parents": [{"Name": "Helmet"}, {"Name": "Clothing"}]}, {"Name": "Helmet", "Confidence": 99.99657440185547, "Instances": [{"BoundingBox": {"Width": 0.9103147387504578, "Height": 0.7251884341239929, "Left": 0.08058109879493713, "Top": 0.027958916500210762}, "Confidence": 96.71980285644531}], "Parents": [{"Name": "Clothing"}]}]