[{"Name": "Tarmac", "Confidence": 99.89315795898438, "Instances": [], "Parents": []}, {"Name": "Asphalt", "Confidence": 99.89315795898438, "Instances": [], "Parents": []}, {"Name": "Car", "Confidence": 99.31629943847656, "Instances": [{"BoundingBox": {"Width": 0.6179702877998352, "Height": 0.4052530825138092, "Left": 0.08912542462348938, "Top": 0.254770427942276}, "Confidence": 99.31629943847656}], "Parents": [{"Name": "Vehicle"}, {"Name": "Transportation"}]}, {"Name": "Automobile", "Confidence": 99.31629943847656, "Instances": [], "Parents": [{"Name": "Vehicle"}, {"Name": "Transportation"}]}, {"Name": "Transportation", "Confidence": 99.31629943847656, "Instances": [], "Parents": []}, {"Name": "Vehicle", "Confidence": 99.31629943847656, "Instances": [], "Parents": [{"Name": "Transportation"}]}, {"Name": "Sports Car", "Confidence": 99.24994659423828, "Instances": [], "Parents": [{"Name": "Car"}, {"Name": "Vehicle"}, {"Name": "Transportation"}]}, {"Name": "Race Car", "Confidence": 99.12369537353516, "Instances": [], "Parents": [{"Name": "Sports Car"}, {"Name": "Car"}, {"Name": "Vehicle"}, {"Name": "Transportation"}]}]