[{"Name": "Car", "Confidence": 99.7896728515625, "Instances": [{"BoundingBox": {"Width": 0.7424694299697876, "Height": 0.3962017595767975, "Left": 0.24450260400772095, "Top": 0.4281708598136902}, "Confidence": 99.7896728515625}, {"BoundingBox": {"Width": 0.7731568813323975, "Height": 0.4168570637702942, "Left": 0.007877392694354057, "Top": 0.5773414373397827}, "Confidence": 99.652099609375}], "Parents": [{"Name": "Vehicle"}, {"Name": "Transportation"}]}, {"Name": "Vehicle", "Confidence": 99.7896728515625, "Instances": [], "Parents": [{"Name": "Transportation"}]}, {"Name": "Transportation", "Confidence": 99.7896728515625, "Instances": [], "Parents": []}, {"Name": "Race Car", "Confidence": 99.48759460449219, "Instances": [], "Parents": [{"Name": "Sports Car"}, {"Name": "Car"}, {"Name": "Vehicle"}, {"Name": "Transportation"}]}, {"Name": "Sports Car", "Confidence": 99.48759460449219, "Instances": [], "Parents": [{"Name": "Car"}, {"Name": "Vehicle"}, {"Name": "Transportation"}]}, {"Name": "Tarmac", "Confidence": 97.66280364990234, "Instances": [], "Parents": []}, {"Name": "Wheel", "Confidence": 90.44409942626953, "Instances": [{"BoundingBox": {"Width": 0.10039986670017242, "Height": 0.17089255154132843, "Left": 0.5789315700531006, "Top": 0.637086808681488}, "Confidence": 90.44409942626953}, {"BoundingBox": {"Width": 0.0790679082274437, "Height": 0.17306824028491974, "Left": 0.92023766040802, "Top": 0.6248610615730286}, "Confidence": 87.41309356689453}], "Parents": [{"Name": "Machine"}]}, {"Name": "Machine", "Confidence": 90.44409942626953, "Instances": [], "Parents": []}, {"Name": "Person", "Confidence": 88.20584869384766, "Instances": [{"BoundingBox": {"Width": 0.02775251679122448, "Height": 0.07389136403799057, "Left": 0.8877210021018982, "Top": 0.16067509353160858}, "Confidence": 88.20584869384766}], "Parents": []}, {"Name": "Tire", "Confidence": 86.5299072265625, "Instances": [], "Parents": []}]