[{"Name": "Machine", "Confidence": 94.04024505615234, "Instances": [], "Parents": []}, {"Name": "Helicopter", "Confidence": 83.23380279541016, "Instances": [{"BoundingBox": {"Width": 0.9855377078056335, "Height": 0.9319735765457153, "Left": 0.00240737060084939, "Top": 0.027371343225240707}, "Confidence": 83.23380279541016}], "Parents": [{"Name": "Aircraft"}, {"Name": "Vehicle"}, {"Name": "Transportation"}]}, {"Name": "Transportation", "Confidence": 83.23380279541016, "Instances": [], "Parents": []}, {"Name": "Vehicle", "Confidence": 83.23380279541016, "Instances": [], "Parents": [{"Name": "Transportation"}]}, {"Name": "Aircraft", "Confidence": 83.23380279541016, "Instances": [], "Parents": [{"Name": "Vehicle"}, {"Name": "Transportation"}]}]