[{"Name": "Clothing", "Confidence": 99.99503326416016, "Instances": [], "Parents": []}, {"Name": "Apparel", "Confidence": 99.99503326416016, "Instances": [], "Parents": []}, {"Name": "Helmet", "Confidence": 99.98844146728516, "Instances": [{"BoundingBox": {"Width": 0.5371979475021362, "Height": 0.599550724029541, "Left": 0.4234812557697296, "Top": 0.08715188503265381}, "Confidence": 99.98844146728516}], "Parents": [{"Name": "Clothing"}]}, {"Name": "Crash Helmet", "Confidence": 99.97587585449219, "Instances": [], "Parents": [{"Name": "Helmet"}, {"Name": "Clothing"}]}]