[{"Name": "Race Car", "Confidence": 99.82592010498047, "Instances": [], "Parents": [{"Name": "Sports Car"}, {"Name": "Car"}, {"Name": "Vehicle"}, {"Name": "Transportation"}]}, {"Name": "Sports Car", "Confidence": 99.82592010498047, "Instances": [], "Parents": [{"Name": "Car"}, {"Name": "Vehicle"}, {"Name": "Transportation"}]}, {"Name": "Car", "Confidence": 99.82592010498047, "Instances": [{"BoundingBox": {"Width": 0.7229576110839844, "Height": 0.6574151515960693, "Left": 0.015515665523707867, "Top": 0.18312479555606842}, "Confidence": 99.70450592041016}], "Parents": [{"Name": "Vehicle"}, {"Name": "Transportation"}]}, {"Name": "Vehicle", "Confidence": 99.82592010498047, "Instances": [], "Parents": [{"Name": "Transportation"}]}, {"Name": "Transportation", "Confidence": 99.82592010498047, "Instances": [], "Parents": []}, {"Name": "Automobile", "Confidence": 99.82592010498047, "Instances": [], "Parents": [{"Name": "Vehicle"}, {"Name": "Transportation"}]}, {"Name": "Tarmac", "Confidence": 95.71134948730469, "Instances": [], "Parents": []}, {"Name": "Asphalt", "Confidence": 95.71134948730469, "Instances": [], "Parents": []}, {"Name": "Tire", "Confidence": 88.40576934814453, "Instances": [], "Parents": []}]