[{"Name": "Alloy Wheel", "Confidence": 99.98336029052734, "Instances": [], "Parents": [{"Name": "Spoke"}, {"Name": "Wheel"}, {"Name": "Machine"}]}, {"Name": "Spoke", "Confidence": 99.98336029052734, "Instances": [], "Parents": [{"Name": "Machine"}]}, {"Name": "Wheel", "Confidence": 99.98336029052734, "Instances": [], "Parents": [{"Name": "Machine"}]}, {"Name": "Machine", "Confidence": 99.98336029052734, "Instances": [], "Parents": []}, {"Name": "Tire", "Confidence": 99.74456024169922, "Instances": [], "Parents": []}, {"Name": "Car Wheel", "Confidence": 99.29588317871094, "Instances": [], "Parents": [{"Name": "Tire"}, {"Name": "Wheel"}, {"Name": "Machine"}]}, {"Name": "Car", "Confidence": 98.75871276855469, "Instances": [{"BoundingBox": {"Width": 0.8620523810386658, "Height": 0.8745932579040527, "Left": 0.026345951482653618, "Top": 0.10724351555109024}, "Confidence": 98.75871276855469}], "Parents": [{"Name": "Vehicle"}, {"Name": "Transportation"}]}, {"Name": "Transportation", "Confidence": 98.75871276855469, "Instances": [], "Parents": []}, {"Name": "Vehicle", "Confidence": 98.75871276855469, "Instances": [], "Parents": [{"Name": "Transportation"}]}, {"Name": "Automobile", "Confidence": 98.75871276855469, "Instances": [], "Parents": [{"Name": "Vehicle"}, {"Name": "Transportation"}]}]