[{"Name": "Car", "Confidence": 99.74044799804688, "Instances": [{"BoundingBox": {"Width": 0.912462592124939, "Height": 0.2976876497268677, "Left": 0.05116020515561104, "Top": 0.33446308970451355}, "Confidence": 99.74044799804688}, {"BoundingBox": {"Width": 0.3378411829471588, "Height": 0.16145864129066467, "Left": 0.0017640573205426335, "Top": 0.32880404591560364}, "Confidence": 78.05340576171875}], "Parents": [{"Name": "Vehicle"}, {"Name": "Transportation"}]}, {"Name": "Transportation", "Confidence": 99.74044799804688, "Instances": [], "Parents": []}, {"Name": "Vehicle", "Confidence": 99.74044799804688, "Instances": [], "Parents": [{"Name": "Transportation"}]}, {"Name": "Race Car", "Confidence": 99.62516784667969, "Instances": [], "Parents": [{"Name": "Sports Car"}, {"Name": "Car"}, {"Name": "Vehicle"}, {"Name": "Transportation"}]}, {"Name": "Sports Car", "Confidence": 99.62516784667969, "Instances": [], "Parents": [{"Name": "Car"}, {"Name": "Vehicle"}, {"Name": "Transportation"}]}, {"Name": "Tarmac", "Confidence": 96.8996353149414, "Instances": [], "Parents": []}, {"Name": "Spoke", "Confidence": 95.2190933227539, "Instances": [], "Parents": []}, {"Name": "Tire", "Confidence": 94.86678314208984, "Instances": [], "Parents": []}, {"Name": "Alloy Wheel", "Confidence": 94.73943328857422, "Instances": [], "Parents": [{"Name": "Spoke"}, {"Name": "Wheel"}]}, {"Name": "Wheel", "Confidence": 94.73943328857422, "Instances": [], "Parents": []}]