[{"Name": "Car", "Confidence": 99.42215728759766, "Instances": [{"BoundingBox": {"Width": 0.8990844488143921, "Height": 0.7520627379417419, "Left": 0.07448899745941162, "Top": 0.1785280406475067}, "Confidence": 99.42215728759766}], "Parents": [{"Name": "Vehicle"}, {"Name": "Transportation"}]}, {"Name": "Transportation", "Confidence": 99.42215728759766, "Instances": [], "Parents": []}, {"Name": "Vehicle", "Confidence": 99.42215728759766, "Instances": [], "Parents": [{"Name": "Transportation"}]}, {"Name": "Alloy Wheel", "Confidence": 99.37552642822266, "Instances": [], "Parents": [{"Name": "Spoke"}, {"Name": "Wheel"}, {"Name": "Machine"}]}, {"Name": "Wheel", "Confidence": 99.37552642822266, "Instances": [], "Parents": [{"Name": "Machine"}]}, {"Name": "Spoke", "Confidence": 99.37552642822266, "Instances": [], "Parents": [{"Name": "Machine"}]}, {"Name": "Machine", "Confidence": 99.37552642822266, "Instances": [], "Parents": []}, {"Name": "Tire", "Confidence": 99.17615509033203, "Instances": [], "Parents": []}, {"Name": "Car Wheel", "Confidence": 97.25084686279297, "Instances": [], "Parents": [{"Name": "Tire"}, {"Name": "Wheel"}, {"Name": "Machine"}]}, {"Name": "Car Wash", "Confidence": 81.41146087646484, "Instances": [], "Parents": [{"Name": "Car"}, {"Name": "Vehicle"}, {"Name": "Transportation"}]}]