[{"Name": "Race Car", "Confidence": 99.28160095214844, "Instances": [], "Parents": [{"Name": "Sports Car"}, {"Name": "Car"}, {"Name": "Vehicle"}, {"Name": "Transportation"}]}, {"Name": "Transportation", "Confidence": 99.28160095214844, "Instances": [], "Parents": []}, {"Name": "Vehicle", "Confidence": 99.28160095214844, "Instances": [], "Parents": [{"Name": "Transportation"}]}, {"Name": "Sports Car", "Confidence": 99.28160095214844, "Instances": [], "Parents": [{"Name": "Car"}, {"Name": "Vehicle"}, {"Name": "Transportation"}]}, {"Name": "Car", "Confidence": 99.28160095214844, "Instances": [], "Parents": [{"Name": "Vehicle"}, {"Name": "Transportation"}]}, {"Name": "Automobile", "Confidence": 99.28160095214844, "Instances": [], "Parents": [{"Name": "Vehicle"}, {"Name": "Transportation"}]}, {"Name": "Clothing", "Confidence": 93.76696014404297, "Instances": [], "Parents": []}, {"Name": "Apparel", "Confidence": 93.76696014404297, "Instances": [], "Parents": []}, {"Name": "Crash Helmet", "Confidence": 83.71991729736328, "Instances": [], "Parents": [{"Name": "Helmet"}, {"Name": "Clothing"}]}, {"Name": "Helmet", "Confidence": 83.71991729736328, "Instances": [], "Parents": [{"Name": "Clothing"}]}]