[{"Name": "Car", "Confidence": 99.78231048583984, "Instances": [{"BoundingBox": {"Width": 0.6934213638305664, "Height": 0.49179038405418396, "Left": 0.044367581605911255, "Top": 0.4577617943286896}, "Confidence": 99.78231048583984}], "Parents": [{"Name": "Vehicle"}, {"Name": "Transportation"}]}, {"Name": "Automobile", "Confidence": 99.78231048583984, "Instances": [], "Parents": [{"Name": "Vehicle"}, {"Name": "Transportation"}]}, {"Name": "Transportation", "Confidence": 99.78231048583984, "Instances": [], "Parents": []}, {"Name": "Vehicle", "Confidence": 99.78231048583984, "Instances": [], "Parents": [{"Name": "Transportation"}]}, {"Name": "Sports Car", "Confidence": 99.7662582397461, "Instances": [], "Parents": [{"Name": "Car"}, {"Name": "Vehicle"}, {"Name": "Transportation"}]}, {"Name": "Race Car", "Confidence": 99.63428497314453, "Instances": [], "Parents": [{"Name": "Sports Car"}, {"Name": "Car"}, {"Name": "Vehicle"}, {"Name": "Transportation"}]}, {"Name": "Tarmac", "Confidence": 98.99928283691406, "Instances": [], "Parents": []}, {"Name": "Asphalt", "Confidence": 98.99928283691406, "Instances": [], "Parents": []}]