[{"Name": "Clothing", "Confidence": 99.88461303710938, "Instances": [], "Parents": []}, {"Name": "Apparel", "Confidence": 99.88461303710938, "Instances": [], "Parents": []}, {"Name": "Jacket", "Confidence": 98.11014556884766, "Instances": [], "Parents": [{"Name": "Coat"}, {"Name": "Clothing"}]}, {"Name": "Coat", "Confidence": 98.11014556884766, "Instances": [], "Parents": [{"Name": "Clothing"}]}, {"Name": "Person", "Confidence": 92.27909851074219, "Instances": [{"BoundingBox": {"Width": 0.6247787475585938, "Height": 0.8283147215843201, "Left": 0.08734241127967834, "Top": 0.157868430018425}, "Confidence": 90.62701416015625}], "Parents": []}, {"Name": "Human", "Confidence": 92.27909851074219, "Instances": [], "Parents": []}]