[{"Name": "Goggles", "Confidence": 97.81522369384766, "Instances": [], "Parents": [{"Name": "Accessories"}]}, {"Name": "Accessories", "Confidence": 97.81522369384766, "Instances": [], "Parents": []}, {"Name": "Accessory", "Confidence": 97.81522369384766, "Instances": [], "Parents": []}, {"Name": "Glasses", "Confidence": 91.39846801757812, "Instances": [], "Parents": [{"Name": "Accessories"}]}, {"Name": "Clothing", "Confidence": 85.40310668945312, "Instances": [], "Parents": []}, {"Name": "Apparel", "Confidence": 85.40310668945312, "Instances": [], "Parents": []}, {"Name": "Person", "Confidence": 80.51351165771484, "Instances": [{"BoundingBox": {"Width": 0.892282247543335, "Height": 0.5058668255805969, "Left": 0.028271272778511047, "Top": 0.26461613178253174}, "Confidence": 80.51351165771484}], "Parents": []}, {"Name": "Human", "Confidence": 80.51351165771484, "Instances": [], "Parents": []}]