[{"Name": "Car", "Confidence": 99.99082946777344, "Instances": [{"BoundingBox": {"Width": 0.879450261592865, "Height": 0.4759359359741211, "Left": 0.06301713734865189, "Top": 0.2152027189731598}, "Confidence": 99.99082946777344}], "Parents": [{"Name": "Vehicle"}, {"Name": "Transportation"}]}, {"Name": "Automobile", "Confidence": 99.99082946777344, "Instances": [], "Parents": [{"Name": "Vehicle"}, {"Name": "Transportation"}]}, {"Name": "Transportation", "Confidence": 99.99082946777344, "Instances": [], "Parents": []}, {"Name": "Vehicle", "Confidence": 99.99082946777344, "Instances": [], "Parents": [{"Name": "Transportation"}]}, {"Name": "Sports Car", "Confidence": 99.7199935913086, "Instances": [], "Parents": [{"Name": "Car"}, {"Name": "Vehicle"}, {"Name": "Transportation"}]}, {"Name": "Race Car", "Confidence": 99.71133422851562, "Instances": [], "Parents": [{"Name": "Sports Car"}, {"Name": "Car"}, {"Name": "Vehicle"}, {"Name": "Transportation"}]}, {"Name": "Tarmac", "Confidence": 95.62025451660156, "Instances": [], "Parents": []}, {"Name": "Asphalt", "Confidence": 95.62025451660156, "Instances": [], "Parents": []}]