[{"Name": "Car", "Confidence": 99.93367004394531, "Instances": [{"BoundingBox": {"Width": 0.8897680640220642, "Height": 0.5583020448684692, "Left": 0.043039195239543915, "Top": 0.26909804344177246}, "Confidence": 99.93367004394531}], "Parents": [{"Name": "Vehicle"}, {"Name": "Transportation"}]}, {"Name": "Automobile", "Confidence": 99.93367004394531, "Instances": [], "Parents": [{"Name": "Vehicle"}, {"Name": "Transportation"}]}, {"Name": "Vehicle", "Confidence": 99.93367004394531, "Instances": [], "Parents": [{"Name": "Transportation"}]}, {"Name": "Transportation", "Confidence": 99.93367004394531, "Instances": [], "Parents": []}, {"Name": "Sports Car", "Confidence": 99.5936508178711, "Instances": [], "Parents": [{"Name": "Car"}, {"Name": "Vehicle"}, {"Name": "Transportation"}]}, {"Name": "Race Car", "Confidence": 99.54411315917969, "Instances": [], "Parents": [{"Name": "Sports Car"}, {"Name": "Car"}, {"Name": "Vehicle"}, {"Name": "Transportation"}]}, {"Name": "Tarmac", "Confidence": 93.40647888183594, "Instances": [], "Parents": []}, {"Name": "Asphalt", "Confidence": 93.40647888183594, "Instances": [], "Parents": []}, {"Name": "Tire", "Confidence": 86.95606994628906, "Instances": [], "Parents": []}, {"Name": "Person", "Confidence": 86.29241943359375, "Instances": [{"BoundingBox": {"Width": 0.09921073913574219, "Height": 0.10266206413507462, "Left": 0.6413269639015198, "Top": 0.3794994056224823}, "Confidence": 86.29241943359375}], "Parents": []}]