[{"Name": "Helmet", "Confidence": 99.87566375732422, "Instances": [{"BoundingBox": {"Width": 0.20889075100421906, "Height": 0.16933810710906982, "Left": 0.018097644671797752, "Top": 0.2067171186208725}, "Confidence": 99.87566375732422}], "Parents": [{"Name": "Clothing"}]}, {"Name": "Clothing", "Confidence": 99.87566375732422, "Instances": [], "Parents": []}, {"Name": "Apparel", "Confidence": 99.87566375732422, "Instances": [], "Parents": []}, {"Name": "Race Car", "Confidence": 99.84345245361328, "Instances": [], "Parents": [{"Name": "Sports Car"}, {"Name": "Car"}, {"Name": "Vehicle"}, {"Name": "Transportation"}]}, {"Name": "Sports Car", "Confidence": 99.84345245361328, "Instances": [], "Parents": [{"Name": "Car"}, {"Name": "Vehicle"}, {"Name": "Transportation"}]}, {"Name": "Car", "Confidence": 99.84345245361328, "Instances": [], "Parents": [{"Name": "Vehicle"}, {"Name": "Transportation"}]}, {"Name": "Transportation", "Confidence": 99.84345245361328, "Instances": [], "Parents": []}, {"Name": "Vehicle", "Confidence": 99.84345245361328, "Instances": [], "Parents": [{"Name": "Transportation"}]}, {"Name": "Person", "Confidence": 97.3489990234375, "Instances": [{"BoundingBox": {"Width": 0.6976814866065979, "Height": 0.8734405040740967, "Left": 0.16564525663852692, "Top": 0.12138256430625916}, "Confidence": 97.3489990234375}], "Parents": []}, {"Name": "People", "Confidence": 86.34943389892578, "Instances": [], "Parents": [{"Name": "Person"}]}]