[{"Name": "Clothing", "Confidence": 99.94536590576172, "Instances": [], "Parents": []}, {"Name": "Apparel", "Confidence": 99.94536590576172, "Instances": [], "Parents": []}, {"Name": "Person", "Confidence": 98.59939575195312, "Instances": [{"BoundingBox": {"Width": 0.8385129570960999, "Height": 0.8847958445549011, "Left": 0.12709307670593262, "Top": 0.03692081198096275}, "Confidence": 98.59939575195312}], "Parents": []}, {"Name": "Human", "Confidence": 98.59939575195312, "Instances": [], "Parents": []}, {"Name": "Shoe", "Confidence": 95.99906158447266, "Instances": [{"BoundingBox": {"Width": 0.6077162623405457, "Height": 0.4511142373085022, "Left": 0.3284984529018402, "Top": 0.40691426396369934}, "Confidence": 86.58939361572266}], "Parents": [{"Name": "Footwear"}, {"Name": "Clothing"}]}, {"Name": "Footwear", "Confidence": 95.99906158447266, "Instances": [], "Parents": [{"Name": "Clothing"}]}, {"Name": "Sneaker", "Confidence": 82.4240493774414, "Instances": [], "Parents": [{"Name": "Shoe"}, {"Name": "Footwear"}, {"Name": "Clothing"}]}]