[{"Name": "Car", "Confidence": 99.34197235107422, "Instances": [{"BoundingBox": {"Width": 0.9032995700836182, "Height": 0.7642576098442078, "Left": 0.06677339226007462, "Top": 0.14928670227527618}, "Confidence": 99.34197235107422}], "Parents": [{"Name": "Vehicle"}, {"Name": "Transportation"}]}, {"Name": "Automobile", "Confidence": 99.34197235107422, "Instances": [], "Parents": [{"Name": "Vehicle"}, {"Name": "Transportation"}]}, {"Name": "Transportation", "Confidence": 99.34197235107422, "Instances": [], "Parents": []}, {"Name": "Vehicle", "Confidence": 99.34197235107422, "Instances": [], "Parents": [{"Name": "Transportation"}]}]