[{"Name": "Helmet", "Confidence": 99.83391571044922, "Instances": [{"BoundingBox": {"Width": 0.17739033699035645, "Height": 0.14440174400806427, "Left": 0.6065265536308289, "Top": 0.14884288609027863}, "Confidence": 99.83391571044922}], "Parents": [{"Name": "Clothing"}]}, {"Name": "Clothing", "Confidence": 99.83391571044922, "Instances": [], "Parents": []}, {"Name": "Person", "Confidence": 99.48666381835938, "Instances": [{"BoundingBox": {"Width": 0.4518505036830902, "Height": 0.6869364380836487, "Left": 0.4966019093990326, "Top": 0.15218156576156616}, "Confidence": 99.48666381835938}], "Parents": []}, {"Name": "Car", "Confidence": 99.14749145507812, "Instances": [{"BoundingBox": {"Width": 0.45259910821914673, "Height": 0.6098198890686035, "Left": 0.00934414379298687, "Top": 0.2966081500053406}, "Confidence": 99.14749145507812}], "Parents": []}, {"Name": "Shoe", "Confidence": 97.88605499267578, "Instances": [{"BoundingBox": {"Width": 0.1193951889872551, "Height": 0.07682101428508759, "Left": 0.6199766397476196, "Top": 0.7672514915466309}, "Confidence": 97.88605499267578}, {"BoundingBox": {"Width": 0.05779910460114479, "Height": 0.07965454459190369, "Left": 0.8368651270866394, "Top": 0.7387062311172485}, "Confidence": 94.86402893066406}], "Parents": [{"Name": "Clothing"}]}, {"Name": "Sports Car", "Confidence": 95.96659851074219, "Instances": [], "Parents": [{"Name": "Car"}]}, {"Name": "Tire", "Confidence": 93.5250015258789, "Instances": [], "Parents": []}, {"Name": "Race Car", "Confidence": 85.5451889038086, "Instances": [], "Parents": [{"Name": "Sports Car"}, {"Name": "Car"}]}, {"Name": "Machine", "Confidence": 84.41378021240234, "Instances": [], "Parents": []}, {"Name": "Crash Helmet", "Confidence": 83.21476745605469, "Instances": [], "Parents": [{"Name": "Helmet"}, {"Name": "Clothing"}]}]