[{"Name": "Car", "Confidence": 94.42987060546875, "Instances": [{"BoundingBox": {"Width": 0.766935408115387, "Height": 0.49916258454322815, "Left": 0.10955772548913956, "Top": 0.3153790235519409}, "Confidence": 94.42987060546875}], "Parents": [{"Name": "Vehicle"}, {"Name": "Transportation"}]}, {"Name": "Automobile", "Confidence": 94.42987060546875, "Instances": [], "Parents": [{"Name": "Vehicle"}, {"Name": "Transportation"}]}, {"Name": "Vehicle", "Confidence": 94.42987060546875, "Instances": [], "Parents": [{"Name": "Transportation"}]}, {"Name": "Transportation", "Confidence": 94.42987060546875, "Instances": [], "Parents": []}, {"Name": "Machine", "Confidence": 87.81653594970703, "Instances": [], "Parents": []}, {"Name": "Alloy Wheel", "Confidence": 87.18392181396484, "Instances": [], "Parents": [{"Name": "Spoke"}, {"Name": "Wheel"}, {"Name": "Machine"}]}, {"Name": "Spoke", "Confidence": 87.18392181396484, "Instances": [], "Parents": [{"Name": "Machine"}]}, {"Name": "Wheel", "Confidence": 87.18392181396484, "Instances": [], "Parents": [{"Name": "Machine"}]}, {"Name": "Tire", "Confidence": 83.75930786132812, "Instances": [], "Parents": []}]