[{"Name": "Race Car", "Confidence": 99.45106506347656, "Instances": [], "Parents": [{"Name": "Sports Car"}, {"Name": "Car"}, {"Name": "Vehicle"}, {"Name": "Transportation"}]}, {"Name": "Sports Car", "Confidence": 99.45106506347656, "Instances": [], "Parents": [{"Name": "Car"}, {"Name": "Vehicle"}, {"Name": "Transportation"}]}, {"Name": "Car", "Confidence": 99.45106506347656, "Instances": [{"BoundingBox": {"Width": 0.3716334104537964, "Height": 0.22406938672065735, "Left": 0.29409217834472656, "Top": 0.599753737449646}, "Confidence": 98.8027572631836}, {"BoundingBox": {"Width": 0.3596486449241638, "Height": 0.20740856230258942, "Left": 0.6340325474739075, "Top": 0.5879374742507935}, "Confidence": 94.34822082519531}, {"BoundingBox": {"Width": 0.20445707440376282, "Height": 0.18662694096565247, "Left": 0.18164649605751038, "Top": 0.6107439398765564}, "Confidence": 93.25594329833984}, {"BoundingBox": {"Width": 0.26699763536453247, "Height": 0.19040340185165405, "Left": 0.009649637155234814, "Top": 0.5915642380714417}, "Confidence": 73.78205108642578}], "Parents": [{"Name": "Vehicle"}, {"Name": "Transportation"}]}, {"Name": "Vehicle", "Confidence": 99.45106506347656, "Instances": [], "Parents": [{"Name": "Transportation"}]}, {"Name": "Transportation", "Confidence": 99.45106506347656, "Instances": [], "Parents": []}, {"Name": "Automobile", "Confidence": 99.45106506347656, "Instances": [], "Parents": [{"Name": "Vehicle"}, {"Name": "Transportation"}]}, {"Name": "Tarmac", "Confidence": 94.49212646484375, "Instances": [], "Parents": []}, {"Name": "Asphalt", "Confidence": 94.49212646484375, "Instances": [], "Parents": []}]