[{"Name": "Car", "Confidence": 97.48724365234375, "Instances": [{"BoundingBox": {"Width": 0.40312838554382324, "Height": 0.21081285178661346, "Left": 0.3106965720653534, "Top": 0.5720677375793457}, "Confidence": 97.48724365234375}], "Parents": [{"Name": "Vehicle"}, {"Name": "Transportation"}]}, {"Name": "Vehicle", "Confidence": 97.48724365234375, "Instances": [], "Parents": [{"Name": "Transportation"}]}, {"Name": "Transportation", "Confidence": 97.48724365234375, "Instances": [], "Parents": []}, {"Name": "Sports Car", "Confidence": 97.1626968383789, "Instances": [], "Parents": [{"Name": "Car"}, {"Name": "Vehicle"}, {"Name": "Transportation"}]}, {"Name": "Nature", "Confidence": 89.6653060913086, "Instances": [], "Parents": []}, {"Name": "Outdoors", "Confidence": 88.46328735351562, "Instances": [], "Parents": []}, {"Name": "Bird", "Confidence": 83.76631927490234, "Instances": [{"BoundingBox": {"Width": 0.007344394456595182, "Height": 0.010267605073750019, "Left": 0.7194586992263794, "Top": 0.23827984929084778}, "Confidence": 83.76631927490234}, {"BoundingBox": {"Width": 0.00895572267472744, "Height": 0.009407653473317623, "Left": 0.7215018272399902, "Top": 0.2371218055486679}, "Confidence": 76.66424560546875}, {"BoundingBox": {"Width": 0.00685068778693676, "Height": 0.007631971500813961, "Left": 0.7370700240135193, "Top": 0.1963421106338501}, "Confidence": 62.163734436035156}, {"BoundingBox": {"Width": 0.006817626766860485, "Height": 0.0053163315169513226, "Left": 0.7505398988723755, "Top": 0.24725908041000366}, "Confidence": 61.357933044433594}], "Parents": []}, {"Name": "Coupe", "Confidence": 83.45033264160156, "Instances": [], "Parents": [{"Name": "Sports Car"}, {"Name": "Car"}, {"Name": "Vehicle"}, {"Name": "Transportation"}]}, {"Name": "Offroad", "Confidence": 82.72789001464844, "Instances": [], "Parents": [{"Name": "Vehicle"}, {"Name": "Transportation"}]}, {"Name": "Race Car", "Confidence": 81.28033447265625, "Instances": [], "Parents": [{"Name": "Sports Car"}, {"Name": "Car"}, {"Name": "Vehicle"}, {"Name": "Transportation"}]}]