[{"Name": "Car", "Confidence": 99.14800262451172, "Instances": [{"BoundingBox": {"Width": 0.8607457876205444, "Height": 0.3314528167247772, "Left": 0.04547123610973358, "Top": 0.42872166633605957}, "Confidence": 94.93637084960938}], "Parents": [{"Name": "Vehicle"}, {"Name": "Transportation"}]}, {"Name": "Automobile", "Confidence": 99.14800262451172, "Instances": [], "Parents": [{"Name": "Vehicle"}, {"Name": "Transportation"}]}, {"Name": "Vehicle", "Confidence": 99.14800262451172, "Instances": [], "Parents": [{"Name": "Transportation"}]}, {"Name": "Transportation", "Confidence": 99.14800262451172, "Instances": [], "Parents": []}, {"Name": "Formula One", "Confidence": 96.46060943603516, "Instances": [], "Parents": [{"Name": "Car"}, {"Name": "Vehicle"}, {"Name": "Transportation"}]}, {"Name": "Wheel", "Confidence": 94.12641143798828, "Instances": [{"BoundingBox": {"Width": 0.15059131383895874, "Height": 0.17711389064788818, "Left": 0.05052252858877182, "Top": 0.5787692070007324}, "Confidence": 94.12641143798828}, {"BoundingBox": {"Width": 0.13450287282466888, "Height": 0.16802965104579926, "Left": 0.8254878520965576, "Top": 0.5570133328437805}, "Confidence": 84.74945831298828}, {"BoundingBox": {"Width": 0.14819766581058502, "Height": 0.16408713161945343, "Left": 0.6110435724258423, "Top": 0.5826696753501892}, "Confidence": 69.5338363647461}], "Parents": [{"Name": "Machine"}]}, {"Name": "Machine", "Confidence": 94.12641143798828, "Instances": [], "Parents": []}]