[{"Name": "Tarmac", "Confidence": 99.6785659790039, "Instances": [], "Parents": []}, {"Name": "Asphalt", "Confidence": 99.6785659790039, "Instances": [], "Parents": []}, {"Name": "Person", "Confidence": 99.30703735351562, "Instances": [{"BoundingBox": {"Width": 0.21971267461776733, "Height": 0.34990549087524414, "Left": 0.3026115298271179, "Top": 0.0052270139567554}, "Confidence": 99.30703735351562}], "Parents": []}, {"Name": "Human", "Confidence": 99.30703735351562, "Instances": [], "Parents": []}, {"Name": "Road", "Confidence": 99.27721405029297, "Instances": [], "Parents": []}, {"Name": "Zebra Crossing", "Confidence": 88.9700927734375, "Instances": [], "Parents": [{"Name": "Tarmac"}, {"Name": "Road"}]}]