[{"Name": "Sports Car", "Confidence": 98.99736785888672, "Instances": [], "Parents": [{"Name": "Car"}]}, {"Name": "Car", "Confidence": 98.99736785888672, "Instances": [{"BoundingBox": {"Width": 0.8611809611320496, "Height": 0.7351182103157043, "Left": 0.13812455534934998, "Top": 0.12468315660953522}, "Confidence": 78.52859497070312}], "Parents": []}, {"Name": "Tire", "Confidence": 98.71595001220703, "Instances": [], "Parents": []}, {"Name": "Race Car", "Confidence": 98.29227447509766, "Instances": [], "Parents": [{"Name": "Sports Car"}, {"Name": "Car"}]}, {"Name": "Person", "Confidence": 97.03301239013672, "Instances": [{"BoundingBox": {"Width": 0.29519012570381165, "Height": 0.16802681982517242, "Left": 0.5309704542160034, "Top": 0.008764546364545822}, "Confidence": 97.03301239013672}], "Parents": []}, {"Name": "Spoke", "Confidence": 96.04891204833984, "Instances": [], "Parents": [{"Name": "Machine"}]}, {"Name": "Machine", "Confidence": 96.04891204833984, "Instances": [], "Parents": []}, {"Name": "Wheel", "Confidence": 93.79035949707031, "Instances": [], "Parents": [{"Name": "Machine"}]}, {"Name": "Alloy Wheel", "Confidence": 93.76181030273438, "Instances": [], "Parents": [{"Name": "Spoke"}, {"Name": "Wheel"}, {"Name": "Machine"}]}, {"Name": "Car Wheel", "Confidence": 91.21253204345703, "Instances": [], "Parents": [{"Name": "Tire"}, {"Name": "Wheel"}, {"Name": "Machine"}]}]