[{"Name": "Sports Car", "Confidence": 99.47561645507812, "Instances": [], "Parents": [{"Name": "Car"}, {"Name": "Vehicle"}]}, {"Name": "Car", "Confidence": 99.47561645507812, "Instances": [{"BoundingBox": {"Width": 0.8279364705085754, "Height": 0.6713821291923523, "Left": 0.17136909067630768, "Top": 0.236869677901268}, "Confidence": 95.4517593383789}], "Parents": [{"Name": "Vehicle"}]}, {"Name": "Vehicle", "Confidence": 99.47561645507812, "Instances": [], "Parents": []}, {"Name": "Tire", "Confidence": 99.00463104248047, "Instances": [], "Parents": []}, {"Name": "Race Car", "Confidence": 98.81591033935547, "Instances": [], "Parents": [{"Name": "Sports Car"}, {"Name": "Car"}, {"Name": "Vehicle"}]}, {"Name": "Alloy Wheel", "Confidence": 98.47038269042969, "Instances": [], "Parents": [{"Name": "Spoke"}, {"Name": "Wheel"}, {"Name": "Machine"}]}, {"Name": "Wheel", "Confidence": 98.47038269042969, "Instances": [{"BoundingBox": {"Width": 0.1113007441163063, "Height": 0.34248480200767517, "Left": 0.8880048394203186, "Top": 0.5535820722579956}, "Confidence": 51.379432678222656}], "Parents": [{"Name": "Machine"}]}, {"Name": "Spoke", "Confidence": 98.47038269042969, "Instances": [], "Parents": [{"Name": "Machine"}]}, {"Name": "Machine", "Confidence": 98.47038269042969, "Instances": [], "Parents": []}, {"Name": "Car Wheel", "Confidence": 95.42594909667969, "Instances": [], "Parents": [{"Name": "Tire"}, {"Name": "Wheel"}, {"Name": "Machine"}]}]