[{"Name": "Car", "Confidence": 99.94657897949219, "Instances": [{"BoundingBox": {"Width": 0.9147812128067017, "Height": 0.5044333934783936, "Left": 0.0465196818113327, "Top": 0.3052932322025299}, "Confidence": 99.94657897949219}, {"BoundingBox": {"Width": 0.7450318932533264, "Height": 0.32003799080848694, "Left": 0.1999785602092743, "Top": 0.28379297256469727}, "Confidence": 56.0496826171875}], "Parents": [{"Name": "Vehicle"}, {"Name": "Transportation"}]}, {"Name": "Automobile", "Confidence": 99.94657897949219, "Instances": [], "Parents": [{"Name": "Vehicle"}, {"Name": "Transportation"}]}, {"Name": "Vehicle", "Confidence": 99.94657897949219, "Instances": [], "Parents": [{"Name": "Transportation"}]}, {"Name": "Transportation", "Confidence": 99.94657897949219, "Instances": [], "Parents": []}, {"Name": "Race Car", "Confidence": 99.92791748046875, "Instances": [], "Parents": [{"Name": "Sports Car"}, {"Name": "Car"}, {"Name": "Vehicle"}, {"Name": "Transportation"}]}, {"Name": "Sports Car", "Confidence": 99.92791748046875, "Instances": [], "Parents": [{"Name": "Car"}, {"Name": "Vehicle"}, {"Name": "Transportation"}]}]