[{"Name": "Car", "Confidence": 99.52332305908203, "Instances": [{"BoundingBox": {"Width": 0.8790537714958191, "Height": 0.32195213437080383, "Left": 0.05028004199266434, "Top": 0.5180886387825012}, "Confidence": 87.42102813720703}], "Parents": [{"Name": "Vehicle"}, {"Name": "Transportation"}]}, {"Name": "Automobile", "Confidence": 99.52332305908203, "Instances": [], "Parents": [{"Name": "Vehicle"}, {"Name": "Transportation"}]}, {"Name": "Vehicle", "Confidence": 99.52332305908203, "Instances": [], "Parents": [{"Name": "Transportation"}]}, {"Name": "Transportation", "Confidence": 99.52332305908203, "Instances": [], "Parents": []}, {"Name": "Sports Car", "Confidence": 98.87590789794922, "Instances": [], "Parents": [{"Name": "Car"}, {"Name": "Vehicle"}, {"Name": "Transportation"}]}, {"Name": "Coupe", "Confidence": 89.5776596069336, "Instances": [], "Parents": [{"Name": "Sports Car"}, {"Name": "Car"}, {"Name": "Vehicle"}, {"Name": "Transportation"}]}, {"Name": "Bumper", "Confidence": 84.01264190673828, "Instances": [], "Parents": [{"Name": "Vehicle"}, {"Name": "Transportation"}]}, {"Name": "Tire", "Confidence": 80.04859161376953, "Instances": [], "Parents": []}]