[{"Name": "Tarmac", "Confidence": 99.96755981445312, "Instances": [], "Parents": []}, {"Name": "Asphalt", "Confidence": 99.96755981445312, "Instances": [], "Parents": []}, {"Name": "Road", "Confidence": 96.39735412597656, "Instances": [], "Parents": []}, {"Name": "Car", "Confidence": 95.6532211303711, "Instances": [], "Parents": [{"Name": "Vehicle"}, {"Name": "Transportation"}]}, {"Name": "Automobile", "Confidence": 95.6532211303711, "Instances": [], "Parents": [{"Name": "Vehicle"}, {"Name": "Transportation"}]}, {"Name": "Vehicle", "Confidence": 95.6532211303711, "Instances": [], "Parents": [{"Name": "Transportation"}]}, {"Name": "Transportation", "Confidence": 95.6532211303711, "Instances": [], "Parents": []}, {"Name": "Sports Car", "Confidence": 86.46383666992188, "Instances": [], "Parents": [{"Name": "Car"}, {"Name": "Vehicle"}, {"Name": "Transportation"}]}]