[{"Name": "Car", "Confidence": 99.85010528564453, "Instances": [{"BoundingBox": {"Width": 0.7672337293624878, "Height": 0.34818723797798157, "Left": 0.0065802778117358685, "Top": 0.3287692666053772}, "Confidence": 99.85010528564453}, {"BoundingBox": {"Width": 0.5415053367614746, "Height": 0.324815571308136, "Left": 0.44832643866539, "Top": 0.34673017263412476}, "Confidence": 99.16191864013672}], "Parents": [{"Name": "Vehicle"}, {"Name": "Transportation"}]}, {"Name": "Transportation", "Confidence": 99.85010528564453, "Instances": [], "Parents": []}, {"Name": "Vehicle", "Confidence": 99.85010528564453, "Instances": [], "Parents": [{"Name": "Transportation"}]}, {"Name": "Sports Car", "Confidence": 99.1202163696289, "Instances": [], "Parents": [{"Name": "Car"}, {"Name": "Vehicle"}, {"Name": "Transportation"}]}, {"Name": "Race Car", "Confidence": 98.98124694824219, "Instances": [], "Parents": [{"Name": "Sports Car"}, {"Name": "Car"}, {"Name": "Vehicle"}, {"Name": "Transportation"}]}, {"Name": "Tire", "Confidence": 95.42768859863281, "Instances": [], "Parents": []}, {"Name": "Spoke", "Confidence": 94.03328704833984, "Instances": [], "Parents": []}, {"Name": "Tarmac", "Confidence": 92.14742279052734, "Instances": [], "Parents": []}, {"Name": "Alloy Wheel", "Confidence": 91.86290740966797, "Instances": [], "Parents": [{"Name": "Spoke"}, {"Name": "Wheel"}]}, {"Name": "Wheel", "Confidence": 91.86290740966797, "Instances": [], "Parents": []}]