[{"Name": "Car", "Confidence": 97.69816589355469, "Instances": [{"BoundingBox": {"Width": 0.932080864906311, "Height": 0.4284639060497284, "Left": 0.03221265971660614, "Top": 0.2712123394012451}, "Confidence": 95.01297760009766}], "Parents": [{"Name": "Vehicle"}, {"Name": "Transportation"}]}, {"Name": "Transportation", "Confidence": 97.69816589355469, "Instances": [], "Parents": []}, {"Name": "Vehicle", "Confidence": 97.69816589355469, "Instances": [], "Parents": [{"Name": "Transportation"}]}, {"Name": "Tire", "Confidence": 95.8276596069336, "Instances": [], "Parents": []}, {"Name": "Spoke", "Confidence": 94.10106658935547, "Instances": [], "Parents": []}, {"Name": "Wheel", "Confidence": 90.25823211669922, "Instances": [{"BoundingBox": {"Width": 0.15837503969669342, "Height": 0.2116289585828781, "Left": 0.1369774490594864, "Top": 0.47953829169273376}, "Confidence": 83.4853515625}], "Parents": []}, {"Name": "Alloy Wheel", "Confidence": 87.43600463867188, "Instances": [], "Parents": [{"Name": "Spoke"}, {"Name": "Wheel"}]}, {"Name": "Formula One", "Confidence": 82.4146957397461, "Instances": [], "Parents": [{"Name": "Car"}, {"Name": "Vehicle"}, {"Name": "Transportation"}]}, {"Name": "Sports Car", "Confidence": 80.30640411376953, "Instances": [], "Parents": [{"Name": "Car"}, {"Name": "Vehicle"}, {"Name": "Transportation"}]}, {"Name": "Car Wheel", "Confidence": 80.0105972290039, "Instances": [], "Parents": [{"Name": "Tire"}, {"Name": "Wheel"}]}]