[{"Name": "Clothing", "Confidence": 99.9986572265625, "Instances": [], "Parents": []}, {"Name": "Apparel", "Confidence": 99.9986572265625, "Instances": [], "Parents": []}, {"Name": "Crash Helmet", "Confidence": 99.95465850830078, "Instances": [], "Parents": [{"Name": "Helmet"}, {"Name": "Clothing"}]}, {"Name": "Helmet", "Confidence": 99.95465850830078, "Instances": [{"BoundingBox": {"Width": 0.8749891519546509, "Height": 0.8151313066482544, "Left": 0.036954499781131744, "Top": 0.0919586569070816}, "Confidence": 99.78621673583984}], "Parents": [{"Name": "Clothing"}]}, {"Name": "Person", "Confidence": 91.22874450683594, "Instances": [{"BoundingBox": {"Width": 0.3871538043022156, "Height": 0.1813727468252182, "Left": 0.49138396978378296, "Top": 0.8096847534179688}, "Confidence": 91.22874450683594}], "Parents": []}, {"Name": "Human", "Confidence": 91.22874450683594, "Instances": [], "Parents": []}]