[{"Name": "Nature", "Confidence": 99.396484375, "Instances": [], "Parents": []}, {"Name": "Outdoors", "Confidence": 98.41465759277344, "Instances": [], "Parents": []}, {"Name": "Road", "Confidence": 97.86198425292969, "Instances": [], "Parents": []}, {"Name": "Water", "Confidence": 95.18592834472656, "Instances": [], "Parents": []}, {"Name": "Sea", "Confidence": 92.50122833251953, "Instances": [], "Parents": [{"Name": "Outdoors"}, {"Name": "Water"}, {"Name": "Nature"}]}, {"Name": "Tarmac", "Confidence": 91.56535339355469, "Instances": [], "Parents": []}, {"Name": "Ice", "Confidence": 85.66002655029297, "Instances": [], "Parents": [{"Name": "Outdoors"}, {"Name": "Nature"}]}, {"Name": "Gravel", "Confidence": 84.88134765625, "Instances": [], "Parents": [{"Name": "Road"}]}, {"Name": "Tree", "Confidence": 81.30831146240234, "Instances": [], "Parents": []}, {"Name": "Fir", "Confidence": 81.16600799560547, "Instances": [], "Parents": [{"Name": "Tree"}]}]