[{"Name": "Dynamite", "Confidence": 92.53874206542969, "Instances": [{"BoundingBox": {"Width": 0.9248596429824829, "Height": 0.6114217638969421, "Left": 0.026663081720471382, "Top": 0.21688312292099}, "Confidence": 92.53874206542969}], "Parents": [{"Name": "Bomb"}, {"Name": "Weapon"}]}, {"Name": "Weapon", "Confidence": 92.53874206542969, "Instances": [], "Parents": []}, {"Name": "Bomb", "Confidence": 92.53874206542969, "Instances": [], "Parents": [{"Name": "Weapon"}]}, {"Name": "Weaponry", "Confidence": 92.53874206542969, "Instances": [], "Parents": []}, {"Name": "Box", "Confidence": 88.76776123046875, "Instances": [], "Parents": []}, {"Name": "Cardboard", "Confidence": 80.37319946289062, "Instances": [], "Parents": []}]