[{"Name": "Shoe", "Confidence": 99.99996948242188, "Instances": [{"BoundingBox": {"Width": 0.7047078609466553, "Height": 0.42257192730903625, "Left": 0.17691974341869354, "Top": 0.4833216369152069}, "Confidence": 99.99996948242188}], "Parents": [{"Name": "Footwear"}, {"Name": "Clothing"}]}, {"Name": "Clothing", "Confidence": 99.99996948242188, "Instances": [], "Parents": []}, {"Name": "Footwear", "Confidence": 99.99996948242188, "Instances": [], "Parents": [{"Name": "Clothing"}]}, {"Name": "Apparel", "Confidence": 99.99996948242188, "Instances": [], "Parents": []}, {"Name": "Sneaker", "Confidence": 86.04458618164062, "Instances": [], "Parents": [{"Name": "Shoe"}, {"Name": "Footwear"}, {"Name": "Clothing"}]}, {"Name": "Running Shoe", "Confidence": 85.16610717773438, "Instances": [], "Parents": [{"Name": "Shoe"}, {"Name": "Footwear"}, {"Name": "Clothing"}]}]