[{"Name": "Car", "Confidence": 99.9462890625, "Instances": [{"BoundingBox": {"Width": 0.7756438255310059, "Height": 0.5078815221786499, "Left": 0.10917502641677856, "Top": 0.3520010709762573}, "Confidence": 99.9462890625}], "Parents": [{"Name": "Vehicle"}, {"Name": "Transportation"}]}, {"Name": "Automobile", "Confidence": 99.9462890625, "Instances": [], "Parents": [{"Name": "Vehicle"}, {"Name": "Transportation"}]}, {"Name": "Transportation", "Confidence": 99.9462890625, "Instances": [], "Parents": []}, {"Name": "Vehicle", "Confidence": 99.9462890625, "Instances": [], "Parents": [{"Name": "Transportation"}]}, {"Name": "Race Car", "Confidence": 99.88643646240234, "Instances": [], "Parents": [{"Name": "Sports Car"}, {"Name": "Car"}, {"Name": "Vehicle"}, {"Name": "Transportation"}]}, {"Name": "Sports Car", "Confidence": 99.88643646240234, "Instances": [], "Parents": [{"Name": "Car"}, {"Name": "Vehicle"}, {"Name": "Transportation"}]}, {"Name": "Tarmac", "Confidence": 97.4700698852539, "Instances": [], "Parents": []}, {"Name": "Asphalt", "Confidence": 97.4700698852539, "Instances": [], "Parents": []}]