[{"Name": "Car", "Confidence": 99.85643768310547, "Instances": [{"BoundingBox": {"Width": 0.2122116982936859, "Height": 0.20321625471115112, "Left": 0.7870938777923584, "Top": 0.009536520577967167}, "Confidence": 99.85643768310547}, {"BoundingBox": {"Width": 0.40654492378234863, "Height": 0.23820999264717102, "Left": 0.30317944288253784, "Top": 0.05404719337821007}, "Confidence": 98.90267181396484}, {"BoundingBox": {"Width": 0.8927661180496216, "Height": 0.3961787819862366, "Left": 0.030331378802657127, "Top": 0.40489187836647034}, "Confidence": 98.86921691894531}, {"BoundingBox": {"Width": 0.3140797019004822, "Height": 0.2299310863018036, "Left": 0.009525733068585396, "Top": 0.10088260471820831}, "Confidence": 84.74532318115234}], "Parents": [{"Name": "Vehicle"}, {"Name": "Transportation"}]}, {"Name": "Automobile", "Confidence": 99.85643768310547, "Instances": [], "Parents": [{"Name": "Vehicle"}, {"Name": "Transportation"}]}, {"Name": "Vehicle", "Confidence": 99.85643768310547, "Instances": [], "Parents": [{"Name": "Transportation"}]}, {"Name": "Transportation", "Confidence": 99.85643768310547, "Instances": [], "Parents": []}, {"Name": "Sports Car", "Confidence": 99.6399154663086, "Instances": [], "Parents": [{"Name": "Car"}, {"Name": "Vehicle"}, {"Name": "Transportation"}]}, {"Name": "Race Car", "Confidence": 99.0762939453125, "Instances": [], "Parents": [{"Name": "Sports Car"}, {"Name": "Car"}, {"Name": "Vehicle"}, {"Name": "Transportation"}]}, {"Name": "Tarmac", "Confidence": 88.0851821899414, "Instances": [], "Parents": []}, {"Name": "Asphalt", "Confidence": 88.0851821899414, "Instances": [], "Parents": []}]