[{"Name": "Car", "Confidence": 99.080810546875, "Instances": [{"BoundingBox": {"Width": 0.9993055462837219, "Height": 0.96798175573349, "Left": 0.0, "Top": 0.0}, "Confidence": 99.080810546875}], "Parents": [{"Name": "Vehicle"}, {"Name": "Transportation"}]}, {"Name": "Automobile", "Confidence": 99.080810546875, "Instances": [], "Parents": [{"Name": "Vehicle"}, {"Name": "Transportation"}]}, {"Name": "Vehicle", "Confidence": 99.080810546875, "Instances": [], "Parents": [{"Name": "Transportation"}]}, {"Name": "Transportation", "Confidence": 99.080810546875, "Instances": [], "Parents": []}, {"Name": "Sports Car", "Confidence": 86.110595703125, "Instances": [], "Parents": [{"Name": "Car"}, {"Name": "Vehicle"}, {"Name": "Transportation"}]}, {"Name": "Tire", "Confidence": 81.51520538330078, "Instances": [], "Parents": []}]