[{"Name": "Helmet", "Confidence": 99.47665405273438, "Instances": [{"BoundingBox": {"Width": 0.38238170742988586, "Height": 0.40695199370384216, "Left": 0.5575062036514282, "Top": 0.09553088992834091}, "Confidence": 99.47665405273438}], "Parents": [{"Name": "Clothing"}]}, {"Name": "Clothing", "Confidence": 99.47665405273438, "Instances": [], "Parents": []}, {"Name": "Car", "Confidence": 98.22957611083984, "Instances": [], "Parents": [{"Name": "Vehicle"}, {"Name": "Transportation"}]}, {"Name": "Automobile", "Confidence": 98.22957611083984, "Instances": [], "Parents": [{"Name": "Vehicle"}, {"Name": "Transportation"}]}, {"Name": "Vehicle", "Confidence": 98.22957611083984, "Instances": [], "Parents": [{"Name": "Transportation"}]}, {"Name": "Transportation", "Confidence": 98.22957611083984, "Instances": [], "Parents": []}, {"Name": "Sports Car", "Confidence": 97.11518859863281, "Instances": [], "Parents": [{"Name": "Car"}, {"Name": "Vehicle"}, {"Name": "Transportation"}]}, {"Name": "Race Car", "Confidence": 96.48989868164062, "Instances": [], "Parents": [{"Name": "Sports Car"}, {"Name": "Car"}, {"Name": "Vehicle"}, {"Name": "Transportation"}]}, {"Name": "Formula One", "Confidence": 86.63340759277344, "Instances": [], "Parents": [{"Name": "Car"}, {"Name": "Vehicle"}, {"Name": "Transportation"}]}, {"Name": "Kart", "Confidence": 83.65570831298828, "Instances": [], "Parents": [{"Name": "Vehicle"}, {"Name": "Transportation"}]}]