[{"Name": "Clothing", "Confidence": 99.9963150024414, "Instances": [], "Parents": []}, {"Name": "Apparel", "Confidence": 99.9963150024414, "Instances": [], "Parents": []}, {"Name": "Helmet", "Confidence": 99.98262023925781, "Instances": [{"BoundingBox": {"Width": 0.8697954416275024, "Height": 0.8502059578895569, "Left": 0.0665808841586113, "Top": 0.0694979876279831}, "Confidence": 99.98262023925781}], "Parents": [{"Name": "Clothing"}]}, {"Name": "Crash Helmet", "Confidence": 99.95667266845703, "Instances": [], "Parents": [{"Name": "Helmet"}, {"Name": "Clothing"}]}]