[{"Name": "Tire", "Confidence": 99.97167205810547, "Instances": [], "Parents": []}, {"Name": "Wheel", "Confidence": 99.95638275146484, "Instances": [{"BoundingBox": {"Width": 0.12128490954637527, "Height": 0.10107435286045074, "Left": 0.13669158518314362, "Top": 0.613364577293396}, "Confidence": 80.84461212158203}, {"BoundingBox": {"Width": 0.13764962553977966, "Height": 0.098606638610363, "Left": 0.616955041885376, "Top": 0.6140041947364807}, "Confidence": 53.42879867553711}], "Parents": [{"Name": "Machine"}]}, {"Name": "Machine", "Confidence": 99.95638275146484, "Instances": [], "Parents": []}, {"Name": "Spoke", "Confidence": 99.94889831542969, "Instances": [], "Parents": [{"Name": "Machine"}]}, {"Name": "Car", "Confidence": 99.88053131103516, "Instances": [{"BoundingBox": {"Width": 0.8306069374084473, "Height": 0.21256279945373535, "Left": 0.0375121645629406, "Top": 0.5068368911743164}, "Confidence": 99.88053131103516}], "Parents": [{"Name": "Transportation"}]}, {"Name": "Transportation", "Confidence": 99.88053131103516, "Instances": [], "Parents": []}, {"Name": "Alloy Wheel", "Confidence": 99.87940979003906, "Instances": [], "Parents": [{"Name": "Spoke"}, {"Name": "Wheel"}, {"Name": "Machine"}]}, {"Name": "Car Wheel", "Confidence": 99.74554443359375, "Instances": [], "Parents": [{"Name": "Tire"}, {"Name": "Wheel"}, {"Name": "Machine"}]}, {"Name": "Coupe", "Confidence": 86.065673828125, "Instances": [], "Parents": [{"Name": "Sports Car"}, {"Name": "Car"}, {"Name": "Transportation"}]}, {"Name": "Sports Car", "Confidence": 86.065673828125, "Instances": [], "Parents": [{"Name": "Car"}, {"Name": "Transportation"}]}]