[{"Name": "Car", "Confidence": 99.97505950927734, "Instances": [{"BoundingBox": {"Width": 0.9268234968185425, "Height": 0.5712906718254089, "Left": 0.016925981268286705, "Top": 0.24280130863189697}, "Confidence": 99.97505950927734}, {"BoundingBox": {"Width": 0.23792216181755066, "Height": 0.13804905116558075, "Left": 0.7577357888221741, "Top": 0.30582568049430847}, "Confidence": 98.99512481689453}], "Parents": [{"Name": "Vehicle"}, {"Name": "Transportation"}]}, {"Name": "Transportation", "Confidence": 99.97505950927734, "Instances": [], "Parents": []}, {"Name": "Vehicle", "Confidence": 99.97505950927734, "Instances": [], "Parents": [{"Name": "Transportation"}]}, {"Name": "Automobile", "Confidence": 99.97505950927734, "Instances": [], "Parents": [{"Name": "Vehicle"}, {"Name": "Transportation"}]}, {"Name": "Tire", "Confidence": 99.96449279785156, "Instances": [], "Parents": []}, {"Name": "Wheel", "Confidence": 99.95610046386719, "Instances": [{"BoundingBox": {"Width": 0.18576642870903015, "Height": 0.37887871265411377, "Left": 0.0025851884856820107, "Top": 0.43781065940856934}, "Confidence": 99.42144775390625}, {"BoundingBox": {"Width": 0.10941314697265625, "Height": 0.08013048022985458, "Left": 0.7956998944282532, "Top": 0.3638235926628113}, "Confidence": 94.37562561035156}], "Parents": [{"Name": "Machine"}]}, {"Name": "Machine", "Confidence": 99.95610046386719, "Instances": [], "Parents": []}, {"Name": "Spoke", "Confidence": 99.93161010742188, "Instances": [], "Parents": [{"Name": "Machine"}]}, {"Name": "Alloy Wheel", "Confidence": 99.89885711669922, "Instances": [], "Parents": [{"Name": "Spoke"}, {"Name": "Wheel"}, {"Name": "Machine"}]}, {"Name": "Car Wheel", "Confidence": 99.68436431884766, "Instances": [], "Parents": [{"Name": "Tire"}, {"Name": "Wheel"}, {"Name": "Machine"}]}]