[{"Name": "Person", "Confidence": 97.55264282226562, "Instances": [{"BoundingBox": {"Width": 0.8362627029418945, "Height": 0.8667933940887451, "Left": 0.016504202038049698, "Top": 0.11960631608963013}, "Confidence": 89.16272735595703}, {"BoundingBox": {"Width": 0.6087934374809265, "Height": 0.7596123814582825, "Left": 0.0, "Top": 0.0}, "Confidence": 65.74430847167969}], "Parents": []}, {"Name": "Human", "Confidence": 97.55264282226562, "Instances": [], "Parents": []}, {"Name": "Clinic", "Confidence": 94.43730163574219, "Instances": [], "Parents": []}, {"Name": "Doctor", "Confidence": 85.94959259033203, "Instances": [], "Parents": [{"Name": "Person"}]}]