[{"Name": "Race Car", "Confidence": 99.81529235839844, "Instances": [], "Parents": [{"Name": "Sports Car"}, {"Name": "Car"}, {"Name": "Vehicle"}, {"Name": "Transportation"}]}, {"Name": "Car", "Confidence": 99.81529235839844, "Instances": [{"BoundingBox": {"Width": 0.4668930768966675, "Height": 0.2790924608707428, "Left": 0.5324124693870544, "Top": 0.16277700662612915}, "Confidence": 99.6565933227539}, {"BoundingBox": {"Width": 0.8520895838737488, "Height": 0.5313870310783386, "Left": 0.08147536218166351, "Top": 0.1990930736064911}, "Confidence": 99.58124542236328}], "Parents": [{"Name": "Vehicle"}, {"Name": "Transportation"}]}, {"Name": "Sports Car", "Confidence": 99.81529235839844, "Instances": [], "Parents": [{"Name": "Car"}, {"Name": "Vehicle"}, {"Name": "Transportation"}]}, {"Name": "Vehicle", "Confidence": 99.81529235839844, "Instances": [], "Parents": [{"Name": "Transportation"}]}, {"Name": "Transportation", "Confidence": 99.81529235839844, "Instances": [], "Parents": []}, {"Name": "Automobile", "Confidence": 99.81529235839844, "Instances": [], "Parents": [{"Name": "Vehicle"}, {"Name": "Transportation"}]}, {"Name": "Tarmac", "Confidence": 86.44053649902344, "Instances": [], "Parents": []}, {"Name": "Asphalt", "Confidence": 86.44053649902344, "Instances": [], "Parents": []}]