[{"Name": "Sports Car", "Confidence": 99.8314208984375, "Instances": [], "Parents": [{"Name": "Car"}, {"Name": "Vehicle"}, {"Name": "Transportation"}]}, {"Name": "Car", "Confidence": 99.8314208984375, "Instances": [{"BoundingBox": {"Width": 0.8830006718635559, "Height": 0.34641364216804504, "Left": 0.05963978171348572, "Top": 0.1600940078496933}, "Confidence": 91.64799499511719}], "Parents": [{"Name": "Vehicle"}, {"Name": "Transportation"}]}, {"Name": "Vehicle", "Confidence": 99.8314208984375, "Instances": [], "Parents": [{"Name": "Transportation"}]}, {"Name": "Transportation", "Confidence": 99.8314208984375, "Instances": [], "Parents": []}, {"Name": "Automobile", "Confidence": 99.8314208984375, "Instances": [], "Parents": [{"Name": "Vehicle"}, {"Name": "Transportation"}]}, {"Name": "Race Car", "Confidence": 99.74165344238281, "Instances": [], "Parents": [{"Name": "Sports Car"}, {"Name": "Car"}, {"Name": "Vehicle"}, {"Name": "Transportation"}]}, {"Name": "Person", "Confidence": 99.74002838134766, "Instances": [{"BoundingBox": {"Width": 0.08614040166139603, "Height": 0.37913835048675537, "Left": 0.0, "Top": 0.10475720465183258}, "Confidence": 99.74002838134766}, {"BoundingBox": {"Width": 0.1472834199666977, "Height": 0.36876168847084045, "Left": 0.848892867565155, "Top": 0.11311778426170349}, "Confidence": 99.64286041259766}, {"BoundingBox": {"Width": 0.12305367738008499, "Height": 0.15616552531719208, "Left": 0.27779605984687805, "Top": 0.10788480937480927}, "Confidence": 99.4903793334961}], "Parents": []}, {"Name": "Human", "Confidence": 99.74002838134766, "Instances": [], "Parents": []}, {"Name": "Tire", "Confidence": 85.7105484008789, "Instances": [], "Parents": []}]