[{"Name": "Tarmac", "Confidence": 93.3909912109375, "Instances": [], "Parents": []}, {"Name": "Asphalt", "Confidence": 93.3909912109375, "Instances": [], "Parents": []}, {"Name": "Fire Truck", "Confidence": 87.66361236572266, "Instances": [{"BoundingBox": {"Width": 0.8373614549636841, "Height": 0.9774463176727295, "Left": 0.0, "Top": 0.021998189389705658}, "Confidence": 87.66361236572266}], "Parents": [{"Name": "Truck"}, {"Name": "Vehicle"}, {"Name": "Transportation"}]}, {"Name": "Truck", "Confidence": 87.66361236572266, "Instances": [], "Parents": [{"Name": "Vehicle"}, {"Name": "Transportation"}]}, {"Name": "Transportation", "Confidence": 87.66361236572266, "Instances": [], "Parents": []}, {"Name": "Vehicle", "Confidence": 87.66361236572266, "Instances": [], "Parents": [{"Name": "Transportation"}]}, {"Name": "Spoke", "Confidence": 84.69180297851562, "Instances": [], "Parents": [{"Name": "Machine"}]}, {"Name": "Machine", "Confidence": 84.69180297851562, "Instances": [], "Parents": []}]