[{"Name": "Sports Car", "Confidence": 98.56747436523438, "Instances": [], "Parents": [{"Name": "Car"}, {"Name": "Vehicle"}, {"Name": "Transportation"}]}, {"Name": "Car", "Confidence": 98.56747436523438, "Instances": [{"BoundingBox": {"Width": 0.8568342328071594, "Height": 0.8524699211120605, "Left": 0.017405828461050987, "Top": 0.10039648413658142}, "Confidence": 97.17951202392578}], "Parents": [{"Name": "Vehicle"}, {"Name": "Transportation"}]}, {"Name": "Vehicle", "Confidence": 98.56747436523438, "Instances": [], "Parents": [{"Name": "Transportation"}]}, {"Name": "Transportation", "Confidence": 98.56747436523438, "Instances": [], "Parents": []}, {"Name": "Automobile", "Confidence": 98.56747436523438, "Instances": [], "Parents": [{"Name": "Vehicle"}, {"Name": "Transportation"}]}, {"Name": "Race Car", "Confidence": 98.03887176513672, "Instances": [], "Parents": [{"Name": "Sports Car"}, {"Name": "Car"}, {"Name": "Vehicle"}, {"Name": "Transportation"}]}]