[{"Name": "Tarmac", "Confidence": 99.78359985351562, "Instances": [], "Parents": []}, {"Name": "Sports Car", "Confidence": 95.93267822265625, "Instances": [], "Parents": [{"Name": "Car"}, {"Name": "Vehicle"}, {"Name": "Transportation"}]}, {"Name": "Car", "Confidence": 95.93267822265625, "Instances": [{"BoundingBox": {"Width": 0.7533725500106812, "Height": 0.422281950712204, "Left": 0.1167430430650711, "Top": 0.35585007071495056}, "Confidence": 94.98895263671875}], "Parents": [{"Name": "Vehicle"}, {"Name": "Transportation"}]}, {"Name": "Vehicle", "Confidence": 95.93267822265625, "Instances": [], "Parents": [{"Name": "Transportation"}]}, {"Name": "Transportation", "Confidence": 95.93267822265625, "Instances": [], "Parents": []}, {"Name": "Tire", "Confidence": 95.86947631835938, "Instances": [], "Parents": []}, {"Name": "Wheel", "Confidence": 91.72476196289062, "Instances": [], "Parents": []}, {"Name": "Race Car", "Confidence": 88.38702392578125, "Instances": [], "Parents": [{"Name": "Sports Car"}, {"Name": "Car"}, {"Name": "Vehicle"}, {"Name": "Transportation"}]}, {"Name": "Car Wheel", "Confidence": 87.58271789550781, "Instances": [], "Parents": [{"Name": "Tire"}, {"Name": "Wheel"}]}, {"Name": "Road", "Confidence": 85.33040618896484, "Instances": [], "Parents": []}]