[{"Name": "Shoe", "Confidence": 99.97860717773438, "Instances": [{"BoundingBox": {"Width": 0.41019660234451294, "Height": 0.6002593040466309, "Left": 0.2966712415218353, "Top": 0.20230261981487274}, "Confidence": 99.97860717773438}], "Parents": [{"Name": "Footwear"}, {"Name": "Clothing"}]}, {"Name": "Clothing", "Confidence": 99.97860717773438, "Instances": [], "Parents": []}, {"Name": "Footwear", "Confidence": 99.97860717773438, "Instances": [], "Parents": [{"Name": "Clothing"}]}, {"Name": "Apparel", "Confidence": 99.97860717773438, "Instances": [], "Parents": []}, {"Name": "Sneaker", "Confidence": 81.31526947021484, "Instances": [], "Parents": [{"Name": "Shoe"}, {"Name": "Footwear"}, {"Name": "Clothing"}]}]