[{"Name": "Sports Car", "Confidence": 99.11600494384766, "Instances": [], "Parents": [{"Name": "Car"}, {"Name": "Vehicle"}, {"Name": "Transportation"}]}, {"Name": "Car", "Confidence": 99.11600494384766, "Instances": [{"BoundingBox": {"Width": 0.7344872951507568, "Height": 0.33913111686706543, "Left": 0.11321137100458145, "Top": 0.42208975553512573}, "Confidence": 97.92472839355469}], "Parents": [{"Name": "Vehicle"}, {"Name": "Transportation"}]}, {"Name": "Vehicle", "Confidence": 99.11600494384766, "Instances": [], "Parents": [{"Name": "Transportation"}]}, {"Name": "Transportation", "Confidence": 99.11600494384766, "Instances": [], "Parents": []}, {"Name": "Person", "Confidence": 93.62998962402344, "Instances": [{"BoundingBox": {"Width": 0.1025012657046318, "Height": 0.060690585523843765, "Left": 0.4986193776130676, "Top": 0.467689573764801}, "Confidence": 93.62998962402344}], "Parents": []}, {"Name": "Coupe", "Confidence": 92.84697723388672, "Instances": [], "Parents": [{"Name": "Sports Car"}, {"Name": "Car"}, {"Name": "Vehicle"}, {"Name": "Transportation"}]}, {"Name": "Tire", "Confidence": 92.69056701660156, "Instances": [], "Parents": []}, {"Name": "Race Car", "Confidence": 83.72217559814453, "Instances": [], "Parents": [{"Name": "Sports Car"}, {"Name": "Car"}, {"Name": "Vehicle"}, {"Name": "Transportation"}]}, {"Name": "Wheel", "Confidence": 81.43975830078125, "Instances": [], "Parents": []}, {"Name": "Spoke", "Confidence": 80.45052337646484, "Instances": [], "Parents": []}]