[{"Name": "Tarmac", "Confidence": 99.9651107788086, "Instances": [], "Parents": []}, {"Name": "Asphalt", "Confidence": 99.9651107788086, "Instances": [], "Parents": []}, {"Name": "Sports Car", "Confidence": 99.80339050292969, "Instances": [], "Parents": [{"Name": "Car"}, {"Name": "Vehicle"}, {"Name": "Transportation"}]}, {"Name": "Car", "Confidence": 99.80339050292969, "Instances": [{"BoundingBox": {"Width": 0.6491414904594421, "Height": 0.3877730071544647, "Left": 0.28076404333114624, "Top": 0.4130060374736786}, "Confidence": 98.97278594970703}, {"BoundingBox": {"Width": 0.2242894470691681, "Height": 0.12293128669261932, "Left": 0.363504022359848, "Top": 0.2644680440425873}, "Confidence": 97.6482925415039}, {"BoundingBox": {"Width": 0.32085365056991577, "Height": 0.23428301513195038, "Left": 0.05791684240102768, "Top": 0.4540703594684601}, "Confidence": 97.35091400146484}], "Parents": [{"Name": "Vehicle"}, {"Name": "Transportation"}]}, {"Name": "Transportation", "Confidence": 99.80339050292969, "Instances": [], "Parents": []}, {"Name": "Vehicle", "Confidence": 99.80339050292969, "Instances": [], "Parents": [{"Name": "Transportation"}]}, {"Name": "Race Car", "Confidence": 99.54016876220703, "Instances": [], "Parents": [{"Name": "Sports Car"}, {"Name": "Car"}, {"Name": "Vehicle"}, {"Name": "Transportation"}]}, {"Name": "Coupe", "Confidence": 89.64266967773438, "Instances": [], "Parents": [{"Name": "Sports Car"}, {"Name": "Car"}, {"Name": "Vehicle"}, {"Name": "Transportation"}]}, {"Name": "Wheel", "Confidence": 87.21202850341797, "Instances": [{"BoundingBox": {"Width": 0.03026292659342289, "Height": 0.049372702836990356, "Left": 0.40557530522346497, "Top": 0.3395199775695801}, "Confidence": 87.21202850341797}, {"BoundingBox": {"Width": 0.02155880443751812, "Height": 0.05162932351231575, "Left": 0.3599505126476288, "Top": 0.3178560137748718}, "Confidence": 74.53074645996094}, {"BoundingBox": {"Width": 0.051260121166706085, "Height": 0.13450376689434052, "Left": 0.2837209403514862, "Top": 0.6260138154029846}, "Confidence": 55.422122955322266}], "Parents": [{"Name": "Machine"}]}, {"Name": "Machine", "Confidence": 87.21202850341797, "Instances": [], "Parents": []}]