[{"Name": "Car", "Confidence": 99.5447769165039, "Instances": [{"BoundingBox": {"Width": 0.5863040685653687, "Height": 0.12710313498973846, "Left": 0.21793466806411743, "Top": 0.4515027105808258}, "Confidence": 99.5447769165039}], "Parents": [{"Name": "Vehicle"}, {"Name": "Transportation"}]}, {"Name": "Transportation", "Confidence": 99.5447769165039, "Instances": [], "Parents": []}, {"Name": "Vehicle", "Confidence": 99.5447769165039, "Instances": [], "Parents": [{"Name": "Transportation"}]}, {"Name": "Tire", "Confidence": 99.16242218017578, "Instances": [], "Parents": []}, {"Name": "Wheel", "Confidence": 98.86016845703125, "Instances": [{"BoundingBox": {"Width": 0.08671688288450241, "Height": 0.06197643280029297, "Left": 0.4614264667034149, "Top": 0.5177379846572876}, "Confidence": 57.3105583190918}], "Parents": [{"Name": "Machine"}]}, {"Name": "Machine", "Confidence": 98.86016845703125, "Instances": [], "Parents": []}, {"Name": "Spoke", "Confidence": 97.77762603759766, "Instances": [], "Parents": [{"Name": "Machine"}]}, {"Name": "Sports Car", "Confidence": 97.57172393798828, "Instances": [], "Parents": [{"Name": "Car"}, {"Name": "Vehicle"}, {"Name": "Transportation"}]}, {"Name": "Alloy Wheel", "Confidence": 97.54847717285156, "Instances": [], "Parents": [{"Name": "Spoke"}, {"Name": "Wheel"}, {"Name": "Machine"}]}, {"Name": "Car Wheel", "Confidence": 97.41214752197266, "Instances": [], "Parents": [{"Name": "Tire"}, {"Name": "Wheel"}, {"Name": "Machine"}]}]