[{"Name": "Car", "Confidence": 98.76671600341797, "Instances": [{"BoundingBox": {"Width": 0.8728336691856384, "Height": 0.8776317238807678, "Left": 0.029035016894340515, "Top": 0.04285769909620285}, "Confidence": 98.76671600341797}], "Parents": [{"Name": "Vehicle"}, {"Name": "Transportation"}]}, {"Name": "Transportation", "Confidence": 98.76671600341797, "Instances": [], "Parents": []}, {"Name": "Vehicle", "Confidence": 98.76671600341797, "Instances": [], "Parents": [{"Name": "Transportation"}]}, {"Name": "Wheel", "Confidence": 98.14683532714844, "Instances": [{"BoundingBox": {"Width": 0.12205183506011963, "Height": 0.40931448340415955, "Left": 0.7898083329200745, "Top": 0.4801500141620636}, "Confidence": 98.14683532714844}], "Parents": []}, {"Name": "Tire", "Confidence": 94.135986328125, "Instances": [], "Parents": []}, {"Name": "Sports Car", "Confidence": 90.88203430175781, "Instances": [], "Parents": [{"Name": "Car"}, {"Name": "Vehicle"}, {"Name": "Transportation"}]}, {"Name": "Alloy Wheel", "Confidence": 89.63043975830078, "Instances": [], "Parents": [{"Name": "Spoke"}, {"Name": "Wheel"}]}, {"Name": "Spoke", "Confidence": 89.63043975830078, "Instances": [], "Parents": []}, {"Name": "Coupe", "Confidence": 86.17987823486328, "Instances": [], "Parents": [{"Name": "Sports Car"}, {"Name": "Car"}, {"Name": "Vehicle"}, {"Name": "Transportation"}]}, {"Name": "Car Wheel", "Confidence": 84.49523162841797, "Instances": [], "Parents": [{"Name": "Tire"}, {"Name": "Wheel"}]}]