[{"Name": "Race Car", "Confidence": 99.78101348876953, "Instances": [], "Parents": [{"Name": "Sports Car"}, {"Name": "Car"}, {"Name": "Vehicle"}, {"Name": "Transportation"}]}, {"Name": "Car", "Confidence": 99.78101348876953, "Instances": [{"BoundingBox": {"Width": 0.8554489612579346, "Height": 0.6869860291481018, "Left": 0.07280436903238297, "Top": 0.1639898270368576}, "Confidence": 99.72260284423828}], "Parents": [{"Name": "Vehicle"}, {"Name": "Transportation"}]}, {"Name": "Sports Car", "Confidence": 99.78101348876953, "Instances": [], "Parents": [{"Name": "Car"}, {"Name": "Vehicle"}, {"Name": "Transportation"}]}, {"Name": "Vehicle", "Confidence": 99.78101348876953, "Instances": [], "Parents": [{"Name": "Transportation"}]}, {"Name": "Transportation", "Confidence": 99.78101348876953, "Instances": [], "Parents": []}, {"Name": "Automobile", "Confidence": 99.78101348876953, "Instances": [], "Parents": [{"Name": "Vehicle"}, {"Name": "Transportation"}]}]