[{"Name": "Clothing", "Confidence": 99.99176025390625, "Instances": [], "Parents": []}, {"Name": "Apparel", "Confidence": 99.99176025390625, "Instances": [], "Parents": []}, {"Name": "Helmet", "Confidence": 99.97415924072266, "Instances": [{"BoundingBox": {"Width": 0.3299251198768616, "Height": 0.5422609448432922, "Left": 0.2768855094909668, "Top": 0.12721289694309235}, "Confidence": 99.97415924072266}], "Parents": [{"Name": "Clothing"}]}, {"Name": "Crash Helmet", "Confidence": 99.73284912109375, "Instances": [], "Parents": [{"Name": "Helmet"}, {"Name": "Clothing"}]}, {"Name": "Person", "Confidence": 96.8295669555664, "Instances": [{"BoundingBox": {"Width": 0.9516127705574036, "Height": 0.8640485405921936, "Left": 0.0, "Top": 0.10994561016559601}, "Confidence": 96.8295669555664}, {"BoundingBox": {"Width": 0.48759332299232483, "Height": 0.9567541480064392, "Left": 0.01823478192090988, "Top": 0.031073832884430885}, "Confidence": 62.90180587768555}], "Parents": []}, {"Name": "Human", "Confidence": 96.8295669555664, "Instances": [], "Parents": []}]