[{"Name": "Spoke", "Confidence": 99.80841827392578, "Instances": [], "Parents": [{"Name": "Machine"}]}, {"Name": "Machine", "Confidence": 99.80841827392578, "Instances": [], "Parents": []}, {"Name": "Wheel", "Confidence": 99.7983169555664, "Instances": [], "Parents": [{"Name": "Machine"}]}, {"Name": "Tire", "Confidence": 99.78130340576172, "Instances": [], "Parents": []}, {"Name": "Alloy Wheel", "Confidence": 99.63363647460938, "Instances": [], "Parents": [{"Name": "Spoke"}, {"Name": "Wheel"}, {"Name": "Machine"}]}, {"Name": "Car", "Confidence": 99.3833999633789, "Instances": [{"BoundingBox": {"Width": 0.9098693132400513, "Height": 0.3753107190132141, "Left": 0.03849298879504204, "Top": 0.4666295051574707}, "Confidence": 99.3833999633789}], "Parents": [{"Name": "Vehicle"}, {"Name": "Transportation"}]}, {"Name": "Transportation", "Confidence": 99.3833999633789, "Instances": [], "Parents": []}, {"Name": "Vehicle", "Confidence": 99.3833999633789, "Instances": [], "Parents": [{"Name": "Transportation"}]}, {"Name": "Automobile", "Confidence": 99.3833999633789, "Instances": [], "Parents": [{"Name": "Vehicle"}, {"Name": "Transportation"}]}, {"Name": "Car Wheel", "Confidence": 98.95066833496094, "Instances": [], "Parents": [{"Name": "Tire"}, {"Name": "Wheel"}, {"Name": "Machine"}]}]