[{"Name": "Car", "Confidence": 99.92233276367188, "Instances": [{"BoundingBox": {"Width": 0.8772717714309692, "Height": 0.6678953170776367, "Left": 0.018787071108818054, "Top": 0.22101543843746185}, "Confidence": 99.92233276367188}], "Parents": [{"Name": "Vehicle"}, {"Name": "Transportation"}]}, {"Name": "Transportation", "Confidence": 99.92233276367188, "Instances": [], "Parents": []}, {"Name": "Vehicle", "Confidence": 99.92233276367188, "Instances": [], "Parents": [{"Name": "Transportation"}]}, {"Name": "Automobile", "Confidence": 99.92233276367188, "Instances": [], "Parents": [{"Name": "Vehicle"}, {"Name": "Transportation"}]}, {"Name": "Tire", "Confidence": 99.81856536865234, "Instances": [], "Parents": []}, {"Name": "Wheel", "Confidence": 99.60686492919922, "Instances": [], "Parents": [{"Name": "Machine"}]}, {"Name": "Machine", "Confidence": 99.60686492919922, "Instances": [], "Parents": []}, {"Name": "Car Wheel", "Confidence": 99.17855834960938, "Instances": [], "Parents": [{"Name": "Tire"}, {"Name": "Wheel"}, {"Name": "Machine"}]}, {"Name": "Spoke", "Confidence": 92.67433166503906, "Instances": [], "Parents": [{"Name": "Machine"}]}, {"Name": "Alloy Wheel", "Confidence": 89.79620361328125, "Instances": [], "Parents": [{"Name": "Spoke"}, {"Name": "Wheel"}, {"Name": "Machine"}]}]