[{"Name": "Car", "Confidence": 99.9412612915039, "Instances": [{"BoundingBox": {"Width": 0.8649218678474426, "Height": 0.2938518226146698, "Left": 0.05788462236523628, "Top": 0.3874955475330353}, "Confidence": 99.9412612915039}], "Parents": [{"Name": "Vehicle"}, {"Name": "Transportation"}]}, {"Name": "Vehicle", "Confidence": 99.9412612915039, "Instances": [], "Parents": [{"Name": "Transportation"}]}, {"Name": "Transportation", "Confidence": 99.9412612915039, "Instances": [], "Parents": []}, {"Name": "Tire", "Confidence": 99.62627410888672, "Instances": [], "Parents": []}, {"Name": "Wheel", "Confidence": 99.55281829833984, "Instances": [{"BoundingBox": {"Width": 0.1518496423959732, "Height": 0.11491481959819794, "Left": 0.19564568996429443, "Top": 0.5619900822639465}, "Confidence": 70.14141845703125}, {"BoundingBox": {"Width": 0.1316596120595932, "Height": 0.128439798951149, "Left": 0.7406643629074097, "Top": 0.5327718257904053}, "Confidence": 57.65153884887695}], "Parents": [{"Name": "Machine"}]}, {"Name": "Machine", "Confidence": 99.55281829833984, "Instances": [], "Parents": []}, {"Name": "Car Wheel", "Confidence": 98.32050323486328, "Instances": [], "Parents": [{"Name": "Tire"}, {"Name": "Wheel"}, {"Name": "Machine"}]}, {"Name": "Spoke", "Confidence": 97.9847183227539, "Instances": [], "Parents": [{"Name": "Machine"}]}, {"Name": "Alloy Wheel", "Confidence": 95.2078628540039, "Instances": [], "Parents": [{"Name": "Spoke"}, {"Name": "Wheel"}, {"Name": "Machine"}]}, {"Name": "Sports Car", "Confidence": 86.27108001708984, "Instances": [], "Parents": [{"Name": "Car"}, {"Name": "Vehicle"}, {"Name": "Transportation"}]}]