[{"Name": "Car", "Confidence": 99.90538787841797, "Instances": [{"BoundingBox": {"Width": 0.8949550986289978, "Height": 0.32516857981681824, "Left": 0.05206286162137985, "Top": 0.4757884442806244}, "Confidence": 99.90538787841797}], "Parents": [{"Name": "Vehicle"}]}, {"Name": "Vehicle", "Confidence": 99.90538787841797, "Instances": [], "Parents": []}, {"Name": "Wheel", "Confidence": 99.43061828613281, "Instances": [{"BoundingBox": {"Width": 0.11857723444700241, "Height": 0.19794555008411407, "Left": 0.21383602917194366, "Top": 0.5896152853965759}, "Confidence": 99.43061828613281}, {"BoundingBox": {"Width": 0.047422971576452255, "Height": 0.1097412109375, "Left": 0.03941558301448822, "Top": 0.6046314239501953}, "Confidence": 54.421417236328125}], "Parents": [{"Name": "Machine"}]}, {"Name": "Machine", "Confidence": 99.43061828613281, "Instances": [], "Parents": []}, {"Name": "Tire", "Confidence": 98.465576171875, "Instances": [], "Parents": []}, {"Name": "Spoke", "Confidence": 98.31417083740234, "Instances": [], "Parents": [{"Name": "Machine"}]}, {"Name": "Alloy Wheel", "Confidence": 98.14078521728516, "Instances": [], "Parents": [{"Name": "Spoke"}, {"Name": "Wheel"}, {"Name": "Machine"}]}, {"Name": "Sports Car", "Confidence": 92.39476013183594, "Instances": [], "Parents": [{"Name": "Car"}, {"Name": "Vehicle"}]}, {"Name": "Car Wheel", "Confidence": 90.71786499023438, "Instances": [], "Parents": [{"Name": "Tire"}, {"Name": "Wheel"}, {"Name": "Machine"}]}, {"Name": "Coupe", "Confidence": 89.75811004638672, "Instances": [], "Parents": [{"Name": "Sports Car"}, {"Name": "Car"}, {"Name": "Vehicle"}]}]