[{"Name": "Sports Car", "Confidence": 99.72637939453125, "Instances": [], "Parents": [{"Name": "Car"}, {"Name": "Vehicle"}, {"Name": "Transportation"}]}, {"Name": "Car", "Confidence": 99.72637939453125, "Instances": [{"BoundingBox": {"Width": 0.902748167514801, "Height": 0.2794802486896515, "Left": 0.06218177080154419, "Top": 0.3339860737323761}, "Confidence": 99.52018737792969}], "Parents": [{"Name": "Vehicle"}, {"Name": "Transportation"}]}, {"Name": "Vehicle", "Confidence": 99.72637939453125, "Instances": [], "Parents": [{"Name": "Transportation"}]}, {"Name": "Transportation", "Confidence": 99.72637939453125, "Instances": [], "Parents": []}, {"Name": "Race Car", "Confidence": 99.6620101928711, "Instances": [], "Parents": [{"Name": "Sports Car"}, {"Name": "Car"}, {"Name": "Vehicle"}, {"Name": "Transportation"}]}, {"Name": "Tire", "Confidence": 96.54469299316406, "Instances": [], "Parents": []}, {"Name": "Spoke", "Confidence": 96.41500091552734, "Instances": [], "Parents": []}, {"Name": "Wheel", "Confidence": 94.56997680664062, "Instances": [], "Parents": []}, {"Name": "Alloy Wheel", "Confidence": 94.50175476074219, "Instances": [], "Parents": [{"Name": "Spoke"}, {"Name": "Wheel"}]}, {"Name": "Tarmac", "Confidence": 91.30979919433594, "Instances": [], "Parents": []}]