[{"Name": "Race Car", "Confidence": 99.93566131591797, "Instances": [], "Parents": [{"Name": "Sports Car"}, {"Name": "Car"}, {"Name": "Vehicle"}, {"Name": "Transportation"}]}, {"Name": "Sports Car", "Confidence": 99.93566131591797, "Instances": [], "Parents": [{"Name": "Car"}, {"Name": "Vehicle"}, {"Name": "Transportation"}]}, {"Name": "Car", "Confidence": 99.93566131591797, "Instances": [{"BoundingBox": {"Width": 0.826000452041626, "Height": 0.20915520191192627, "Left": 0.07099291682243347, "Top": 0.44695135951042175}, "Confidence": 99.46305847167969}], "Parents": [{"Name": "Vehicle"}, {"Name": "Transportation"}]}, {"Name": "Vehicle", "Confidence": 99.93566131591797, "Instances": [], "Parents": [{"Name": "Transportation"}]}, {"Name": "Transportation", "Confidence": 99.93566131591797, "Instances": [], "Parents": []}, {"Name": "Tire", "Confidence": 97.66067504882812, "Instances": [], "Parents": []}, {"Name": "Alloy Wheel", "Confidence": 96.2419204711914, "Instances": [], "Parents": [{"Name": "Spoke"}, {"Name": "Wheel"}]}, {"Name": "Spoke", "Confidence": 96.2419204711914, "Instances": [], "Parents": []}, {"Name": "Wheel", "Confidence": 96.2419204711914, "Instances": [{"BoundingBox": {"Width": 0.11216947436332703, "Height": 0.09090915322303772, "Left": 0.5557803511619568, "Top": 0.5632289052009583}, "Confidence": 72.73871612548828}], "Parents": []}, {"Name": "Tarmac", "Confidence": 88.17711639404297, "Instances": [], "Parents": []}]