[{"Name": "Alloy Wheel", "Confidence": 99.97142028808594, "Instances": [], "Parents": [{"Name": "Spoke"}, {"Name": "Wheel"}, {"Name": "Machine"}]}, {"Name": "Wheel", "Confidence": 99.97142028808594, "Instances": [{"BoundingBox": {"Width": 0.824356734752655, "Height": 0.755731463432312, "Left": 0.0872938334941864, "Top": 0.16067267954349518}, "Confidence": 99.96778869628906}], "Parents": [{"Name": "Machine"}]}, {"Name": "Spoke", "Confidence": 99.97142028808594, "Instances": [], "Parents": [{"Name": "Machine"}]}, {"Name": "Machine", "Confidence": 99.97142028808594, "Instances": [], "Parents": []}, {"Name": "Tire", "Confidence": 99.83641815185547, "Instances": [], "Parents": []}, {"Name": "Car Wheel", "Confidence": 99.088134765625, "Instances": [], "Parents": [{"Name": "Tire"}, {"Name": "Wheel"}, {"Name": "Machine"}]}, {"Name": "Car", "Confidence": 95.7500228881836, "Instances": [{"BoundingBox": {"Width": 0.9993055462837219, "Height": 0.9598119854927063, "Left": 0.0, "Top": 0.0037142944056540728}, "Confidence": 95.7500228881836}], "Parents": [{"Name": "Vehicle"}, {"Name": "Transportation"}]}, {"Name": "Transportation", "Confidence": 95.7500228881836, "Instances": [], "Parents": []}, {"Name": "Vehicle", "Confidence": 95.7500228881836, "Instances": [], "Parents": [{"Name": "Transportation"}]}, {"Name": "Automobile", "Confidence": 95.7500228881836, "Instances": [], "Parents": [{"Name": "Vehicle"}, {"Name": "Transportation"}]}]