[{"Name": "Spoke", "Confidence": 99.81748962402344, "Instances": [], "Parents": [{"Name": "Machine"}]}, {"Name": "Machine", "Confidence": 99.81748962402344, "Instances": [], "Parents": []}, {"Name": "Tire", "Confidence": 99.8067855834961, "Instances": [], "Parents": []}, {"Name": "Alloy Wheel", "Confidence": 99.78797149658203, "Instances": [], "Parents": [{"Name": "Spoke"}, {"Name": "Wheel"}, {"Name": "Machine"}]}, {"Name": "Wheel", "Confidence": 99.78797149658203, "Instances": [{"BoundingBox": {"Width": 0.22452044486999512, "Height": 0.26186293363571167, "Left": 0.10377687215805054, "Top": 0.6063806414604187}, "Confidence": 73.96463012695312}], "Parents": [{"Name": "Machine"}]}, {"Name": "Car", "Confidence": 99.72252655029297, "Instances": [{"BoundingBox": {"Width": 0.891743004322052, "Height": 0.5642493963241577, "Left": 0.007184244692325592, "Top": 0.32081279158592224}, "Confidence": 99.72252655029297}], "Parents": [{"Name": "Transportation"}]}, {"Name": "Transportation", "Confidence": 99.72252655029297, "Instances": [], "Parents": []}, {"Name": "Car Wheel", "Confidence": 98.79916381835938, "Instances": [], "Parents": [{"Name": "Tire"}, {"Name": "Wheel"}, {"Name": "Machine"}]}, {"Name": "Sports Car", "Confidence": 94.82403564453125, "Instances": [], "Parents": [{"Name": "Car"}, {"Name": "Transportation"}]}, {"Name": "Race Car", "Confidence": 83.3309326171875, "Instances": [], "Parents": [{"Name": "Sports Car"}, {"Name": "Car"}, {"Name": "Transportation"}]}]