[{"Name": "Car", "Confidence": 99.84690856933594, "Instances": [{"BoundingBox": {"Width": 0.4584326148033142, "Height": 0.142653226852417, "Left": 0.22861997783184052, "Top": 0.5909215211868286}, "Confidence": 99.84690856933594}], "Parents": [{"Name": "Vehicle"}, {"Name": "Transportation"}]}, {"Name": "Vehicle", "Confidence": 99.84690856933594, "Instances": [], "Parents": [{"Name": "Transportation"}]}, {"Name": "Transportation", "Confidence": 99.84690856933594, "Instances": [], "Parents": []}, {"Name": "Sports Car", "Confidence": 99.44989013671875, "Instances": [], "Parents": [{"Name": "Car"}, {"Name": "Vehicle"}, {"Name": "Transportation"}]}, {"Name": "Race Car", "Confidence": 98.31494903564453, "Instances": [], "Parents": [{"Name": "Sports Car"}, {"Name": "Car"}, {"Name": "Vehicle"}, {"Name": "Transportation"}]}, {"Name": "Wheel", "Confidence": 96.02230834960938, "Instances": [{"BoundingBox": {"Width": 0.06825457513332367, "Height": 0.06802333891391754, "Left": 0.39240947365760803, "Top": 0.6639521718025208}, "Confidence": 96.02230834960938}, {"BoundingBox": {"Width": 0.05766673758625984, "Height": 0.05702456459403038, "Left": 0.619157075881958, "Top": 0.6657696962356567}, "Confidence": 71.58281707763672}], "Parents": []}, {"Name": "Tire", "Confidence": 91.9418716430664, "Instances": [], "Parents": []}, {"Name": "Spoke", "Confidence": 90.77058410644531, "Instances": [], "Parents": []}, {"Name": "Tarmac", "Confidence": 86.5285873413086, "Instances": [], "Parents": []}, {"Name": "Coupe", "Confidence": 84.440673828125, "Instances": [], "Parents": [{"Name": "Sports Car"}, {"Name": "Car"}, {"Name": "Vehicle"}, {"Name": "Transportation"}]}]