[{"Name": "Tire", "Confidence": 99.6983413696289, "Instances": [], "Parents": []}, {"Name": "Car", "Confidence": 99.59307861328125, "Instances": [{"BoundingBox": {"Width": 0.8801386952400208, "Height": 0.3092477023601532, "Left": 0.06904728710651398, "Top": 0.4183754622936249}, "Confidence": 99.59307861328125}], "Parents": [{"Name": "Transportation"}]}, {"Name": "Transportation", "Confidence": 99.59307861328125, "Instances": [], "Parents": []}, {"Name": "Wheel", "Confidence": 99.52766418457031, "Instances": [], "Parents": [{"Name": "Machine"}]}, {"Name": "Machine", "Confidence": 99.52766418457031, "Instances": [], "Parents": []}, {"Name": "Car Wheel", "Confidence": 98.48587799072266, "Instances": [], "Parents": [{"Name": "Tire"}, {"Name": "Wheel"}, {"Name": "Machine"}]}, {"Name": "Sports Car", "Confidence": 96.73001861572266, "Instances": [], "Parents": [{"Name": "Car"}, {"Name": "Transportation"}]}, {"Name": "Spoke", "Confidence": 95.45947265625, "Instances": [], "Parents": [{"Name": "Machine"}]}, {"Name": "Alloy Wheel", "Confidence": 94.15592193603516, "Instances": [], "Parents": [{"Name": "Spoke"}, {"Name": "Wheel"}, {"Name": "Machine"}]}, {"Name": "Race Car", "Confidence": 84.94662475585938, "Instances": [], "Parents": [{"Name": "Sports Car"}, {"Name": "Car"}, {"Name": "Transportation"}]}]