[{"Name": "Clothing", "Confidence": 99.99768829345703, "Instances": [], "Parents": []}, {"Name": "Apparel", "Confidence": 99.99768829345703, "Instances": [], "Parents": []}, {"Name": "Helmet", "Confidence": 99.94618225097656, "Instances": [{"BoundingBox": {"Width": 0.8904045224189758, "Height": 0.7987781763076782, "Left": 0.0388827845454216, "Top": 0.02836829237639904}, "Confidence": 98.77591705322266}], "Parents": [{"Name": "Clothing"}]}, {"Name": "Crash Helmet", "Confidence": 99.94048309326172, "Instances": [], "Parents": [{"Name": "Helmet"}, {"Name": "Clothing"}]}]