[{"Name": "Car", "Confidence": 99.91105651855469, "Instances": [{"BoundingBox": {"Width": 0.8213583827018738, "Height": 0.9544539451599121, "Left": 0.011319901794195175, "Top": 0.013411153107881546}, "Confidence": 99.91105651855469}], "Parents": [{"Name": "Vehicle"}, {"Name": "Transportation"}]}, {"Name": "Transportation", "Confidence": 99.91105651855469, "Instances": [], "Parents": []}, {"Name": "Vehicle", "Confidence": 99.91105651855469, "Instances": [], "Parents": [{"Name": "Transportation"}]}, {"Name": "Automobile", "Confidence": 99.91105651855469, "Instances": [], "Parents": [{"Name": "Vehicle"}, {"Name": "Transportation"}]}, {"Name": "Tire", "Confidence": 99.59837341308594, "Instances": [], "Parents": []}, {"Name": "Wheel", "Confidence": 99.37415313720703, "Instances": [{"BoundingBox": {"Width": 0.11446855217218399, "Height": 0.3385889232158661, "Left": 0.7140228152275085, "Top": 0.38655292987823486}, "Confidence": 94.38184356689453}, {"BoundingBox": {"Width": 0.1401078999042511, "Height": 0.3666827976703644, "Left": 0.5287548303604126, "Top": 0.6244068145751953}, "Confidence": 54.95964431762695}], "Parents": [{"Name": "Machine"}]}, {"Name": "Machine", "Confidence": 99.37415313720703, "Instances": [], "Parents": []}, {"Name": "Alloy Wheel", "Confidence": 98.51285552978516, "Instances": [], "Parents": [{"Name": "Spoke"}, {"Name": "Wheel"}, {"Name": "Machine"}]}, {"Name": "Spoke", "Confidence": 98.51285552978516, "Instances": [], "Parents": [{"Name": "Machine"}]}, {"Name": "Car Wheel", "Confidence": 98.49791717529297, "Instances": [], "Parents": [{"Name": "Tire"}, {"Name": "Wheel"}, {"Name": "Machine"}]}]