[{"Name": "Car", "Confidence": 99.94617462158203, "Instances": [{"BoundingBox": {"Width": 0.8865854740142822, "Height": 0.2679247558116913, "Left": 0.04064718633890152, "Top": 0.29093244671821594}, "Confidence": 99.94617462158203}], "Parents": [{"Name": "Vehicle"}, {"Name": "Transportation"}]}, {"Name": "Transportation", "Confidence": 99.94617462158203, "Instances": [], "Parents": []}, {"Name": "Vehicle", "Confidence": 99.94617462158203, "Instances": [], "Parents": [{"Name": "Transportation"}]}, {"Name": "Automobile", "Confidence": 99.94617462158203, "Instances": [], "Parents": [{"Name": "Vehicle"}, {"Name": "Transportation"}]}, {"Name": "Tire", "Confidence": 99.72799682617188, "Instances": [], "Parents": []}, {"Name": "Wheel", "Confidence": 99.56137084960938, "Instances": [{"BoundingBox": {"Width": 0.13555730879306793, "Height": 0.11686483770608902, "Left": 0.7296987175941467, "Top": 0.3986978530883789}, "Confidence": 93.47611236572266}, {"BoundingBox": {"Width": 0.15277165174484253, "Height": 0.123807892203331, "Left": 0.2153005301952362, "Top": 0.4341368079185486}, "Confidence": 92.64471435546875}], "Parents": [{"Name": "Machine"}]}, {"Name": "Machine", "Confidence": 99.56137084960938, "Instances": [], "Parents": []}, {"Name": "Car Wheel", "Confidence": 98.04125213623047, "Instances": [], "Parents": [{"Name": "Tire"}, {"Name": "Wheel"}, {"Name": "Machine"}]}, {"Name": "Spoke", "Confidence": 96.24322509765625, "Instances": [], "Parents": [{"Name": "Machine"}]}, {"Name": "Alloy Wheel", "Confidence": 96.23542022705078, "Instances": [], "Parents": [{"Name": "Spoke"}, {"Name": "Wheel"}, {"Name": "Machine"}]}]