[{"Name": "Race Car", "Confidence": 99.76126098632812, "Instances": [], "Parents": [{"Name": "Sports Car"}, {"Name": "Car"}, {"Name": "Vehicle"}, {"Name": "Transportation"}]}, {"Name": "Sports Car", "Confidence": 99.76126098632812, "Instances": [], "Parents": [{"Name": "Car"}, {"Name": "Vehicle"}, {"Name": "Transportation"}]}, {"Name": "Car", "Confidence": 99.76126098632812, "Instances": [{"BoundingBox": {"Width": 0.8297597169876099, "Height": 0.6349319815635681, "Left": 0.07715212553739548, "Top": 0.20606498420238495}, "Confidence": 69.3067626953125}], "Parents": [{"Name": "Vehicle"}, {"Name": "Transportation"}]}, {"Name": "Vehicle", "Confidence": 99.76126098632812, "Instances": [], "Parents": [{"Name": "Transportation"}]}, {"Name": "Transportation", "Confidence": 99.76126098632812, "Instances": [], "Parents": []}, {"Name": "Automobile", "Confidence": 99.76126098632812, "Instances": [], "Parents": [{"Name": "Vehicle"}, {"Name": "Transportation"}]}, {"Name": "Tarmac", "Confidence": 99.68016815185547, "Instances": [], "Parents": []}, {"Name": "Asphalt", "Confidence": 99.68016815185547, "Instances": [], "Parents": []}]