[{"Name": "Car", "Confidence": 99.69769287109375, "Instances": [{"BoundingBox": {"Width": 0.8508028388023376, "Height": 0.3916395306587219, "Left": 0.0630822405219078, "Top": 0.2743193507194519}, "Confidence": 99.69769287109375}], "Parents": [{"Name": "Transportation"}]}, {"Name": "Transportation", "Confidence": 99.69769287109375, "Instances": [], "Parents": []}, {"Name": "Tire", "Confidence": 99.54468536376953, "Instances": [], "Parents": []}, {"Name": "Spoke", "Confidence": 99.20819854736328, "Instances": [], "Parents": [{"Name": "Machine"}]}, {"Name": "Machine", "Confidence": 99.20819854736328, "Instances": [], "Parents": []}, {"Name": "Alloy Wheel", "Confidence": 99.06588745117188, "Instances": [], "Parents": [{"Name": "Spoke"}, {"Name": "Wheel"}, {"Name": "Machine"}]}, {"Name": "Wheel", "Confidence": 99.06588745117188, "Instances": [], "Parents": [{"Name": "Machine"}]}, {"Name": "Sports Car", "Confidence": 98.98776245117188, "Instances": [], "Parents": [{"Name": "Car"}, {"Name": "Transportation"}]}, {"Name": "Car Wheel", "Confidence": 96.75529479980469, "Instances": [], "Parents": [{"Name": "Tire"}, {"Name": "Wheel"}, {"Name": "Machine"}]}, {"Name": "Coupe", "Confidence": 94.82433319091797, "Instances": [], "Parents": [{"Name": "Sports Car"}, {"Name": "Car"}, {"Name": "Transportation"}]}]