[{"Name": "Offroad", "Confidence": 95.6709976196289, "Instances": [], "Parents": [{"Name": "Vehicle"}, {"Name": "Transportation"}]}, {"Name": "Transportation", "Confidence": 95.6709976196289, "Instances": [], "Parents": []}, {"Name": "Vehicle", "Confidence": 95.6709976196289, "Instances": [], "Parents": [{"Name": "Transportation"}]}, {"Name": "Nature", "Confidence": 93.85018920898438, "Instances": [], "Parents": []}, {"Name": "Car", "Confidence": 92.75108337402344, "Instances": [{"BoundingBox": {"Width": 0.9164986610412598, "Height": 0.4337606132030487, "Left": 0.016161559149622917, "Top": 0.49039432406425476}, "Confidence": 92.75108337402344}], "Parents": [{"Name": "Vehicle"}, {"Name": "Transportation"}]}, {"Name": "Automobile", "Confidence": 92.75108337402344, "Instances": [], "Parents": [{"Name": "Vehicle"}, {"Name": "Transportation"}]}, {"Name": "Outdoors", "Confidence": 91.39828491210938, "Instances": [], "Parents": []}]