[{"Name": "Car", "Confidence": 99.82437133789062, "Instances": [{"BoundingBox": {"Width": 0.8506213426589966, "Height": 0.38879266381263733, "Left": 0.05915862321853638, "Top": 0.502835750579834}, "Confidence": 99.82437133789062}, {"BoundingBox": {"Width": 0.14654213190078735, "Height": 0.09089995175600052, "Left": 0.21703891456127167, "Top": 0.16734862327575684}, "Confidence": 99.01466369628906}, {"BoundingBox": {"Width": 0.15449151396751404, "Height": 0.20271436870098114, "Left": 0.8425986170768738, "Top": 0.3661026060581207}, "Confidence": 96.62185668945312}, {"BoundingBox": {"Width": 0.06928516179323196, "Height": 0.20738983154296875, "Left": 0.9300203919410706, "Top": 0.5028920769691467}, "Confidence": 84.19398498535156}], "Parents": [{"Name": "Vehicle"}, {"Name": "Transportation"}]}, {"Name": "Automobile", "Confidence": 99.82437133789062, "Instances": [], "Parents": [{"Name": "Vehicle"}, {"Name": "Transportation"}]}, {"Name": "Vehicle", "Confidence": 99.82437133789062, "Instances": [], "Parents": [{"Name": "Transportation"}]}, {"Name": "Transportation", "Confidence": 99.82437133789062, "Instances": [], "Parents": []}, {"Name": "Race Car", "Confidence": 99.81391906738281, "Instances": [], "Parents": [{"Name": "Sports Car"}, {"Name": "Car"}, {"Name": "Vehicle"}, {"Name": "Transportation"}]}, {"Name": "Sports Car", "Confidence": 99.81391906738281, "Instances": [], "Parents": [{"Name": "Car"}, {"Name": "Vehicle"}, {"Name": "Transportation"}]}, {"Name": "Tarmac", "Confidence": 97.91215515136719, "Instances": [], "Parents": []}, {"Name": "Asphalt", "Confidence": 97.91215515136719, "Instances": [], "Parents": []}]