[{"Name": "Sports Car", "Confidence": 99.77808380126953, "Instances": [], "Parents": [{"Name": "Car"}, {"Name": "Vehicle"}, {"Name": "Transportation"}]}, {"Name": "Car", "Confidence": 99.77808380126953, "Instances": [{"BoundingBox": {"Width": 0.8128844499588013, "Height": 0.34245941042900085, "Left": 0.11861462146043777, "Top": 0.446651428937912}, "Confidence": 95.56637573242188}], "Parents": [{"Name": "Vehicle"}, {"Name": "Transportation"}]}, {"Name": "Vehicle", "Confidence": 99.77808380126953, "Instances": [], "Parents": [{"Name": "Transportation"}]}, {"Name": "Transportation", "Confidence": 99.77808380126953, "Instances": [], "Parents": []}, {"Name": "Automobile", "Confidence": 99.77808380126953, "Instances": [], "Parents": [{"Name": "Vehicle"}, {"Name": "Transportation"}]}, {"Name": "Race Car", "Confidence": 99.75164794921875, "Instances": [], "Parents": [{"Name": "Sports Car"}, {"Name": "Car"}, {"Name": "Vehicle"}, {"Name": "Transportation"}]}, {"Name": "Tarmac", "Confidence": 96.60184478759766, "Instances": [], "Parents": []}, {"Name": "Asphalt", "Confidence": 96.60184478759766, "Instances": [], "Parents": []}]