[{"Name": "Helmet", "Confidence": 99.97677612304688, "Instances": [{"BoundingBox": {"Width": 0.4181327819824219, "Height": 0.4011281430721283, "Left": 0.24407009780406952, "Top": 0.12151885777711868}, "Confidence": 99.97677612304688}], "Parents": [{"Name": "Clothing"}]}, {"Name": "Clothing", "Confidence": 99.97677612304688, "Instances": [], "Parents": []}, {"Name": "Apparel", "Confidence": 99.97677612304688, "Instances": [], "Parents": []}, {"Name": "Crash Helmet", "Confidence": 99.18241119384766, "Instances": [], "Parents": [{"Name": "Helmet"}, {"Name": "Clothing"}]}, {"Name": "Person", "Confidence": 96.23245239257812, "Instances": [{"BoundingBox": {"Width": 0.8232329487800598, "Height": 0.8287618160247803, "Left": 0.07929890602827072, "Top": 0.1513783037662506}, "Confidence": 96.23245239257812}], "Parents": []}, {"Name": "Human", "Confidence": 96.23245239257812, "Instances": [], "Parents": []}, {"Name": "Car", "Confidence": 84.10841369628906, "Instances": [{"BoundingBox": {"Width": 0.25583919882774353, "Height": 0.23447293043136597, "Left": 0.7369629144668579, "Top": 0.5930551886558533}, "Confidence": 65.6084976196289}], "Parents": [{"Name": "Vehicle"}, {"Name": "Transportation"}]}, {"Name": "Transportation", "Confidence": 84.10841369628906, "Instances": [], "Parents": []}, {"Name": "Vehicle", "Confidence": 84.10841369628906, "Instances": [], "Parents": [{"Name": "Transportation"}]}, {"Name": "Automobile", "Confidence": 84.10841369628906, "Instances": [], "Parents": [{"Name": "Vehicle"}, {"Name": "Transportation"}]}]