[{"Name": "Tire", "Confidence": 98.20931243896484, "Instances": [], "Parents": []}, {"Name": "Wheel", "Confidence": 97.8510971069336, "Instances": [{"BoundingBox": {"Width": 0.14790844917297363, "Height": 0.14033128321170807, "Left": 0.24064530432224274, "Top": 0.017519498243927956}, "Confidence": 96.3229751586914}], "Parents": [{"Name": "Machine"}]}, {"Name": "Machine", "Confidence": 97.8510971069336, "Instances": [], "Parents": []}, {"Name": "Car", "Confidence": 97.3879165649414, "Instances": [{"BoundingBox": {"Width": 0.5686141848564148, "Height": 0.152958482503891, "Left": 0.011978785507380962, "Top": 0.0018360477406531572}, "Confidence": 97.3879165649414}, {"BoundingBox": {"Width": 0.8084658980369568, "Height": 0.9290679097175598, "Left": 0.19083963334560394, "Top": 0.05376105383038521}, "Confidence": 80.8028564453125}], "Parents": [{"Name": "Vehicle"}, {"Name": "Transportation"}]}, {"Name": "Vehicle", "Confidence": 97.3879165649414, "Instances": [], "Parents": [{"Name": "Transportation"}]}, {"Name": "Transportation", "Confidence": 97.3879165649414, "Instances": [], "Parents": []}, {"Name": "Spoke", "Confidence": 96.04051971435547, "Instances": [], "Parents": [{"Name": "Machine"}]}, {"Name": "Alloy Wheel", "Confidence": 93.40966033935547, "Instances": [], "Parents": [{"Name": "Spoke"}, {"Name": "Wheel"}, {"Name": "Machine"}]}, {"Name": "Car Wheel", "Confidence": 89.55496978759766, "Instances": [], "Parents": [{"Name": "Tire"}, {"Name": "Wheel"}, {"Name": "Machine"}]}, {"Name": "Lawn Mower", "Confidence": 86.57283020019531, "Instances": [{"BoundingBox": {"Width": 0.793363630771637, "Height": 0.9227109551429749, "Left": 0.18745999038219452, "Top": 0.040974732488393784}, "Confidence": 86.57283020019531}], "Parents": []}]