[{"Name": "Car", "Confidence": 99.94978332519531, "Instances": [{"BoundingBox": {"Width": 0.9724204540252686, "Height": 0.7339452505111694, "Left": 0.009278022684156895, "Top": 0.09169194102287292}, "Confidence": 99.94978332519531}], "Parents": [{"Name": "Vehicle"}, {"Name": "Transportation"}]}, {"Name": "Transportation", "Confidence": 99.94978332519531, "Instances": [], "Parents": []}, {"Name": "Vehicle", "Confidence": 99.94978332519531, "Instances": [], "Parents": [{"Name": "Transportation"}]}, {"Name": "Automobile", "Confidence": 99.94978332519531, "Instances": [], "Parents": [{"Name": "Vehicle"}, {"Name": "Transportation"}]}, {"Name": "Tire", "Confidence": 99.81483459472656, "Instances": [], "Parents": []}, {"Name": "Wheel", "Confidence": 99.78487396240234, "Instances": [{"BoundingBox": {"Width": 0.5093045830726624, "Height": 0.35697460174560547, "Left": 0.39564210176467896, "Top": 0.4498406946659088}, "Confidence": 59.80498123168945}], "Parents": [{"Name": "Machine"}]}, {"Name": "Machine", "Confidence": 99.78487396240234, "Instances": [], "Parents": []}, {"Name": "Car Wheel", "Confidence": 99.361572265625, "Instances": [], "Parents": [{"Name": "Tire"}, {"Name": "Wheel"}, {"Name": "Machine"}]}, {"Name": "Alloy Wheel", "Confidence": 96.46077728271484, "Instances": [], "Parents": [{"Name": "Spoke"}, {"Name": "Wheel"}, {"Name": "Machine"}]}, {"Name": "Spoke", "Confidence": 96.46077728271484, "Instances": [], "Parents": [{"Name": "Machine"}]}]