[{"Name": "Car", "Confidence": 99.74823760986328, "Instances": [{"BoundingBox": {"Width": 0.8753331303596497, "Height": 0.2330162078142166, "Left": 0.055281661450862885, "Top": 0.5600598454475403}, "Confidence": 99.74823760986328}], "Parents": [{"Name": "Vehicle"}]}, {"Name": "Vehicle", "Confidence": 99.74823760986328, "Instances": [], "Parents": []}, {"Name": "Tire", "Confidence": 99.45851135253906, "Instances": [], "Parents": []}, {"Name": "Sports Car", "Confidence": 99.27946472167969, "Instances": [], "Parents": [{"Name": "Car"}, {"Name": "Vehicle"}]}, {"Name": "Race Car", "Confidence": 99.26103210449219, "Instances": [], "Parents": [{"Name": "Sports Car"}, {"Name": "Car"}, {"Name": "Vehicle"}]}, {"Name": "Wheel", "Confidence": 99.18696594238281, "Instances": [], "Parents": [{"Name": "Machine"}]}, {"Name": "Machine", "Confidence": 99.18696594238281, "Instances": [], "Parents": []}, {"Name": "Alloy Wheel", "Confidence": 98.56806945800781, "Instances": [], "Parents": [{"Name": "Spoke"}, {"Name": "Wheel"}, {"Name": "Machine"}]}, {"Name": "Spoke", "Confidence": 98.56806945800781, "Instances": [], "Parents": [{"Name": "Machine"}]}, {"Name": "Car Wheel", "Confidence": 97.40704345703125, "Instances": [], "Parents": [{"Name": "Tire"}, {"Name": "Wheel"}, {"Name": "Machine"}]}]