[{"Name": "Car", "Confidence": 99.8892822265625, "Instances": [{"BoundingBox": {"Width": 0.9397283792495728, "Height": 0.5393117070198059, "Left": 0.024585682898759842, "Top": 0.31976786255836487}, "Confidence": 99.8892822265625}, {"BoundingBox": {"Width": 0.3218505382537842, "Height": 0.24579480290412903, "Left": 0.6771870255470276, "Top": 0.3575911819934845}, "Confidence": 93.42041015625}], "Parents": [{"Name": "Vehicle"}, {"Name": "Transportation"}]}, {"Name": "Vehicle", "Confidence": 99.8892822265625, "Instances": [], "Parents": [{"Name": "Transportation"}]}, {"Name": "Transportation", "Confidence": 99.8892822265625, "Instances": [], "Parents": []}, {"Name": "Sports Car", "Confidence": 99.74710083007812, "Instances": [], "Parents": [{"Name": "Car"}, {"Name": "Vehicle"}, {"Name": "Transportation"}]}, {"Name": "Coupe", "Confidence": 98.46490478515625, "Instances": [], "Parents": [{"Name": "Sports Car"}, {"Name": "Car"}, {"Name": "Vehicle"}, {"Name": "Transportation"}]}, {"Name": "Tire", "Confidence": 96.1622085571289, "Instances": [], "Parents": []}, {"Name": "Wheel", "Confidence": 89.79370880126953, "Instances": [], "Parents": []}, {"Name": "Car Wheel", "Confidence": 85.13009643554688, "Instances": [], "Parents": [{"Name": "Tire"}, {"Name": "Wheel"}]}, {"Name": "Alloy Wheel", "Confidence": 85.08503723144531, "Instances": [], "Parents": [{"Name": "Spoke"}, {"Name": "Wheel"}]}, {"Name": "Spoke", "Confidence": 85.08503723144531, "Instances": [], "Parents": []}]