[{"Name": "Car", "Confidence": 99.93534088134766, "Instances": [{"BoundingBox": {"Width": 0.7150434851646423, "Height": 0.34537824988365173, "Left": 0.20876672863960266, "Top": 0.4665031135082245}, "Confidence": 99.93534088134766}, {"BoundingBox": {"Width": 0.17849761247634888, "Height": 0.10659654438495636, "Left": 0.020593198016285896, "Top": 0.44816985726356506}, "Confidence": 98.95880126953125}, {"BoundingBox": {"Width": 0.25694096088409424, "Height": 0.15643921494483948, "Left": 0.08921518176794052, "Top": 0.47048747539520264}, "Confidence": 98.34284973144531}, {"BoundingBox": {"Width": 0.18967874348163605, "Height": 0.13454724848270416, "Left": 0.06018570810556412, "Top": 0.4551239609718323}, "Confidence": 89.71479797363281}, {"BoundingBox": {"Width": 0.07076510041952133, "Height": 0.059569500386714935, "Left": 0.00012091795360902324, "Top": 0.44996166229248047}, "Confidence": 85.79511260986328}], "Parents": [{"Name": "Vehicle"}, {"Name": "Transportation"}]}, {"Name": "Automobile", "Confidence": 99.93534088134766, "Instances": [], "Parents": [{"Name": "Vehicle"}, {"Name": "Transportation"}]}, {"Name": "Vehicle", "Confidence": 99.93534088134766, "Instances": [], "Parents": [{"Name": "Transportation"}]}, {"Name": "Transportation", "Confidence": 99.93534088134766, "Instances": [], "Parents": []}, {"Name": "Sports Car", "Confidence": 98.59308624267578, "Instances": [], "Parents": [{"Name": "Car"}, {"Name": "Vehicle"}, {"Name": "Transportation"}]}, {"Name": "Person", "Confidence": 98.08414459228516, "Instances": [{"BoundingBox": {"Width": 0.042515989392995834, "Height": 0.05091681703925133, "Left": 0.521263062953949, "Top": 0.41779690980911255}, "Confidence": 98.08414459228516}, {"BoundingBox": {"Width": 0.046419184654951096, "Height": 0.03451883792877197, "Left": 0.26384082436561584, "Top": 0.4678701162338257}, "Confidence": 88.69992065429688}, {"BoundingBox": {"Width": 0.01365585345774889, "Height": 0.016149630770087242, "Left": 0.6509088277816772, "Top": 0.4218107759952545}, "Confidence": 66.7106704711914}], "Parents": []}, {"Name": "Human", "Confidence": 98.08414459228516, "Instances": [], "Parents": []}, {"Name": "Coupe", "Confidence": 89.34901428222656, "Instances": [], "Parents": [{"Name": "Sports Car"}, {"Name": "Car"}, {"Name": "Vehicle"}, {"Name": "Transportation"}]}, {"Name": "Race Car", "Confidence": 88.14373016357422, "Instances": [], "Parents": [{"Name": "Sports Car"}, {"Name": "Car"}, {"Name": "Vehicle"}, {"Name": "Transportation"}]}, {"Name": "Tire", "Confidence": 81.70986938476562, "Instances": [], "Parents": []}]