[{"Name": "Sports Car", "Confidence": 99.57613372802734, "Instances": [], "Parents": [{"Name": "Car"}]}, {"Name": "Car", "Confidence": 99.57613372802734, "Instances": [{"BoundingBox": {"Width": 0.8969067335128784, "Height": 0.4131965637207031, "Left": 0.04035305604338646, "Top": 0.37837517261505127}, "Confidence": 98.54899597167969}], "Parents": []}, {"Name": "Spoke", "Confidence": 99.31710815429688, "Instances": [], "Parents": [{"Name": "Machine"}]}, {"Name": "Machine", "Confidence": 99.31710815429688, "Instances": [], "Parents": []}, {"Name": "Tarmac", "Confidence": 99.19307708740234, "Instances": [], "Parents": []}, {"Name": "Tire", "Confidence": 99.05794525146484, "Instances": [], "Parents": []}, {"Name": "Race Car", "Confidence": 99.03937530517578, "Instances": [], "Parents": [{"Name": "Sports Car"}, {"Name": "Car"}]}, {"Name": "Alloy Wheel", "Confidence": 98.6742172241211, "Instances": [], "Parents": [{"Name": "Spoke"}, {"Name": "Wheel"}, {"Name": "Machine"}]}, {"Name": "Wheel", "Confidence": 98.6742172241211, "Instances": [], "Parents": [{"Name": "Machine"}]}, {"Name": "Car Wheel", "Confidence": 95.33070373535156, "Instances": [], "Parents": [{"Name": "Tire"}, {"Name": "Wheel"}, {"Name": "Machine"}]}]