[{"Name": "Car", "Confidence": 97.56230163574219, "Instances": [{"BoundingBox": {"Width": 0.9395246505737305, "Height": 0.5943546295166016, "Left": 0.0071470048278570175, "Top": 0.405088871717453}, "Confidence": 96.80937194824219}, {"BoundingBox": {"Width": 0.3063650131225586, "Height": 0.12141349911689758, "Left": 0.007940270937979221, "Top": 0.35499224066734314}, "Confidence": 75.23906707763672}], "Parents": [{"Name": "Vehicle"}, {"Name": "Transportation"}]}, {"Name": "Vehicle", "Confidence": 97.56230163574219, "Instances": [], "Parents": [{"Name": "Transportation"}]}, {"Name": "Transportation", "Confidence": 97.56230163574219, "Instances": [], "Parents": []}, {"Name": "Spoke", "Confidence": 94.62353515625, "Instances": [], "Parents": [{"Name": "Machine"}]}, {"Name": "Machine", "Confidence": 94.62353515625, "Instances": [], "Parents": []}, {"Name": "Alloy Wheel", "Confidence": 94.55747985839844, "Instances": [], "Parents": [{"Name": "Spoke"}, {"Name": "Wheel"}, {"Name": "Machine"}]}, {"Name": "Wheel", "Confidence": 94.55747985839844, "Instances": [], "Parents": [{"Name": "Machine"}]}, {"Name": "Tire", "Confidence": 93.77025604248047, "Instances": [], "Parents": []}, {"Name": "Convertible", "Confidence": 92.8589859008789, "Instances": [], "Parents": [{"Name": "Car"}, {"Name": "Vehicle"}, {"Name": "Transportation"}]}, {"Name": "Car Wheel", "Confidence": 86.05819702148438, "Instances": [], "Parents": [{"Name": "Tire"}, {"Name": "Wheel"}, {"Name": "Machine"}]}]