[{"Name": "Car", "Confidence": 99.7776107788086, "Instances": [{"BoundingBox": {"Width": 0.8934390544891357, "Height": 0.19782842695713043, "Left": 0.06202671676874161, "Top": 0.5336332321166992}, "Confidence": 99.7776107788086}], "Parents": [{"Name": "Vehicle"}, {"Name": "Transportation"}]}, {"Name": "Automobile", "Confidence": 99.7776107788086, "Instances": [], "Parents": [{"Name": "Vehicle"}, {"Name": "Transportation"}]}, {"Name": "Vehicle", "Confidence": 99.7776107788086, "Instances": [], "Parents": [{"Name": "Transportation"}]}, {"Name": "Transportation", "Confidence": 99.7776107788086, "Instances": [], "Parents": []}, {"Name": "Sports Car", "Confidence": 97.72322845458984, "Instances": [], "Parents": [{"Name": "Car"}, {"Name": "Vehicle"}, {"Name": "Transportation"}]}, {"Name": "Race Car", "Confidence": 91.26229858398438, "Instances": [], "Parents": [{"Name": "Sports Car"}, {"Name": "Car"}, {"Name": "Vehicle"}, {"Name": "Transportation"}]}, {"Name": "Offroad", "Confidence": 85.73942565917969, "Instances": [], "Parents": [{"Name": "Vehicle"}, {"Name": "Transportation"}]}, {"Name": "Wheel", "Confidence": 82.5060043334961, "Instances": [{"BoundingBox": {"Width": 0.13502559065818787, "Height": 0.09103171527385712, "Left": 0.1819753497838974, "Top": 0.6293022036552429}, "Confidence": 82.5060043334961}], "Parents": [{"Name": "Machine"}]}, {"Name": "Machine", "Confidence": 82.5060043334961, "Instances": [], "Parents": []}]