[{"Name": "Spoke", "Confidence": 99.94705963134766, "Instances": [], "Parents": [{"Name": "Machine"}]}, {"Name": "Machine", "Confidence": 99.94705963134766, "Instances": [], "Parents": []}, {"Name": "Alloy Wheel", "Confidence": 99.9423599243164, "Instances": [], "Parents": [{"Name": "Spoke"}, {"Name": "Wheel"}, {"Name": "Machine"}]}, {"Name": "Wheel", "Confidence": 99.9423599243164, "Instances": [], "Parents": [{"Name": "Machine"}]}, {"Name": "Tire", "Confidence": 99.70982360839844, "Instances": [], "Parents": []}, {"Name": "Car", "Confidence": 99.15792083740234, "Instances": [{"BoundingBox": {"Width": 0.7179494500160217, "Height": 0.4303579330444336, "Left": 0.28135618567466736, "Top": 0.39421433210372925}, "Confidence": 99.15792083740234}], "Parents": [{"Name": "Vehicle"}, {"Name": "Transportation"}]}, {"Name": "Vehicle", "Confidence": 99.15792083740234, "Instances": [], "Parents": [{"Name": "Transportation"}]}, {"Name": "Transportation", "Confidence": 99.15792083740234, "Instances": [], "Parents": []}, {"Name": "Car Wheel", "Confidence": 98.09245300292969, "Instances": [], "Parents": [{"Name": "Tire"}, {"Name": "Wheel"}, {"Name": "Machine"}]}, {"Name": "Sports Car", "Confidence": 82.90507507324219, "Instances": [], "Parents": [{"Name": "Car"}, {"Name": "Vehicle"}, {"Name": "Transportation"}]}]