[{"Name": "Race Car", "Confidence": 99.9149398803711, "Instances": [], "Parents": [{"Name": "Sports Car"}, {"Name": "Car"}, {"Name": "Vehicle"}, {"Name": "Transportation"}]}, {"Name": "Sports Car", "Confidence": 99.9149398803711, "Instances": [], "Parents": [{"Name": "Car"}, {"Name": "Vehicle"}, {"Name": "Transportation"}]}, {"Name": "Car", "Confidence": 99.9149398803711, "Instances": [{"BoundingBox": {"Width": 0.8082438111305237, "Height": 0.5560557842254639, "Left": 0.07046500593423843, "Top": 0.2560294568538666}, "Confidence": 99.68958282470703}], "Parents": [{"Name": "Vehicle"}, {"Name": "Transportation"}]}, {"Name": "Vehicle", "Confidence": 99.9149398803711, "Instances": [], "Parents": [{"Name": "Transportation"}]}, {"Name": "Transportation", "Confidence": 99.9149398803711, "Instances": [], "Parents": []}, {"Name": "Automobile", "Confidence": 99.9149398803711, "Instances": [], "Parents": [{"Name": "Vehicle"}, {"Name": "Transportation"}]}, {"Name": "Tarmac", "Confidence": 95.7447280883789, "Instances": [], "Parents": []}, {"Name": "Asphalt", "Confidence": 95.7447280883789, "Instances": [], "Parents": []}, {"Name": "Tire", "Confidence": 80.73499298095703, "Instances": [], "Parents": []}]