[{"Name": "Tarmac", "Confidence": 99.9651107788086, "Instances": [], "Parents": []}, {"Name": "Asphalt", "Confidence": 99.9651107788086, "Instances": [], "Parents": []}, {"Name": "Road", "Confidence": 95.26007843017578, "Instances": [], "Parents": []}, {"Name": "Sports Car", "Confidence": 84.76953887939453, "Instances": [], "Parents": [{"Name": "Car"}, {"Name": "Vehicle"}, {"Name": "Transportation"}]}, {"Name": "Transportation", "Confidence": 84.76953887939453, "Instances": [], "Parents": []}, {"Name": "Vehicle", "Confidence": 84.76953887939453, "Instances": [], "Parents": [{"Name": "Transportation"}]}, {"Name": "Car", "Confidence": 84.76953887939453, "Instances": [], "Parents": [{"Name": "Vehicle"}, {"Name": "Transportation"}]}, {"Name": "Automobile", "Confidence": 84.76953887939453, "Instances": [], "Parents": [{"Name": "Vehicle"}, {"Name": "Transportation"}]}]