[{"Name": "Car", "Confidence": 97.12232971191406, "Instances": [{"BoundingBox": {"Width": 0.8250302076339722, "Height": 0.34401583671569824, "Left": 0.05346522852778435, "Top": 0.42204204201698303}, "Confidence": 97.12232971191406}], "Parents": [{"Name": "Vehicle"}, {"Name": "Transportation"}]}, {"Name": "Automobile", "Confidence": 97.12232971191406, "Instances": [], "Parents": [{"Name": "Vehicle"}, {"Name": "Transportation"}]}, {"Name": "Vehicle", "Confidence": 97.12232971191406, "Instances": [], "Parents": [{"Name": "Transportation"}]}, {"Name": "Transportation", "Confidence": 97.12232971191406, "Instances": [], "Parents": []}, {"Name": "Bumper", "Confidence": 94.6224136352539, "Instances": [], "Parents": [{"Name": "Vehicle"}, {"Name": "Transportation"}]}]