[{"Name": "Person", "Confidence": 98.38885498046875, "Instances": [{"BoundingBox": {"Width": 0.6641361713409424, "Height": 0.39498913288116455, "Left": 0.27642032504081726, "Top": 0.20516571402549744}, "Confidence": 98.38885498046875}], "Parents": []}, {"Name": "Human", "Confidence": 98.38885498046875, "Instances": [], "Parents": []}, {"Name": "Car", "Confidence": 92.87029266357422, "Instances": [], "Parents": [{"Name": "Vehicle"}, {"Name": "Transportation"}]}, {"Name": "Automobile", "Confidence": 92.87029266357422, "Instances": [], "Parents": [{"Name": "Vehicle"}, {"Name": "Transportation"}]}, {"Name": "Vehicle", "Confidence": 92.87029266357422, "Instances": [], "Parents": [{"Name": "Transportation"}]}, {"Name": "Transportation", "Confidence": 92.87029266357422, "Instances": [], "Parents": []}, {"Name": "Formula One", "Confidence": 90.61005401611328, "Instances": [], "Parents": [{"Name": "Car"}, {"Name": "Vehicle"}, {"Name": "Transportation"}]}, {"Name": "Tire", "Confidence": 85.56239318847656, "Instances": [], "Parents": []}]