[{"Name": "Person", "Confidence": 97.77006530761719, "Instances": [{"BoundingBox": {"Width": 0.7475636601448059, "Height": 0.6789759397506714, "Left": 0.1495661437511444, "Top": 0.22033345699310303}, "Confidence": 94.66988372802734}, {"BoundingBox": {"Width": 0.4434972107410431, "Height": 0.35096246004104614, "Left": 0.005618434399366379, "Top": 0.4981895685195923}, "Confidence": 64.90229034423828}], "Parents": []}, {"Name": "Human", "Confidence": 97.77006530761719, "Instances": [], "Parents": []}, {"Name": "Sports Car", "Confidence": 97.470458984375, "Instances": [], "Parents": [{"Name": "Car"}, {"Name": "Vehicle"}, {"Name": "Transportation"}]}, {"Name": "Transportation", "Confidence": 97.470458984375, "Instances": [], "Parents": []}, {"Name": "Vehicle", "Confidence": 97.470458984375, "Instances": [], "Parents": [{"Name": "Transportation"}]}, {"Name": "Car", "Confidence": 97.470458984375, "Instances": [{"BoundingBox": {"Width": 0.9993055462837219, "Height": 0.980731189250946, "Left": 0.0, "Top": 0.01871320977807045}, "Confidence": 64.69530487060547}], "Parents": [{"Name": "Vehicle"}, {"Name": "Transportation"}]}, {"Name": "Automobile", "Confidence": 97.470458984375, "Instances": [], "Parents": [{"Name": "Vehicle"}, {"Name": "Transportation"}]}, {"Name": "Race Car", "Confidence": 93.70252990722656, "Instances": [], "Parents": [{"Name": "Sports Car"}, {"Name": "Car"}, {"Name": "Vehicle"}, {"Name": "Transportation"}]}, {"Name": "People", "Confidence": 84.56778717041016, "Instances": [], "Parents": [{"Name": "Person"}]}]