[{"Name": "Car", "Confidence": 99.94611358642578, "Instances": [{"BoundingBox": {"Width": 0.8098494410514832, "Height": 0.5455567240715027, "Left": 0.16553719341754913, "Top": 0.3021518588066101}, "Confidence": 99.94611358642578}], "Parents": [{"Name": "Vehicle"}, {"Name": "Transportation"}]}, {"Name": "Vehicle", "Confidence": 99.94611358642578, "Instances": [], "Parents": [{"Name": "Transportation"}]}, {"Name": "Transportation", "Confidence": 99.94611358642578, "Instances": [], "Parents": []}, {"Name": "Sports Car", "Confidence": 99.06658172607422, "Instances": [], "Parents": [{"Name": "Car"}, {"Name": "Vehicle"}, {"Name": "Transportation"}]}, {"Name": "Tire", "Confidence": 98.92493438720703, "Instances": [], "Parents": []}, {"Name": "Race Car", "Confidence": 98.69441986083984, "Instances": [], "Parents": [{"Name": "Sports Car"}, {"Name": "Car"}, {"Name": "Vehicle"}, {"Name": "Transportation"}]}, {"Name": "Wheel", "Confidence": 97.54615783691406, "Instances": [{"BoundingBox": {"Width": 0.2947210371494293, "Height": 0.2959589660167694, "Left": 0.6153758764266968, "Top": 0.5385647416114807}, "Confidence": 68.37950897216797}], "Parents": [{"Name": "Machine"}]}, {"Name": "Machine", "Confidence": 97.54615783691406, "Instances": [], "Parents": []}, {"Name": "Car Wheel", "Confidence": 94.63338470458984, "Instances": [], "Parents": [{"Name": "Tire"}, {"Name": "Wheel"}, {"Name": "Machine"}]}, {"Name": "Spoke", "Confidence": 88.18305206298828, "Instances": [], "Parents": [{"Name": "Machine"}]}]