[{"Name": "Tire", "Confidence": 99.86151123046875, "Instances": [], "Parents": []}, {"Name": "Wheel", "Confidence": 99.73851013183594, "Instances": [], "Parents": [{"Name": "Machine"}]}, {"Name": "Machine", "Confidence": 99.73851013183594, "Instances": [], "Parents": []}, {"Name": "Car", "Confidence": 99.5762939453125, "Instances": [{"BoundingBox": {"Width": 0.9799082279205322, "Height": 0.8832829594612122, "Left": 0.0193973109126091, "Top": 0.10523978620767593}, "Confidence": 99.5762939453125}], "Parents": [{"Name": "Vehicle"}, {"Name": "Transportation"}]}, {"Name": "Transportation", "Confidence": 99.5762939453125, "Instances": [], "Parents": []}, {"Name": "Vehicle", "Confidence": 99.5762939453125, "Instances": [], "Parents": [{"Name": "Transportation"}]}, {"Name": "Automobile", "Confidence": 99.5762939453125, "Instances": [], "Parents": [{"Name": "Vehicle"}, {"Name": "Transportation"}]}, {"Name": "Spoke", "Confidence": 99.50926971435547, "Instances": [], "Parents": [{"Name": "Machine"}]}, {"Name": "Alloy Wheel", "Confidence": 99.37142944335938, "Instances": [], "Parents": [{"Name": "Spoke"}, {"Name": "Wheel"}, {"Name": "Machine"}]}, {"Name": "Car Wheel", "Confidence": 99.0942153930664, "Instances": [], "Parents": [{"Name": "Tire"}, {"Name": "Wheel"}, {"Name": "Machine"}]}]