[{"Name": "Alloy Wheel", "Confidence": 99.59791564941406, "Instances": [], "Parents": [{"Name": "Spoke"}, {"Name": "Wheel"}, {"Name": "Machine"}]}, {"Name": "Spoke", "Confidence": 99.59791564941406, "Instances": [], "Parents": [{"Name": "Machine"}]}, {"Name": "Wheel", "Confidence": 99.59791564941406, "Instances": [{"BoundingBox": {"Width": 0.27922677993774414, "Height": 0.4260712265968323, "Left": 0.0221483763307333, "Top": 0.5018301606178284}, "Confidence": 87.04354858398438}], "Parents": [{"Name": "Machine"}]}, {"Name": "Machine", "Confidence": 99.59791564941406, "Instances": [], "Parents": []}, {"Name": "Car", "Confidence": 99.51871490478516, "Instances": [{"BoundingBox": {"Width": 0.8976191878318787, "Height": 0.8091198801994324, "Left": 0.01494674663990736, "Top": 0.10067294538021088}, "Confidence": 99.51871490478516}, {"BoundingBox": {"Width": 0.09656193852424622, "Height": 0.057766105979681015, "Left": 0.4652978181838989, "Top": 0.01741701178252697}, "Confidence": 79.34603881835938}], "Parents": [{"Name": "Vehicle"}]}, {"Name": "Vehicle", "Confidence": 99.51871490478516, "Instances": [], "Parents": []}, {"Name": "Tire", "Confidence": 99.50070190429688, "Instances": [], "Parents": []}, {"Name": "Sports Car", "Confidence": 98.99449920654297, "Instances": [], "Parents": [{"Name": "Car"}, {"Name": "Vehicle"}]}, {"Name": "Car Wheel", "Confidence": 97.65558624267578, "Instances": [], "Parents": [{"Name": "Tire"}, {"Name": "Wheel"}, {"Name": "Machine"}]}, {"Name": "Coupe", "Confidence": 96.7875747680664, "Instances": [], "Parents": [{"Name": "Sports Car"}, {"Name": "Car"}, {"Name": "Vehicle"}]}]