[{"Name": "Car", "Confidence": 99.87693786621094, "Instances": [{"BoundingBox": {"Width": 0.9266838431358337, "Height": 0.5076610445976257, "Left": 0.031078867614269257, "Top": 0.11553926765918732}, "Confidence": 99.87693786621094}], "Parents": [{"Name": "Vehicle"}, {"Name": "Transportation"}]}, {"Name": "Automobile", "Confidence": 99.87693786621094, "Instances": [], "Parents": [{"Name": "Vehicle"}, {"Name": "Transportation"}]}, {"Name": "Transportation", "Confidence": 99.87693786621094, "Instances": [], "Parents": []}, {"Name": "Vehicle", "Confidence": 99.87693786621094, "Instances": [], "Parents": [{"Name": "Transportation"}]}, {"Name": "Race Car", "Confidence": 99.7910385131836, "Instances": [], "Parents": [{"Name": "Sports Car"}, {"Name": "Car"}, {"Name": "Vehicle"}, {"Name": "Transportation"}]}, {"Name": "Sports Car", "Confidence": 99.7910385131836, "Instances": [], "Parents": [{"Name": "Car"}, {"Name": "Vehicle"}, {"Name": "Transportation"}]}, {"Name": "Tarmac", "Confidence": 98.14864349365234, "Instances": [], "Parents": []}, {"Name": "Asphalt", "Confidence": 98.14864349365234, "Instances": [], "Parents": []}]