[{"Name": "Clothing", "Confidence": 99.66259765625, "Instances": [], "Parents": []}, {"Name": "Apparel", "Confidence": 99.66259765625, "Instances": [], "Parents": []}, {"Name": "Person", "Confidence": 98.6834945678711, "Instances": [{"BoundingBox": {"Width": 0.8207648396492004, "Height": 0.9103094935417175, "Left": 0.16498883068561554, "Top": 0.08224364370107651}, "Confidence": 98.6834945678711}], "Parents": []}, {"Name": "Human", "Confidence": 98.6834945678711, "Instances": [], "Parents": []}, {"Name": "Sunglasses", "Confidence": 96.68165588378906, "Instances": [{"BoundingBox": {"Width": 0.3137345612049103, "Height": 0.24919170141220093, "Left": 0.45236971974372864, "Top": 0.27307865023612976}, "Confidence": 96.68165588378906}], "Parents": [{"Name": "Accessories"}]}, {"Name": "Accessories", "Confidence": 96.68165588378906, "Instances": [], "Parents": []}, {"Name": "Accessory", "Confidence": 96.68165588378906, "Instances": [], "Parents": []}]