[{"Name": "Car", "Confidence": 99.94041442871094, "Instances": [{"BoundingBox": {"Width": 0.9411159753799438, "Height": 0.25077223777770996, "Left": 0.028551016002893448, "Top": 0.42565375566482544}, "Confidence": 99.94041442871094}], "Parents": []}, {"Name": "Wheel", "Confidence": 99.89630126953125, "Instances": [{"BoundingBox": {"Width": 0.13053448498249054, "Height": 0.10602064430713654, "Left": 0.1419934779405594, "Top": 0.5550830364227295}, "Confidence": 93.14551544189453}, {"BoundingBox": {"Width": 0.14224925637245178, "Height": 0.10530988872051239, "Left": 0.6434218883514404, "Top": 0.5631770491600037}, "Confidence": 91.13916778564453}], "Parents": [{"Name": "Machine"}]}, {"Name": "Machine", "Confidence": 99.89630126953125, "Instances": [], "Parents": []}, {"Name": "Tire", "Confidence": 99.89332580566406, "Instances": [], "Parents": []}, {"Name": "Car Wheel", "Confidence": 99.57218933105469, "Instances": [], "Parents": [{"Name": "Tire"}, {"Name": "Wheel"}, {"Name": "Machine"}]}, {"Name": "Spoke", "Confidence": 98.9701156616211, "Instances": [], "Parents": [{"Name": "Machine"}]}, {"Name": "Sports Car", "Confidence": 98.27335357666016, "Instances": [], "Parents": [{"Name": "Car"}]}, {"Name": "Alloy Wheel", "Confidence": 97.62322998046875, "Instances": [], "Parents": [{"Name": "Spoke"}, {"Name": "Wheel"}, {"Name": "Machine"}]}, {"Name": "Coupe", "Confidence": 92.8938217163086, "Instances": [], "Parents": [{"Name": "Sports Car"}, {"Name": "Car"}]}, {"Name": "Race Car", "Confidence": 90.47278594970703, "Instances": [], "Parents": [{"Name": "Sports Car"}, {"Name": "Car"}]}]