[{"Name": "Car", "Confidence": 97.30278015136719, "Instances": [{"BoundingBox": {"Width": 0.21822458505630493, "Height": 0.1319681704044342, "Left": 0.6789717674255371, "Top": 0.4110383689403534}, "Confidence": 97.30278015136719}, {"BoundingBox": {"Width": 0.828875720500946, "Height": 0.43460363149642944, "Left": 0.036366019397974014, "Top": 0.4143763780593872}, "Confidence": 95.58728790283203}, {"BoundingBox": {"Width": 0.12526889145374298, "Height": 0.0829610824584961, "Left": 0.8321586847305298, "Top": 0.3822340667247772}, "Confidence": 73.57710266113281}], "Parents": [{"Name": "Vehicle"}, {"Name": "Transportation"}]}, {"Name": "Automobile", "Confidence": 97.30278015136719, "Instances": [], "Parents": [{"Name": "Vehicle"}, {"Name": "Transportation"}]}, {"Name": "Vehicle", "Confidence": 97.30278015136719, "Instances": [], "Parents": [{"Name": "Transportation"}]}, {"Name": "Transportation", "Confidence": 97.30278015136719, "Instances": [], "Parents": []}, {"Name": "Sports Car", "Confidence": 90.37499237060547, "Instances": [], "Parents": [{"Name": "Car"}, {"Name": "Vehicle"}, {"Name": "Transportation"}]}, {"Name": "Coupe", "Confidence": 87.85126495361328, "Instances": [], "Parents": [{"Name": "Sports Car"}, {"Name": "Car"}, {"Name": "Vehicle"}, {"Name": "Transportation"}]}, {"Name": "Outdoors", "Confidence": 81.20167541503906, "Instances": [], "Parents": []}]