[{"Name": "Sports Car", "Confidence": 99.18569946289062, "Instances": [], "Parents": [{"Name": "Car"}, {"Name": "Vehicle"}]}, {"Name": "Car", "Confidence": 99.18569946289062, "Instances": [{"BoundingBox": {"Width": 0.8507798910140991, "Height": 0.2880764305591583, "Left": 0.04569028317928314, "Top": 0.4336779713630676}, "Confidence": 98.71969604492188}], "Parents": [{"Name": "Vehicle"}]}, {"Name": "Vehicle", "Confidence": 99.18569946289062, "Instances": [], "Parents": []}, {"Name": "Coupe", "Confidence": 98.89083099365234, "Instances": [], "Parents": [{"Name": "Sports Car"}, {"Name": "Car"}, {"Name": "Vehicle"}]}, {"Name": "Spoke", "Confidence": 98.40750122070312, "Instances": [], "Parents": [{"Name": "Machine"}]}, {"Name": "Machine", "Confidence": 98.40750122070312, "Instances": [], "Parents": []}, {"Name": "Tire", "Confidence": 98.25516510009766, "Instances": [], "Parents": []}, {"Name": "Alloy Wheel", "Confidence": 97.56133270263672, "Instances": [], "Parents": [{"Name": "Spoke"}, {"Name": "Wheel"}, {"Name": "Machine"}]}, {"Name": "Wheel", "Confidence": 97.56133270263672, "Instances": [], "Parents": [{"Name": "Machine"}]}, {"Name": "Car Wheel", "Confidence": 94.19929504394531, "Instances": [], "Parents": [{"Name": "Tire"}, {"Name": "Wheel"}, {"Name": "Machine"}]}]