[{"Name": "Car", "Confidence": 96.57643127441406, "Instances": [{"BoundingBox": {"Width": 0.9257602095603943, "Height": 0.800853967666626, "Left": 0.04855596646666527, "Top": 0.1395358294248581}, "Confidence": 96.57643127441406}], "Parents": [{"Name": "Vehicle"}, {"Name": "Transportation"}]}, {"Name": "Transportation", "Confidence": 96.57643127441406, "Instances": [], "Parents": []}, {"Name": "Vehicle", "Confidence": 96.57643127441406, "Instances": [], "Parents": [{"Name": "Transportation"}]}, {"Name": "Automobile", "Confidence": 96.57643127441406, "Instances": [], "Parents": [{"Name": "Vehicle"}, {"Name": "Transportation"}]}, {"Name": "Helmet", "Confidence": 81.67512512207031, "Instances": [{"BoundingBox": {"Width": 0.8599733114242554, "Height": 0.6377725601196289, "Left": 0.05457988381385803, "Top": 0.2566690444946289}, "Confidence": 81.67512512207031}], "Parents": [{"Name": "Clothing"}]}, {"Name": "Clothing", "Confidence": 81.67512512207031, "Instances": [], "Parents": []}, {"Name": "Apparel", "Confidence": 81.67512512207031, "Instances": [], "Parents": []}]