[{"Name": "Sports Car", "Confidence": 99.63082122802734, "Instances": [], "Parents": [{"Name": "Car"}, {"Name": "Vehicle"}, {"Name": "Transportation"}]}, {"Name": "Car", "Confidence": 99.63082122802734, "Instances": [{"BoundingBox": {"Width": 0.8884317278862, "Height": 0.26344189047813416, "Left": 0.077448271214962, "Top": 0.4287300407886505}, "Confidence": 96.46685028076172}], "Parents": [{"Name": "Vehicle"}, {"Name": "Transportation"}]}, {"Name": "Vehicle", "Confidence": 99.63082122802734, "Instances": [], "Parents": [{"Name": "Transportation"}]}, {"Name": "Transportation", "Confidence": 99.63082122802734, "Instances": [], "Parents": []}, {"Name": "Race Car", "Confidence": 99.51993560791016, "Instances": [], "Parents": [{"Name": "Sports Car"}, {"Name": "Car"}, {"Name": "Vehicle"}, {"Name": "Transportation"}]}, {"Name": "Tire", "Confidence": 97.17813110351562, "Instances": [], "Parents": []}, {"Name": "Spoke", "Confidence": 95.61251068115234, "Instances": [], "Parents": []}, {"Name": "Alloy Wheel", "Confidence": 94.64311981201172, "Instances": [], "Parents": [{"Name": "Spoke"}, {"Name": "Wheel"}]}, {"Name": "Wheel", "Confidence": 94.64311981201172, "Instances": [], "Parents": []}, {"Name": "Car Wheel", "Confidence": 89.08891296386719, "Instances": [], "Parents": [{"Name": "Tire"}, {"Name": "Wheel"}]}]