[{"Name": "Clothing", "Confidence": 99.9998779296875, "Instances": [], "Parents": []}, {"Name": "Helmet", "Confidence": 99.99859619140625, "Instances": [{"BoundingBox": {"Width": 0.8888575434684753, "Height": 0.8498637080192566, "Left": 0.05709164962172508, "Top": 0.04405420273542404}, "Confidence": 86.82613372802734}], "Parents": [{"Name": "Clothing"}]}, {"Name": "Crash Helmet", "Confidence": 99.84956359863281, "Instances": [], "Parents": [{"Name": "Helmet"}, {"Name": "Clothing"}]}, {"Name": "Football Helmet", "Confidence": 94.62641906738281, "Instances": [], "Parents": [{"Name": "Helmet"}, {"Name": "Football"}, {"Name": "Clothing"}, {"Name": "Team Sport"}, {"Name": "Sport"}, {"Name": "Team"}, {"Name": "Person"}, {"Name": "People"}]}, {"Name": "Team", "Confidence": 94.62641906738281, "Instances": [], "Parents": [{"Name": "People"}, {"Name": "Person"}]}, {"Name": "Sport", "Confidence": 94.62641906738281, "Instances": [], "Parents": [{"Name": "Person"}]}, {"Name": "Team Sport", "Confidence": 94.62641906738281, "Instances": [], "Parents": [{"Name": "Sport"}, {"Name": "Team"}, {"Name": "Person"}, {"Name": "People"}]}, {"Name": "Football", "Confidence": 94.62641906738281, "Instances": [], "Parents": [{"Name": "Team Sport"}, {"Name": "Sport"}, {"Name": "Team"}, {"Name": "Person"}, {"Name": "People"}]}, {"Name": "People", "Confidence": 94.62641906738281, "Instances": [], "Parents": [{"Name": "Person"}]}, {"Name": "Person", "Confidence": 94.62641906738281, "Instances": [{"BoundingBox": {"Width": 0.9350939989089966, "Height": 0.7696091532707214, "Left": 0.04436403885483742, "Top": 0.17593613266944885}, "Confidence": 78.5481948852539}], "Parents": []}]