[{"Name": "Car", "Confidence": 99.83438110351562, "Instances": [{"BoundingBox": {"Width": 0.8812485337257385, "Height": 0.3877757787704468, "Left": 0.05988176167011261, "Top": 0.31801673769950867}, "Confidence": 99.83438110351562}], "Parents": [{"Name": "Vehicle"}, {"Name": "Transportation"}]}, {"Name": "Automobile", "Confidence": 99.83438110351562, "Instances": [], "Parents": [{"Name": "Vehicle"}, {"Name": "Transportation"}]}, {"Name": "Vehicle", "Confidence": 99.83438110351562, "Instances": [], "Parents": [{"Name": "Transportation"}]}, {"Name": "Transportation", "Confidence": 99.83438110351562, "Instances": [], "Parents": []}, {"Name": "Sports Car", "Confidence": 98.59974670410156, "Instances": [], "Parents": [{"Name": "Car"}, {"Name": "Vehicle"}, {"Name": "Transportation"}]}, {"Name": "Tarmac", "Confidence": 98.46131134033203, "Instances": [], "Parents": []}, {"Name": "Asphalt", "Confidence": 98.46131134033203, "Instances": [], "Parents": []}, {"Name": "Race Car", "Confidence": 98.26192474365234, "Instances": [], "Parents": [{"Name": "Sports Car"}, {"Name": "Car"}, {"Name": "Vehicle"}, {"Name": "Transportation"}]}]