[{"Name": "Clothing", "Confidence": 99.36822509765625, "Instances": [], "Parents": []}, {"Name": "Apparel", "Confidence": 99.36822509765625, "Instances": [], "Parents": []}, {"Name": "Ninja", "Confidence": 97.17405700683594, "Instances": [], "Parents": []}, {"Name": "Helmet", "Confidence": 85.47318267822266, "Instances": [], "Parents": [{"Name": "Clothing"}]}, {"Name": "Person", "Confidence": 85.43932342529297, "Instances": [{"BoundingBox": {"Width": 0.6893397569656372, "Height": 0.6412122845649719, "Left": 0.1326969414949417, "Top": 0.1922995001077652}, "Confidence": 81.353759765625}], "Parents": []}, {"Name": "Human", "Confidence": 85.43932342529297, "Instances": [], "Parents": []}]