[{"Name": "Tire", "Confidence": 99.59614562988281, "Instances": [], "Parents": []}, {"Name": "Wheel", "Confidence": 99.21641540527344, "Instances": [], "Parents": [{"Name": "Machine"}]}, {"Name": "Machine", "Confidence": 99.21641540527344, "Instances": [], "Parents": []}, {"Name": "Car", "Confidence": 99.18738555908203, "Instances": [{"BoundingBox": {"Width": 0.8276847004890442, "Height": 0.30536597967147827, "Left": 0.09068336337804794, "Top": 0.4697212278842926}, "Confidence": 99.18738555908203}], "Parents": [{"Name": "Vehicle"}, {"Name": "Transportation"}]}, {"Name": "Transportation", "Confidence": 99.18738555908203, "Instances": [], "Parents": []}, {"Name": "Vehicle", "Confidence": 99.18738555908203, "Instances": [], "Parents": [{"Name": "Transportation"}]}, {"Name": "Automobile", "Confidence": 99.18738555908203, "Instances": [], "Parents": [{"Name": "Vehicle"}, {"Name": "Transportation"}]}, {"Name": "Spoke", "Confidence": 99.05171203613281, "Instances": [], "Parents": [{"Name": "Machine"}]}, {"Name": "Alloy Wheel", "Confidence": 99.02427673339844, "Instances": [], "Parents": [{"Name": "Spoke"}, {"Name": "Wheel"}, {"Name": "Machine"}]}, {"Name": "Car Wheel", "Confidence": 97.88502502441406, "Instances": [], "Parents": [{"Name": "Tire"}, {"Name": "Wheel"}, {"Name": "Machine"}]}]