[{"Name": "Car", "Confidence": 99.7609634399414, "Instances": [{"BoundingBox": {"Width": 0.6455523371696472, "Height": 0.29587846994400024, "Left": 0.1513015180826187, "Top": 0.5470674633979797}, "Confidence": 99.7609634399414}, {"BoundingBox": {"Width": 0.13790147006511688, "Height": 0.14984430372714996, "Left": 0.0009728007717058063, "Top": 0.5380216240882874}, "Confidence": 88.97097778320312}, {"BoundingBox": {"Width": 0.119603730738163, "Height": 0.15828736126422882, "Left": 0.12356281280517578, "Top": 0.5843418836593628}, "Confidence": 63.25456619262695}], "Parents": [{"Name": "Vehicle"}, {"Name": "Transportation"}]}, {"Name": "Transportation", "Confidence": 99.7609634399414, "Instances": [], "Parents": []}, {"Name": "Vehicle", "Confidence": 99.7609634399414, "Instances": [], "Parents": [{"Name": "Transportation"}]}, {"Name": "Automobile", "Confidence": 99.7609634399414, "Instances": [], "Parents": [{"Name": "Vehicle"}, {"Name": "Transportation"}]}, {"Name": "Tarmac", "Confidence": 98.01150512695312, "Instances": [], "Parents": []}, {"Name": "Asphalt", "Confidence": 98.01150512695312, "Instances": [], "Parents": []}, {"Name": "Road", "Confidence": 89.96146392822266, "Instances": [], "Parents": []}, {"Name": "Light", "Confidence": 84.1824951171875, "Instances": [], "Parents": []}, {"Name": "Nature", "Confidence": 81.22976684570312, "Instances": [], "Parents": []}]