[{"Name": "Tire", "Confidence": 99.93647766113281, "Instances": [], "Parents": []}, {"Name": "Wheel", "Confidence": 99.93208312988281, "Instances": [{"BoundingBox": {"Width": 0.1516524702310562, "Height": 0.13736309111118317, "Left": 0.1582939624786377, "Top": 0.5252957940101624}, "Confidence": 84.35163116455078}, {"BoundingBox": {"Width": 0.1388663351535797, "Height": 0.12706239521503448, "Left": 0.6770079731941223, "Top": 0.49423858523368835}, "Confidence": 80.89115905761719}], "Parents": [{"Name": "Machine"}]}, {"Name": "Machine", "Confidence": 99.93208312988281, "Instances": [], "Parents": []}, {"Name": "Spoke", "Confidence": 99.84062957763672, "Instances": [], "Parents": [{"Name": "Machine"}]}, {"Name": "Car", "Confidence": 99.82856750488281, "Instances": [{"BoundingBox": {"Width": 0.884852409362793, "Height": 0.3034122884273529, "Left": 0.021986007690429688, "Top": 0.3600032925605774}, "Confidence": 99.82856750488281}], "Parents": [{"Name": "Vehicle"}, {"Name": "Transportation"}]}, {"Name": "Transportation", "Confidence": 99.82856750488281, "Instances": [], "Parents": []}, {"Name": "Vehicle", "Confidence": 99.82856750488281, "Instances": [], "Parents": [{"Name": "Transportation"}]}, {"Name": "Automobile", "Confidence": 99.82856750488281, "Instances": [], "Parents": [{"Name": "Vehicle"}, {"Name": "Transportation"}]}, {"Name": "Alloy Wheel", "Confidence": 99.7520523071289, "Instances": [], "Parents": [{"Name": "Spoke"}, {"Name": "Wheel"}, {"Name": "Machine"}]}, {"Name": "Car Wheel", "Confidence": 99.57218933105469, "Instances": [], "Parents": [{"Name": "Tire"}, {"Name": "Wheel"}, {"Name": "Machine"}]}]