[{"Name": "Person", "Confidence": 96.14114379882812, "Instances": [{"BoundingBox": {"Width": 0.7410924434661865, "Height": 0.8489177227020264, "Left": 0.15159793198108673, "Top": 0.1337035447359085}, "Confidence": 96.14114379882812}], "Parents": []}, {"Name": "Human", "Confidence": 96.14114379882812, "Instances": [], "Parents": []}, {"Name": "Clothing", "Confidence": 94.11014556884766, "Instances": [], "Parents": []}, {"Name": "Apparel", "Confidence": 94.11014556884766, "Instances": [], "Parents": []}, {"Name": "Paper", "Confidence": 82.94583892822266, "Instances": [], "Parents": []}]