[{"Name": "Helmet", "Confidence": 99.88887786865234, "Instances": [{"BoundingBox": {"Width": 0.44880813360214233, "Height": 0.32219013571739197, "Left": 0.06409479677677155, "Top": 0.1913745105266571}, "Confidence": 99.88887786865234}], "Parents": [{"Name": "Clothing"}]}, {"Name": "Clothing", "Confidence": 99.88887786865234, "Instances": [], "Parents": []}, {"Name": "Apparel", "Confidence": 99.88887786865234, "Instances": [], "Parents": []}, {"Name": "Crash Helmet", "Confidence": 94.47720336914062, "Instances": [], "Parents": [{"Name": "Helmet"}, {"Name": "Clothing"}]}, {"Name": "Tire", "Confidence": 93.5278091430664, "Instances": [], "Parents": []}, {"Name": "Alloy Wheel", "Confidence": 91.26178741455078, "Instances": [], "Parents": [{"Name": "Spoke"}, {"Name": "Wheel"}, {"Name": "Machine"}]}, {"Name": "Spoke", "Confidence": 91.26178741455078, "Instances": [], "Parents": [{"Name": "Machine"}]}, {"Name": "Machine", "Confidence": 91.26178741455078, "Instances": [], "Parents": []}, {"Name": "Wheel", "Confidence": 91.26178741455078, "Instances": [], "Parents": [{"Name": "Machine"}]}]