[{"Name": "Car", "Confidence": 98.71687316894531, "Instances": [{"BoundingBox": {"Width": 0.6544904112815857, "Height": 0.35059455037117004, "Left": 0.09059274941682816, "Top": 0.561668336391449}, "Confidence": 98.71687316894531}, {"BoundingBox": {"Width": 0.171963170170784, "Height": 0.0996636152267456, "Left": 0.5956620573997498, "Top": 0.5624187588691711}, "Confidence": 98.55358123779297}, {"BoundingBox": {"Width": 0.09594015777111053, "Height": 0.06283316016197205, "Left": 0.7159209847450256, "Top": 0.5348349213600159}, "Confidence": 77.1919174194336}], "Parents": [{"Name": "Vehicle"}, {"Name": "Transportation"}]}, {"Name": "Automobile", "Confidence": 98.71687316894531, "Instances": [], "Parents": [{"Name": "Vehicle"}, {"Name": "Transportation"}]}, {"Name": "Vehicle", "Confidence": 98.71687316894531, "Instances": [], "Parents": [{"Name": "Transportation"}]}, {"Name": "Transportation", "Confidence": 98.71687316894531, "Instances": [], "Parents": []}, {"Name": "Nature", "Confidence": 97.75779724121094, "Instances": [], "Parents": []}, {"Name": "Outdoors", "Confidence": 97.66742706298828, "Instances": [], "Parents": []}, {"Name": "Snow", "Confidence": 89.69949340820312, "Instances": [], "Parents": [{"Name": "Outdoors"}, {"Name": "Nature"}]}]