[{"Name": "Car", "Confidence": 97.70780944824219, "Instances": [{"BoundingBox": {"Width": 0.8552139401435852, "Height": 0.651910662651062, "Left": 0.11933386325836182, "Top": 0.2555598318576813}, "Confidence": 70.98603820800781}], "Parents": [{"Name": "Vehicle"}, {"Name": "Transportation"}]}, {"Name": "Vehicle", "Confidence": 97.70780944824219, "Instances": [], "Parents": [{"Name": "Transportation"}]}, {"Name": "Transportation", "Confidence": 97.70780944824219, "Instances": [], "Parents": []}, {"Name": "Sports Car", "Confidence": 95.44537353515625, "Instances": [], "Parents": [{"Name": "Car"}, {"Name": "Vehicle"}, {"Name": "Transportation"}]}, {"Name": "Tire", "Confidence": 92.554443359375, "Instances": [], "Parents": []}, {"Name": "Wheel", "Confidence": 90.50420379638672, "Instances": [], "Parents": [{"Name": "Machine"}]}, {"Name": "Machine", "Confidence": 90.50420379638672, "Instances": [], "Parents": []}, {"Name": "Alloy Wheel", "Confidence": 90.15264129638672, "Instances": [], "Parents": [{"Name": "Spoke"}, {"Name": "Wheel"}, {"Name": "Machine"}]}, {"Name": "Spoke", "Confidence": 90.15264129638672, "Instances": [], "Parents": [{"Name": "Machine"}]}, {"Name": "Car Wheel", "Confidence": 87.17314147949219, "Instances": [], "Parents": [{"Name": "Tire"}, {"Name": "Wheel"}, {"Name": "Machine"}]}]