[{"Name": "Car", "Confidence": 99.92151641845703, "Instances": [{"BoundingBox": {"Width": 0.9442462921142578, "Height": 0.43234875798225403, "Left": 0.04595893248915672, "Top": 0.23268355429172516}, "Confidence": 99.92151641845703}], "Parents": []}, {"Name": "Tire", "Confidence": 99.84468078613281, "Instances": [], "Parents": []}, {"Name": "Wheel", "Confidence": 99.61438751220703, "Instances": [{"BoundingBox": {"Width": 0.27836427092552185, "Height": 0.21251045167446136, "Left": 0.3662126660346985, "Top": 0.445564866065979}, "Confidence": 94.32051849365234}], "Parents": [{"Name": "Machine"}]}, {"Name": "Machine", "Confidence": 99.61438751220703, "Instances": [], "Parents": []}, {"Name": "Spoke", "Confidence": 99.55131530761719, "Instances": [], "Parents": [{"Name": "Machine"}]}, {"Name": "Sports Car", "Confidence": 99.32869720458984, "Instances": [], "Parents": [{"Name": "Car"}]}, {"Name": "Car Wheel", "Confidence": 98.63156127929688, "Instances": [], "Parents": [{"Name": "Tire"}, {"Name": "Wheel"}, {"Name": "Machine"}]}, {"Name": "Alloy Wheel", "Confidence": 98.35684967041016, "Instances": [], "Parents": [{"Name": "Spoke"}, {"Name": "Wheel"}, {"Name": "Machine"}]}, {"Name": "Coupe", "Confidence": 89.78848266601562, "Instances": [], "Parents": [{"Name": "Sports Car"}, {"Name": "Car"}]}, {"Name": "Race Car", "Confidence": 88.26593017578125, "Instances": [], "Parents": [{"Name": "Sports Car"}, {"Name": "Car"}]}]