[{"Name": "Race Car", "Confidence": 99.97415161132812, "Instances": [], "Parents": [{"Name": "Sports Car"}, {"Name": "Car"}, {"Name": "Vehicle"}, {"Name": "Transportation"}]}, {"Name": "Sports Car", "Confidence": 99.97415161132812, "Instances": [], "Parents": [{"Name": "Car"}, {"Name": "Vehicle"}, {"Name": "Transportation"}]}, {"Name": "Car", "Confidence": 99.97415161132812, "Instances": [{"BoundingBox": {"Width": 0.8768272995948792, "Height": 0.4513336718082428, "Left": 0.07093577831983566, "Top": 0.3424890637397766}, "Confidence": 99.88114166259766}], "Parents": [{"Name": "Vehicle"}, {"Name": "Transportation"}]}, {"Name": "Vehicle", "Confidence": 99.97415161132812, "Instances": [], "Parents": [{"Name": "Transportation"}]}, {"Name": "Transportation", "Confidence": 99.97415161132812, "Instances": [], "Parents": []}, {"Name": "Automobile", "Confidence": 99.97415161132812, "Instances": [], "Parents": [{"Name": "Vehicle"}, {"Name": "Transportation"}]}, {"Name": "Tire", "Confidence": 92.86746978759766, "Instances": [], "Parents": []}, {"Name": "Tarmac", "Confidence": 84.29531860351562, "Instances": [], "Parents": []}, {"Name": "Spoke", "Confidence": 80.5198974609375, "Instances": [], "Parents": [{"Name": "Machine"}]}, {"Name": "Machine", "Confidence": 80.5198974609375, "Instances": [], "Parents": []}]