[{"Name": "Helmet", "Confidence": 95.83033752441406, "Instances": [{"BoundingBox": {"Width": 0.8408010005950928, "Height": 0.6773198246955872, "Left": 0.08710119128227234, "Top": 0.3072684705257416}, "Confidence": 95.83033752441406}], "Parents": [{"Name": "Clothing"}]}, {"Name": "Clothing", "Confidence": 95.83033752441406, "Instances": [], "Parents": []}, {"Name": "Apparel", "Confidence": 95.83033752441406, "Instances": [], "Parents": []}, {"Name": "Car", "Confidence": 87.0507583618164, "Instances": [{"BoundingBox": {"Width": 0.9662104249000549, "Height": 0.861065149307251, "Left": 0.025609714910387993, "Top": 0.1220017746090889}, "Confidence": 87.0507583618164}], "Parents": [{"Name": "Vehicle"}, {"Name": "Transportation"}]}, {"Name": "Transportation", "Confidence": 87.0507583618164, "Instances": [], "Parents": []}, {"Name": "Vehicle", "Confidence": 87.0507583618164, "Instances": [], "Parents": [{"Name": "Transportation"}]}, {"Name": "Automobile", "Confidence": 87.0507583618164, "Instances": [], "Parents": [{"Name": "Vehicle"}, {"Name": "Transportation"}]}]