[{"Name": "Clothing", "Confidence": 99.99820709228516, "Instances": [], "Parents": []}, {"Name": "Apparel", "Confidence": 99.99820709228516, "Instances": [], "Parents": []}, {"Name": "Crash Helmet", "Confidence": 99.98947143554688, "Instances": [], "Parents": [{"Name": "Helmet"}, {"Name": "Clothing"}]}, {"Name": "Helmet", "Confidence": 99.98947143554688, "Instances": [{"BoundingBox": {"Width": 0.8846879601478577, "Height": 0.6762048602104187, "Left": 0.04974242299795151, "Top": 0.1482475847005844}, "Confidence": 99.95633697509766}], "Parents": [{"Name": "Clothing"}]}]