[{"Name": "Car", "Confidence": 99.97364807128906, "Instances": [{"BoundingBox": {"Width": 0.8299688100814819, "Height": 0.452157586812973, "Left": 0.09200462698936462, "Top": 0.3735523223876953}, "Confidence": 99.97364807128906}, {"BoundingBox": {"Width": 0.37055397033691406, "Height": 0.3205321133136749, "Left": 0.0, "Top": 0.30106639862060547}, "Confidence": 79.88943481445312}], "Parents": [{"Name": "Vehicle"}, {"Name": "Transportation"}]}, {"Name": "Automobile", "Confidence": 99.97364807128906, "Instances": [], "Parents": [{"Name": "Vehicle"}, {"Name": "Transportation"}]}, {"Name": "Vehicle", "Confidence": 99.97364807128906, "Instances": [], "Parents": [{"Name": "Transportation"}]}, {"Name": "Transportation", "Confidence": 99.97364807128906, "Instances": [], "Parents": []}, {"Name": "Sports Car", "Confidence": 99.92742156982422, "Instances": [], "Parents": [{"Name": "Car"}, {"Name": "Vehicle"}, {"Name": "Transportation"}]}, {"Name": "Race Car", "Confidence": 99.9001235961914, "Instances": [], "Parents": [{"Name": "Sports Car"}, {"Name": "Car"}, {"Name": "Vehicle"}, {"Name": "Transportation"}]}, {"Name": "Light", "Confidence": 82.71311950683594, "Instances": [], "Parents": []}, {"Name": "Tarmac", "Confidence": 81.39252471923828, "Instances": [], "Parents": []}, {"Name": "Asphalt", "Confidence": 81.39252471923828, "Instances": [], "Parents": []}]