[{"Name": "Car", "Confidence": 99.90739440917969, "Instances": [{"BoundingBox": {"Width": 0.9172006845474243, "Height": 0.7448374032974243, "Left": 0.018953554332256317, "Top": 0.14875996112823486}, "Confidence": 99.90739440917969}], "Parents": [{"Name": "Vehicle"}, {"Name": "Transportation"}]}, {"Name": "Transportation", "Confidence": 99.90739440917969, "Instances": [], "Parents": []}, {"Name": "Vehicle", "Confidence": 99.90739440917969, "Instances": [], "Parents": [{"Name": "Transportation"}]}, {"Name": "Tire", "Confidence": 99.63714599609375, "Instances": [], "Parents": []}, {"Name": "Wheel", "Confidence": 99.15235137939453, "Instances": [{"BoundingBox": {"Width": 0.11530815064907074, "Height": 0.3017815947532654, "Left": 0.8218778371810913, "Top": 0.377311110496521}, "Confidence": 95.92290496826172}, {"BoundingBox": {"Width": 0.15565986931324005, "Height": 0.3935543894767761, "Left": 0.4498598873615265, "Top": 0.47550979256629944}, "Confidence": 82.94448852539062}], "Parents": [{"Name": "Machine"}]}, {"Name": "Machine", "Confidence": 99.15235137939453, "Instances": [], "Parents": []}, {"Name": "Spoke", "Confidence": 98.09220123291016, "Instances": [], "Parents": [{"Name": "Machine"}]}, {"Name": "Car Wheel", "Confidence": 97.90451049804688, "Instances": [], "Parents": [{"Name": "Tire"}, {"Name": "Wheel"}, {"Name": "Machine"}]}, {"Name": "Alloy Wheel", "Confidence": 94.94444274902344, "Instances": [], "Parents": [{"Name": "Spoke"}, {"Name": "Wheel"}, {"Name": "Machine"}]}, {"Name": "Sports Car", "Confidence": 80.4885482788086, "Instances": [], "Parents": [{"Name": "Car"}, {"Name": "Vehicle"}, {"Name": "Transportation"}]}]