[{"Name": "Car", "Confidence": 99.95722198486328, "Instances": [{"BoundingBox": {"Width": 0.8406388759613037, "Height": 0.30281925201416016, "Left": 0.061887629330158234, "Top": 0.4860122501850128}, "Confidence": 99.95722198486328}], "Parents": [{"Name": "Vehicle"}, {"Name": "Transportation"}]}, {"Name": "Automobile", "Confidence": 99.95722198486328, "Instances": [], "Parents": [{"Name": "Vehicle"}, {"Name": "Transportation"}]}, {"Name": "Vehicle", "Confidence": 99.95722198486328, "Instances": [], "Parents": [{"Name": "Transportation"}]}, {"Name": "Transportation", "Confidence": 99.95722198486328, "Instances": [], "Parents": []}, {"Name": "Tire", "Confidence": 99.41169738769531, "Instances": [], "Parents": []}, {"Name": "Wheel", "Confidence": 99.01300811767578, "Instances": [{"BoundingBox": {"Width": 0.11828350275754929, "Height": 0.1304215043783188, "Left": 0.40923044085502625, "Top": 0.6450605988502502}, "Confidence": 86.40840911865234}, {"BoundingBox": {"Width": 0.10144443809986115, "Height": 0.11804316937923431, "Left": 0.08125050365924835, "Top": 0.6388323903083801}, "Confidence": 74.01639556884766}], "Parents": [{"Name": "Machine"}]}, {"Name": "Machine", "Confidence": 99.01300811767578, "Instances": [], "Parents": []}, {"Name": "Spoke", "Confidence": 98.2335205078125, "Instances": [], "Parents": [{"Name": "Machine"}]}, {"Name": "Car Wheel", "Confidence": 97.14417266845703, "Instances": [], "Parents": [{"Name": "Tire"}, {"Name": "Wheel"}, {"Name": "Machine"}]}, {"Name": "Alloy Wheel", "Confidence": 96.84944152832031, "Instances": [], "Parents": [{"Name": "Spoke"}, {"Name": "Wheel"}, {"Name": "Machine"}]}]