[{"Name": "Car", "Confidence": 99.89073181152344, "Instances": [{"BoundingBox": {"Width": 0.9220677614212036, "Height": 0.5708236694335938, "Left": 0.03932207077741623, "Top": 0.25542452931404114}, "Confidence": 99.89073181152344}], "Parents": [{"Name": "Transportation"}]}, {"Name": "Transportation", "Confidence": 99.89073181152344, "Instances": [], "Parents": []}, {"Name": "Tire", "Confidence": 99.7610092163086, "Instances": [], "Parents": []}, {"Name": "Wheel", "Confidence": 99.4271011352539, "Instances": [], "Parents": [{"Name": "Machine"}]}, {"Name": "Machine", "Confidence": 99.4271011352539, "Instances": [], "Parents": []}, {"Name": "Car Wheel", "Confidence": 98.30257415771484, "Instances": [], "Parents": [{"Name": "Tire"}, {"Name": "Wheel"}, {"Name": "Machine"}]}, {"Name": "Spoke", "Confidence": 97.31153106689453, "Instances": [], "Parents": [{"Name": "Machine"}]}, {"Name": "Alloy Wheel", "Confidence": 97.06486511230469, "Instances": [], "Parents": [{"Name": "Spoke"}, {"Name": "Wheel"}, {"Name": "Machine"}]}, {"Name": "Light", "Confidence": 91.22860717773438, "Instances": [], "Parents": []}, {"Name": "Person", "Confidence": 83.32443237304688, "Instances": [{"BoundingBox": {"Width": 0.1267869770526886, "Height": 0.1008676290512085, "Left": 0.5027390718460083, "Top": 0.3289859890937805}, "Confidence": 83.32443237304688}], "Parents": []}]