[{"Name": "Car", "Confidence": 99.77546691894531, "Instances": [{"BoundingBox": {"Width": 0.8568006157875061, "Height": 0.27063801884651184, "Left": 0.042812008410692215, "Top": 0.44815897941589355}, "Confidence": 99.77546691894531}], "Parents": [{"Name": "Vehicle"}, {"Name": "Transportation"}]}, {"Name": "Automobile", "Confidence": 99.77546691894531, "Instances": [], "Parents": [{"Name": "Vehicle"}, {"Name": "Transportation"}]}, {"Name": "Transportation", "Confidence": 99.77546691894531, "Instances": [], "Parents": []}, {"Name": "Vehicle", "Confidence": 99.77546691894531, "Instances": [], "Parents": [{"Name": "Transportation"}]}, {"Name": "Nature", "Confidence": 90.19966125488281, "Instances": [], "Parents": []}, {"Name": "Outdoors", "Confidence": 86.78178405761719, "Instances": [], "Parents": []}, {"Name": "Offroad", "Confidence": 84.09709930419922, "Instances": [], "Parents": [{"Name": "Vehicle"}, {"Name": "Transportation"}]}]