[{"Name": "Sports Car", "Confidence": 92.8997573852539, "Instances": [], "Parents": [{"Name": "Car"}, {"Name": "Vehicle"}, {"Name": "Transportation"}]}, {"Name": "Car", "Confidence": 92.8997573852539, "Instances": [{"BoundingBox": {"Width": 0.8563653826713562, "Height": 0.3640570640563965, "Left": 0.021801164373755455, "Top": 0.11848495155572891}, "Confidence": 83.4476089477539}], "Parents": [{"Name": "Vehicle"}, {"Name": "Transportation"}]}, {"Name": "Transportation", "Confidence": 92.8997573852539, "Instances": [], "Parents": []}, {"Name": "Vehicle", "Confidence": 92.8997573852539, "Instances": [], "Parents": [{"Name": "Transportation"}]}, {"Name": "Coupe", "Confidence": 87.60198211669922, "Instances": [], "Parents": [{"Name": "Sports Car"}, {"Name": "Car"}, {"Name": "Vehicle"}, {"Name": "Transportation"}]}, {"Name": "Flyer", "Confidence": 85.17211151123047, "Instances": [{"BoundingBox": {"Width": 0.9306120276451111, "Height": 0.8355072140693665, "Left": 0.012154600583016872, "Top": 0.05496317520737648}, "Confidence": 85.17211151123047}], "Parents": [{"Name": "Poster"}, {"Name": "Paper"}, {"Name": "Advertisement"}]}, {"Name": "Advertisement", "Confidence": 85.17211151123047, "Instances": [], "Parents": []}, {"Name": "Paper", "Confidence": 85.17211151123047, "Instances": [], "Parents": []}, {"Name": "Poster", "Confidence": 85.17211151123047, "Instances": [], "Parents": [{"Name": "Advertisement"}]}, {"Name": "Tire", "Confidence": 82.5927963256836, "Instances": [], "Parents": []}]