[{"Name": "Car", "Confidence": 98.5487060546875, "Instances": [], "Parents": [{"Name": "Vehicle"}, {"Name": "Transportation"}]}, {"Name": "Automobile", "Confidence": 98.5487060546875, "Instances": [], "Parents": [{"Name": "Vehicle"}, {"Name": "Transportation"}]}, {"Name": "Transportation", "Confidence": 98.5487060546875, "Instances": [], "Parents": []}, {"Name": "Vehicle", "Confidence": 98.5487060546875, "Instances": [], "Parents": [{"Name": "Transportation"}]}, {"Name": "Wheel", "Confidence": 95.15750885009766, "Instances": [{"BoundingBox": {"Width": 0.31151482462882996, "Height": 0.2589929699897766, "Left": 0.13635505735874176, "Top": 0.5389009714126587}, "Confidence": 95.15750885009766}], "Parents": [{"Name": "Machine"}]}, {"Name": "Machine", "Confidence": 95.15750885009766, "Instances": [], "Parents": []}, {"Name": "Formula One", "Confidence": 91.77864837646484, "Instances": [], "Parents": [{"Name": "Car"}, {"Name": "Vehicle"}, {"Name": "Transportation"}]}, {"Name": "Tire", "Confidence": 91.70889282226562, "Instances": [], "Parents": []}, {"Name": "Helmet", "Confidence": 80.39325714111328, "Instances": [{"BoundingBox": {"Width": 0.16570945084095, "Height": 0.11212283372879028, "Left": 0.29305338859558105, "Top": 0.32885172963142395}, "Confidence": 80.39325714111328}], "Parents": [{"Name": "Clothing"}]}, {"Name": "Clothing", "Confidence": 80.39325714111328, "Instances": [], "Parents": []}]