[{"Name": "Helmet", "Confidence": 99.95858764648438, "Instances": [{"BoundingBox": {"Width": 0.43746116757392883, "Height": 0.5673995018005371, "Left": 0.00962159875780344, "Top": 0.0661337822675705}, "Confidence": 99.95858764648438}, {"BoundingBox": {"Width": 0.764495849609375, "Height": 0.7643291354179382, "Left": 0.06854621320962906, "Top": 0.038662880659103394}, "Confidence": 92.60710906982422}], "Parents": [{"Name": "Clothing"}]}, {"Name": "Clothing", "Confidence": 99.95858764648438, "Instances": [], "Parents": []}, {"Name": "Person", "Confidence": 98.37609100341797, "Instances": [{"BoundingBox": {"Width": 0.6455152034759521, "Height": 0.7443903684616089, "Left": 0.02502511255443096, "Top": 0.24176025390625}, "Confidence": 92.58010864257812}], "Parents": []}, {"Name": "People", "Confidence": 95.48284149169922, "Instances": [], "Parents": [{"Name": "Person"}]}, {"Name": "Football Helmet", "Confidence": 80.2791519165039, "Instances": [], "Parents": [{"Name": "American Football"}, {"Name": "Helmet"}, {"Name": "Football"}, {"Name": "Clothing"}, {"Name": "Team Sport"}, {"Name": "Sport"}, {"Name": "Team"}, {"Name": "Person"}, {"Name": "People"}]}, {"Name": "Team", "Confidence": 80.2791519165039, "Instances": [], "Parents": [{"Name": "People"}, {"Name": "Person"}]}, {"Name": "Sport", "Confidence": 80.2791519165039, "Instances": [], "Parents": [{"Name": "Person"}]}, {"Name": "Team Sport", "Confidence": 80.2791519165039, "Instances": [], "Parents": [{"Name": "Sport"}, {"Name": "Team"}, {"Name": "Person"}, {"Name": "People"}]}, {"Name": "Football", "Confidence": 80.2791519165039, "Instances": [], "Parents": [{"Name": "Team Sport"}, {"Name": "Sport"}, {"Name": "Team"}, {"Name": "Person"}, {"Name": "People"}]}, {"Name": "American Football", "Confidence": 80.2791519165039, "Instances": [], "Parents": [{"Name": "Football"}, {"Name": "Team Sport"}, {"Name": "Sport"}, {"Name": "Team"}, {"Name": "Person"}, {"Name": "People"}]}]