[{"Name": "Sunglasses", "Confidence": 99.604736328125, "Instances": [{"BoundingBox": {"Width": 0.09721052646636963, "Height": 0.032247256487607956, "Left": 0.5088109970092773, "Top": 0.24596638977527618}, "Confidence": 99.604736328125}], "Parents": [{"Name": "Accessories"}]}, {"Name": "Accessories", "Confidence": 99.604736328125, "Instances": [], "Parents": []}, {"Name": "Accessory", "Confidence": 99.604736328125, "Instances": [], "Parents": []}, {"Name": "Person", "Confidence": 99.29780578613281, "Instances": [{"BoundingBox": {"Width": 0.34881383180618286, "Height": 0.7540928721427917, "Left": 0.3628213107585907, "Top": 0.2010466456413269}, "Confidence": 99.29780578613281}], "Parents": []}, {"Name": "Human", "Confidence": 99.29780578613281, "Instances": [], "Parents": []}, {"Name": "Clothing", "Confidence": 99.27364349365234, "Instances": [], "Parents": []}, {"Name": "Apparel", "Confidence": 99.27364349365234, "Instances": [], "Parents": []}, {"Name": "Shoe", "Confidence": 91.68246459960938, "Instances": [{"BoundingBox": {"Width": 0.13204558193683624, "Height": 0.10576866567134857, "Left": 0.4235135316848755, "Top": 0.8577979803085327}, "Confidence": 69.2495346069336}], "Parents": [{"Name": "Footwear"}, {"Name": "Clothing"}]}, {"Name": "Footwear", "Confidence": 91.68246459960938, "Instances": [], "Parents": [{"Name": "Clothing"}]}]