[{"Name": "Clothing", "Confidence": 99.99799346923828, "Instances": [], "Parents": []}, {"Name": "Apparel", "Confidence": 99.99799346923828, "Instances": [], "Parents": []}, {"Name": "Helmet", "Confidence": 99.95499420166016, "Instances": [{"BoundingBox": {"Width": 0.8972659707069397, "Height": 0.7749764323234558, "Left": 0.08096644282341003, "Top": 0.11019100248813629}, "Confidence": 99.95499420166016}], "Parents": [{"Name": "Clothing"}]}, {"Name": "Crash Helmet", "Confidence": 99.9505615234375, "Instances": [], "Parents": [{"Name": "Helmet"}, {"Name": "Clothing"}]}]