[{"Name": "Clothing", "Confidence": 99.98062133789062, "Instances": [], "Parents": []}, {"Name": "Apparel", "Confidence": 99.98062133789062, "Instances": [], "Parents": []}, {"Name": "Person", "Confidence": 90.26079559326172, "Instances": [{"BoundingBox": {"Width": 0.8811455965042114, "Height": 0.8070014715194702, "Left": 0.09622066468000412, "Top": 0.16613169014453888}, "Confidence": 90.26079559326172}], "Parents": []}, {"Name": "Human", "Confidence": 90.26079559326172, "Instances": [], "Parents": []}, {"Name": "Jacket", "Confidence": 86.62129211425781, "Instances": [], "Parents": [{"Name": "Coat"}, {"Name": "Clothing"}]}, {"Name": "Coat", "Confidence": 86.62129211425781, "Instances": [], "Parents": [{"Name": "Clothing"}]}]