[{"Name": "Person", "Confidence": 99.33148956298828, "Instances": [{"BoundingBox": {"Width": 0.0270046666264534, "Height": 0.06774760037660599, "Left": 0.760935366153717, "Top": 0.3784361183643341}, "Confidence": 99.33148956298828}, {"BoundingBox": {"Width": 0.03688913956284523, "Height": 0.07133442908525467, "Left": 0.8971997499465942, "Top": 0.37693893909454346}, "Confidence": 98.78619384765625}, {"BoundingBox": {"Width": 0.0291620884090662, "Height": 0.06975138187408447, "Left": 0.7881224751472473, "Top": 0.37690669298171997}, "Confidence": 98.1850357055664}, {"BoundingBox": {"Width": 0.02485470287501812, "Height": 0.06973809003829956, "Left": 0.8424112200737, "Top": 0.3777112066745758}, "Confidence": 97.0865707397461}, {"BoundingBox": {"Width": 0.02559119276702404, "Height": 0.06807040423154831, "Left": 0.8906265497207642, "Top": 0.37934479117393494}, "Confidence": 95.65476989746094}], "Parents": []}, {"Name": "Car", "Confidence": 98.72154998779297, "Instances": [{"BoundingBox": {"Width": 0.8050153851509094, "Height": 0.43278470635414124, "Left": 0.0009104411001317203, "Top": 0.39939194917678833}, "Confidence": 98.72154998779297}], "Parents": [{"Name": "Vehicle"}, {"Name": "Transportation"}]}, {"Name": "Vehicle", "Confidence": 98.72154998779297, "Instances": [], "Parents": [{"Name": "Transportation"}]}, {"Name": "Transportation", "Confidence": 98.72154998779297, "Instances": [], "Parents": []}, {"Name": "Sports Car", "Confidence": 98.02809143066406, "Instances": [], "Parents": [{"Name": "Car"}, {"Name": "Vehicle"}, {"Name": "Transportation"}]}, {"Name": "Coupe", "Confidence": 95.67596435546875, "Instances": [], "Parents": [{"Name": "Sports Car"}, {"Name": "Car"}, {"Name": "Vehicle"}, {"Name": "Transportation"}]}, {"Name": "Tire", "Confidence": 91.39359283447266, "Instances": [], "Parents": []}, {"Name": "Spoke", "Confidence": 90.3746337890625, "Instances": [], "Parents": []}, {"Name": "Alloy Wheel", "Confidence": 88.76549530029297, "Instances": [], "Parents": [{"Name": "Spoke"}, {"Name": "Wheel"}]}, {"Name": "Wheel", "Confidence": 88.76549530029297, "Instances": [{"BoundingBox": {"Width": 0.2509332299232483, "Height": 0.1888304352760315, "Left": 0.3874320685863495, "Top": 0.6399931311607361}, "Confidence": 58.309818267822266}], "Parents": []}]