[{"Name": "Car", "Confidence": 99.96317291259766, "Instances": [{"BoundingBox": {"Width": 0.8975235223770142, "Height": 0.9154448509216309, "Left": 0.08446019142866135, "Top": 0.029938116669654846}, "Confidence": 99.96317291259766}], "Parents": [{"Name": "Vehicle"}, {"Name": "Transportation"}]}, {"Name": "Transportation", "Confidence": 99.96317291259766, "Instances": [], "Parents": []}, {"Name": "Vehicle", "Confidence": 99.96317291259766, "Instances": [], "Parents": [{"Name": "Transportation"}]}, {"Name": "Tire", "Confidence": 99.58786010742188, "Instances": [], "Parents": []}, {"Name": "Spoke", "Confidence": 99.36965942382812, "Instances": [], "Parents": [{"Name": "Machine"}]}, {"Name": "Machine", "Confidence": 99.36965942382812, "Instances": [], "Parents": []}, {"Name": "Alloy Wheel", "Confidence": 99.20315551757812, "Instances": [], "Parents": [{"Name": "Spoke"}, {"Name": "Wheel"}, {"Name": "Machine"}]}, {"Name": "Wheel", "Confidence": 99.20315551757812, "Instances": [{"BoundingBox": {"Width": 0.097264863550663, "Height": 0.23584893345832825, "Left": 0.09434280544519424, "Top": 0.37922653555870056}, "Confidence": 99.13673400878906}, {"BoundingBox": {"Width": 0.22337131202220917, "Height": 0.4579372704029083, "Left": 0.3272257149219513, "Top": 0.46061164140701294}, "Confidence": 92.45621490478516}], "Parents": [{"Name": "Machine"}]}, {"Name": "Car Wheel", "Confidence": 98.13494110107422, "Instances": [], "Parents": [{"Name": "Tire"}, {"Name": "Wheel"}, {"Name": "Machine"}]}, {"Name": "Sports Car", "Confidence": 80.75935363769531, "Instances": [], "Parents": [{"Name": "Car"}, {"Name": "Vehicle"}, {"Name": "Transportation"}]}]