[{"Name": "Person", "Confidence": 99.40087127685547, "Instances": [{"BoundingBox": {"Width": 0.9213278889656067, "Height": 0.8671812415122986, "Left": 0.040224839001894, "Top": 0.12011311203241348}, "Confidence": 94.97681427001953}], "Parents": []}, {"Name": "Human", "Confidence": 99.40087127685547, "Instances": [], "Parents": []}, {"Name": "Driving", "Confidence": 98.5359878540039, "Instances": [], "Parents": [{"Name": "Person"}, {"Name": "Vehicle"}, {"Name": "Transportation"}]}, {"Name": "Transportation", "Confidence": 98.5359878540039, "Instances": [], "Parents": []}, {"Name": "Vehicle", "Confidence": 98.5359878540039, "Instances": [], "Parents": [{"Name": "Transportation"}]}, {"Name": "Car", "Confidence": 87.3126220703125, "Instances": [{"BoundingBox": {"Width": 0.958330512046814, "Height": 0.9253168702125549, "Left": 0.040975019335746765, "Top": 0.03704117611050606}, "Confidence": 87.3126220703125}], "Parents": [{"Name": "Vehicle"}, {"Name": "Transportation"}]}, {"Name": "Automobile", "Confidence": 87.3126220703125, "Instances": [], "Parents": [{"Name": "Vehicle"}, {"Name": "Transportation"}]}]