[{"Name": "Clothing", "Confidence": 99.99475860595703, "Instances": [], "Parents": []}, {"Name": "Apparel", "Confidence": 99.99475860595703, "Instances": [], "Parents": []}, {"Name": "Helmet", "Confidence": 99.99420928955078, "Instances": [{"BoundingBox": {"Width": 0.8431006073951721, "Height": 0.8336568474769592, "Left": 0.14334234595298767, "Top": 0.08395839482545853}, "Confidence": 99.99420928955078}], "Parents": [{"Name": "Clothing"}]}, {"Name": "Crash Helmet", "Confidence": 99.79597473144531, "Instances": [], "Parents": [{"Name": "Helmet"}, {"Name": "Clothing"}]}]