[{"Name": "Car", "Confidence": 99.86905670166016, "Instances": [{"BoundingBox": {"Width": 0.7895461320877075, "Height": 0.5140206813812256, "Left": 0.0848253071308136, "Top": 0.3880654275417328}, "Confidence": 99.86905670166016}], "Parents": [{"Name": "Vehicle"}, {"Name": "Transportation"}]}, {"Name": "Automobile", "Confidence": 99.86905670166016, "Instances": [], "Parents": [{"Name": "Vehicle"}, {"Name": "Transportation"}]}, {"Name": "Vehicle", "Confidence": 99.86905670166016, "Instances": [], "Parents": [{"Name": "Transportation"}]}, {"Name": "Transportation", "Confidence": 99.86905670166016, "Instances": [], "Parents": []}, {"Name": "Race Car", "Confidence": 99.86894226074219, "Instances": [], "Parents": [{"Name": "Sports Car"}, {"Name": "Car"}, {"Name": "Vehicle"}, {"Name": "Transportation"}]}, {"Name": "Sports Car", "Confidence": 99.86894226074219, "Instances": [], "Parents": [{"Name": "Car"}, {"Name": "Vehicle"}, {"Name": "Transportation"}]}, {"Name": "Tarmac", "Confidence": 99.76758575439453, "Instances": [], "Parents": []}, {"Name": "Asphalt", "Confidence": 99.76758575439453, "Instances": [], "Parents": []}, {"Name": "Person", "Confidence": 99.17406463623047, "Instances": [{"BoundingBox": {"Width": 0.06990036368370056, "Height": 0.17049695551395416, "Left": 0.12490664422512054, "Top": 0.051435619592666626}, "Confidence": 99.17406463623047}, {"BoundingBox": {"Width": 0.04924265667796135, "Height": 0.03556032106280327, "Left": 0.5411186218261719, "Top": 0.005063451826572418}, "Confidence": 64.61153411865234}], "Parents": []}, {"Name": "Human", "Confidence": 99.17406463623047, "Instances": [], "Parents": []}]