[{"Name": "Paper", "Confidence": 99.72697448730469, "Instances": [], "Parents": []}, {"Name": "Confetti", "Confidence": 99.43988800048828, "Instances": [], "Parents": [{"Name": "Paper"}]}, {"Name": "Person", "Confidence": 95.70146942138672, "Instances": [{"BoundingBox": {"Width": 0.4221557378768921, "Height": 0.8378655314445496, "Left": 0.46350860595703125, "Top": 0.14738772809505463}, "Confidence": 95.70146942138672}], "Parents": []}, {"Name": "Human", "Confidence": 95.70146942138672, "Instances": [], "Parents": []}]