[{"Name": "Car", "Confidence": 99.9517822265625, "Instances": [{"BoundingBox": {"Width": 0.5438429117202759, "Height": 0.30870988965034485, "Left": 0.2618565857410431, "Top": 0.3764704763889313}, "Confidence": 99.9517822265625}], "Parents": [{"Name": "Vehicle"}, {"Name": "Transportation"}]}, {"Name": "Automobile", "Confidence": 99.9517822265625, "Instances": [], "Parents": [{"Name": "Vehicle"}, {"Name": "Transportation"}]}, {"Name": "Transportation", "Confidence": 99.9517822265625, "Instances": [], "Parents": []}, {"Name": "Vehicle", "Confidence": 99.9517822265625, "Instances": [], "Parents": [{"Name": "Transportation"}]}, {"Name": "Sports Car", "Confidence": 99.38349914550781, "Instances": [], "Parents": [{"Name": "Car"}, {"Name": "Vehicle"}, {"Name": "Transportation"}]}, {"Name": "Race Car", "Confidence": 98.9997787475586, "Instances": [], "Parents": [{"Name": "Sports Car"}, {"Name": "Car"}, {"Name": "Vehicle"}, {"Name": "Transportation"}]}, {"Name": "Tarmac", "Confidence": 96.13797760009766, "Instances": [], "Parents": []}, {"Name": "Asphalt", "Confidence": 96.13797760009766, "Instances": [], "Parents": []}]