[{"Name": "Car", "Confidence": 98.79988098144531, "Instances": [{"BoundingBox": {"Width": 0.7540966272354126, "Height": 0.8086192607879639, "Left": 0.026851484552025795, "Top": 0.1382102072238922}, "Confidence": 98.79988098144531}, {"BoundingBox": {"Width": 0.12837070226669312, "Height": 0.05199498310685158, "Left": 0.695665180683136, "Top": 0.23611807823181152}, "Confidence": 94.7933349609375}], "Parents": [{"Name": "Vehicle"}, {"Name": "Transportation"}]}, {"Name": "Automobile", "Confidence": 98.79988098144531, "Instances": [], "Parents": [{"Name": "Vehicle"}, {"Name": "Transportation"}]}, {"Name": "Vehicle", "Confidence": 98.79988098144531, "Instances": [], "Parents": [{"Name": "Transportation"}]}, {"Name": "Transportation", "Confidence": 98.79988098144531, "Instances": [], "Parents": []}, {"Name": "Sports Car", "Confidence": 98.37796020507812, "Instances": [], "Parents": [{"Name": "Car"}, {"Name": "Vehicle"}, {"Name": "Transportation"}]}, {"Name": "Race Car", "Confidence": 93.1327133178711, "Instances": [], "Parents": [{"Name": "Sports Car"}, {"Name": "Car"}, {"Name": "Vehicle"}, {"Name": "Transportation"}]}, {"Name": "Tarmac", "Confidence": 88.72843933105469, "Instances": [], "Parents": []}, {"Name": "Asphalt", "Confidence": 88.72843933105469, "Instances": [], "Parents": []}, {"Name": "Coupe", "Confidence": 84.35356903076172, "Instances": [], "Parents": [{"Name": "Sports Car"}, {"Name": "Car"}, {"Name": "Vehicle"}, {"Name": "Transportation"}]}, {"Name": "Tire", "Confidence": 81.6544189453125, "Instances": [], "Parents": []}]