[{"Name": "Hug", "Confidence": 99.81476593017578, "Instances": [], "Parents": [{"Name": "Person"}]}, {"Name": "Person", "Confidence": 99.81476593017578, "Instances": [{"BoundingBox": {"Width": 0.9233592748641968, "Height": 0.9688683152198792, "Left": 0.06349284201860428, "Top": 0.0019930098205804825}, "Confidence": 96.05390167236328}, {"BoundingBox": {"Width": 0.15789885818958282, "Height": 0.20638339221477509, "Left": 0.0038903714157640934, "Top": 0.1931224763393402}, "Confidence": 82.76416015625}], "Parents": []}, {"Name": "Human", "Confidence": 99.81476593017578, "Instances": [], "Parents": []}, {"Name": "Clothing", "Confidence": 93.1380386352539, "Instances": [], "Parents": []}, {"Name": "Apparel", "Confidence": 93.1380386352539, "Instances": [], "Parents": []}, {"Name": "Dating", "Confidence": 81.7181625366211, "Instances": [], "Parents": [{"Name": "Person"}]}]