[{"Name": "Wheel", "Confidence": 99.84371948242188, "Instances": [], "Parents": [{"Name": "Machine"}]}, {"Name": "Machine", "Confidence": 99.84371948242188, "Instances": [], "Parents": []}, {"Name": "Tire", "Confidence": 99.82221984863281, "Instances": [], "Parents": []}, {"Name": "Car", "Confidence": 99.63850402832031, "Instances": [{"BoundingBox": {"Width": 0.9015747308731079, "Height": 0.24617230892181396, "Left": 0.05222151055932045, "Top": 0.5480951070785522}, "Confidence": 99.63850402832031}], "Parents": [{"Name": "Vehicle"}, {"Name": "Transportation"}]}, {"Name": "Transportation", "Confidence": 99.63850402832031, "Instances": [], "Parents": []}, {"Name": "Vehicle", "Confidence": 99.63850402832031, "Instances": [], "Parents": [{"Name": "Transportation"}]}, {"Name": "Automobile", "Confidence": 99.63850402832031, "Instances": [], "Parents": [{"Name": "Vehicle"}, {"Name": "Transportation"}]}, {"Name": "Car Wheel", "Confidence": 99.06964874267578, "Instances": [], "Parents": [{"Name": "Tire"}, {"Name": "Wheel"}, {"Name": "Machine"}]}, {"Name": "Spoke", "Confidence": 98.79524993896484, "Instances": [], "Parents": [{"Name": "Machine"}]}, {"Name": "Alloy Wheel", "Confidence": 98.33224487304688, "Instances": [], "Parents": [{"Name": "Spoke"}, {"Name": "Wheel"}, {"Name": "Machine"}]}]