[{"Name": "Tire", "Confidence": 94.928466796875, "Instances": [], "Parents": []}, {"Name": "Car", "Confidence": 94.21175384521484, "Instances": [], "Parents": [{"Name": "Vehicle"}, {"Name": "Transportation"}]}, {"Name": "Automobile", "Confidence": 94.21175384521484, "Instances": [], "Parents": [{"Name": "Vehicle"}, {"Name": "Transportation"}]}, {"Name": "Vehicle", "Confidence": 94.21175384521484, "Instances": [], "Parents": [{"Name": "Transportation"}]}, {"Name": "Transportation", "Confidence": 94.21175384521484, "Instances": [], "Parents": []}, {"Name": "Wheel", "Confidence": 92.25043487548828, "Instances": [], "Parents": [{"Name": "Machine"}]}, {"Name": "Machine", "Confidence": 92.25043487548828, "Instances": [], "Parents": []}, {"Name": "Car Wheel", "Confidence": 90.05337524414062, "Instances": [], "Parents": [{"Name": "Tire"}, {"Name": "Wheel"}, {"Name": "Machine"}]}, {"Name": "Spoke", "Confidence": 88.4338607788086, "Instances": [], "Parents": [{"Name": "Machine"}]}, {"Name": "Alloy Wheel", "Confidence": 81.96178436279297, "Instances": [], "Parents": [{"Name": "Spoke"}, {"Name": "Wheel"}, {"Name": "Machine"}]}]