[{"Name": "Person", "Confidence": 99.68323516845703, "Instances": [{"BoundingBox": {"Width": 0.04922502487897873, "Height": 0.11849379539489746, "Left": 0.8212413191795349, "Top": 0.20277614891529083}, "Confidence": 99.68323516845703}], "Parents": []}, {"Name": "Car", "Confidence": 99.1504135131836, "Instances": [{"BoundingBox": {"Width": 0.4252595603466034, "Height": 0.1064465343952179, "Left": 0.22089670598506927, "Top": 0.24081069231033325}, "Confidence": 98.83038330078125}, {"BoundingBox": {"Width": 0.8263295292854309, "Height": 0.5989254117012024, "Left": 0.014750586822628975, "Top": 0.269329696893692}, "Confidence": 96.67034912109375}, {"BoundingBox": {"Width": 0.4650247395038605, "Height": 0.14170746505260468, "Left": 0.008176082745194435, "Top": 0.24839657545089722}, "Confidence": 85.94598388671875}, {"BoundingBox": {"Width": 0.107696533203125, "Height": 0.040403541177511215, "Left": 0.6668512225151062, "Top": 0.21986298263072968}, "Confidence": 81.01007080078125}, {"BoundingBox": {"Width": 0.2403881549835205, "Height": 0.09387022256851196, "Left": 0.4880788028240204, "Top": 0.23031429946422577}, "Confidence": 75.81037902832031}, {"BoundingBox": {"Width": 0.2362004667520523, "Height": 0.10777702927589417, "Left": 0.43806830048561096, "Top": 0.2384720891714096}, "Confidence": 56.88099670410156}], "Parents": [{"Name": "Vehicle"}, {"Name": "Transportation"}]}, {"Name": "Vehicle", "Confidence": 99.1504135131836, "Instances": [], "Parents": [{"Name": "Transportation"}]}, {"Name": "Transportation", "Confidence": 99.1504135131836, "Instances": [], "Parents": []}, {"Name": "Wheel", "Confidence": 97.99158477783203, "Instances": [{"BoundingBox": {"Width": 0.05148874968290329, "Height": 0.050433449447155, "Left": 0.5743079781532288, "Top": 0.30033332109451294}, "Confidence": 97.99158477783203}, {"BoundingBox": {"Width": 0.04627837985754013, "Height": 0.03912988677620888, "Left": 0.6646943092346191, "Top": 0.2869684100151062}, "Confidence": 95.70368957519531}], "Parents": [{"Name": "Machine"}]}, {"Name": "Machine", "Confidence": 97.99158477783203, "Instances": [], "Parents": []}, {"Name": "Tire", "Confidence": 89.14415740966797, "Instances": [], "Parents": []}, {"Name": "Car Show", "Confidence": 85.81121063232422, "Instances": [], "Parents": [{"Name": "Car"}, {"Name": "Vehicle"}, {"Name": "Transportation"}]}, {"Name": "Sports Car", "Confidence": 83.99543762207031, "Instances": [], "Parents": [{"Name": "Car"}, {"Name": "Vehicle"}, {"Name": "Transportation"}]}, {"Name": "Coupe", "Confidence": 80.38614654541016, "Instances": [], "Parents": [{"Name": "Sports Car"}, {"Name": "Car"}, {"Name": "Vehicle"}, {"Name": "Transportation"}]}]