[{"Name": "Race Car", "Confidence": 99.76822662353516, "Instances": [], "Parents": [{"Name": "Sports Car"}, {"Name": "Car"}, {"Name": "Vehicle"}, {"Name": "Transportation"}]}, {"Name": "Sports Car", "Confidence": 99.76822662353516, "Instances": [], "Parents": [{"Name": "Car"}, {"Name": "Vehicle"}, {"Name": "Transportation"}]}, {"Name": "Car", "Confidence": 99.76822662353516, "Instances": [{"BoundingBox": {"Width": 0.8443790674209595, "Height": 0.41361626982688904, "Left": 0.07121454924345016, "Top": 0.14785267412662506}, "Confidence": 99.49290466308594}], "Parents": [{"Name": "Vehicle"}, {"Name": "Transportation"}]}, {"Name": "Transportation", "Confidence": 99.76822662353516, "Instances": [], "Parents": []}, {"Name": "Vehicle", "Confidence": 99.76822662353516, "Instances": [], "Parents": [{"Name": "Transportation"}]}, {"Name": "Automobile", "Confidence": 99.76822662353516, "Instances": [], "Parents": [{"Name": "Vehicle"}, {"Name": "Transportation"}]}, {"Name": "Tarmac", "Confidence": 99.2322998046875, "Instances": [], "Parents": []}, {"Name": "Asphalt", "Confidence": 99.2322998046875, "Instances": [], "Parents": []}]