[{"Name": "Race Car", "Confidence": 99.83673858642578, "Instances": [], "Parents": [{"Name": "Sports Car"}, {"Name": "Car"}, {"Name": "Vehicle"}, {"Name": "Transportation"}]}, {"Name": "Sports Car", "Confidence": 99.83673858642578, "Instances": [], "Parents": [{"Name": "Car"}, {"Name": "Vehicle"}, {"Name": "Transportation"}]}, {"Name": "Car", "Confidence": 99.83673858642578, "Instances": [{"BoundingBox": {"Width": 0.8176285028457642, "Height": 0.4980025291442871, "Left": 0.04933594539761543, "Top": 0.3233201205730438}, "Confidence": 99.3993911743164}], "Parents": [{"Name": "Vehicle"}, {"Name": "Transportation"}]}, {"Name": "Vehicle", "Confidence": 99.83673858642578, "Instances": [], "Parents": [{"Name": "Transportation"}]}, {"Name": "Transportation", "Confidence": 99.83673858642578, "Instances": [], "Parents": []}, {"Name": "Automobile", "Confidence": 99.83673858642578, "Instances": [], "Parents": [{"Name": "Vehicle"}, {"Name": "Transportation"}]}, {"Name": "Person", "Confidence": 98.77483367919922, "Instances": [{"BoundingBox": {"Width": 0.06988227367401123, "Height": 0.0937047004699707, "Left": 0.13986362516880035, "Top": 0.2647697627544403}, "Confidence": 98.77483367919922}, {"BoundingBox": {"Width": 0.05840962752699852, "Height": 0.091802217066288, "Left": 0.2318374365568161, "Top": 0.2543301284313202}, "Confidence": 98.48020935058594}, {"BoundingBox": {"Width": 0.05946188047528267, "Height": 0.05335666239261627, "Left": 0.051715247333049774, "Top": 0.2688766121864319}, "Confidence": 97.49311828613281}, {"BoundingBox": {"Width": 0.04089587181806564, "Height": 0.18246012926101685, "Left": 0.0006376359378919005, "Top": 0.2654137909412384}, "Confidence": 94.60115814208984}, {"BoundingBox": {"Width": 0.04600198566913605, "Height": 0.08093422651290894, "Left": 0.19658640027046204, "Top": 0.26559728384017944}, "Confidence": 82.17139434814453}], "Parents": []}, {"Name": "Human", "Confidence": 98.77483367919922, "Instances": [], "Parents": []}]