[{"Name": "Nature", "Confidence": 98.03787231445312, "Instances": [], "Parents": []}, {"Name": "Car", "Confidence": 96.86981964111328, "Instances": [{"BoundingBox": {"Width": 0.15314000844955444, "Height": 0.07376797497272491, "Left": 0.05000150576233864, "Top": 0.39343586564064026}, "Confidence": 96.86981964111328}], "Parents": [{"Name": "Vehicle"}, {"Name": "Transportation"}]}, {"Name": "Automobile", "Confidence": 96.86981964111328, "Instances": [], "Parents": [{"Name": "Vehicle"}, {"Name": "Transportation"}]}, {"Name": "Transportation", "Confidence": 96.86981964111328, "Instances": [], "Parents": []}, {"Name": "Vehicle", "Confidence": 96.86981964111328, "Instances": [], "Parents": [{"Name": "Transportation"}]}, {"Name": "Outdoors", "Confidence": 95.8290023803711, "Instances": [], "Parents": []}, {"Name": "Sports Car", "Confidence": 88.24837493896484, "Instances": [], "Parents": [{"Name": "Car"}, {"Name": "Vehicle"}, {"Name": "Transportation"}]}]