[{"Name": "Car", "Confidence": 99.9352798461914, "Instances": [{"BoundingBox": {"Width": 0.6308942437171936, "Height": 0.22829389572143555, "Left": 0.14997979998588562, "Top": 0.4493310749530792}, "Confidence": 99.9352798461914}, {"BoundingBox": {"Width": 0.2817334532737732, "Height": 0.1152220293879509, "Left": 0.4722607135772705, "Top": 0.4369347095489502}, "Confidence": 99.05721282958984}, {"BoundingBox": {"Width": 0.19496260583400726, "Height": 0.10426513850688934, "Left": 0.6494095921516418, "Top": 0.31364402174949646}, "Confidence": 97.9942398071289}, {"BoundingBox": {"Width": 0.17031605541706085, "Height": 0.10000833868980408, "Left": 0.7658386826515198, "Top": 0.27812883257865906}, "Confidence": 89.07386779785156}, {"BoundingBox": {"Width": 0.21724726259708405, "Height": 0.09612765908241272, "Left": 0.20481109619140625, "Top": 0.3484075963497162}, "Confidence": 81.9853515625}], "Parents": [{"Name": "Vehicle"}, {"Name": "Transportation"}]}, {"Name": "Automobile", "Confidence": 99.9352798461914, "Instances": [], "Parents": [{"Name": "Vehicle"}, {"Name": "Transportation"}]}, {"Name": "Vehicle", "Confidence": 99.9352798461914, "Instances": [], "Parents": [{"Name": "Transportation"}]}, {"Name": "Transportation", "Confidence": 99.9352798461914, "Instances": [], "Parents": []}, {"Name": "Sports Car", "Confidence": 99.6581039428711, "Instances": [], "Parents": [{"Name": "Car"}, {"Name": "Vehicle"}, {"Name": "Transportation"}]}, {"Name": "Race Car", "Confidence": 99.57656860351562, "Instances": [], "Parents": [{"Name": "Sports Car"}, {"Name": "Car"}, {"Name": "Vehicle"}, {"Name": "Transportation"}]}, {"Name": "Tire", "Confidence": 88.73403930664062, "Instances": [], "Parents": []}, {"Name": "Spoke", "Confidence": 80.41576385498047, "Instances": [], "Parents": [{"Name": "Machine"}]}, {"Name": "Machine", "Confidence": 80.41576385498047, "Instances": [], "Parents": []}]