[{"Name": "Car", "Confidence": 99.45903015136719, "Instances": [{"BoundingBox": {"Width": 0.894197940826416, "Height": 0.5001333355903625, "Left": 0.0500125028192997, "Top": 0.3528521955013275}, "Confidence": 99.45903015136719}], "Parents": [{"Name": "Vehicle"}, {"Name": "Transportation"}]}, {"Name": "Automobile", "Confidence": 99.45903015136719, "Instances": [], "Parents": [{"Name": "Vehicle"}, {"Name": "Transportation"}]}, {"Name": "Vehicle", "Confidence": 99.45903015136719, "Instances": [], "Parents": [{"Name": "Transportation"}]}, {"Name": "Transportation", "Confidence": 99.45903015136719, "Instances": [], "Parents": []}]