[{"Name": "Sports Car", "Confidence": 98.9158706665039, "Instances": [], "Parents": [{"Name": "Car"}, {"Name": "Vehicle"}, {"Name": "Transportation"}]}, {"Name": "Car", "Confidence": 98.9158706665039, "Instances": [{"BoundingBox": {"Width": 0.9188122153282166, "Height": 0.450791597366333, "Left": 0.0428406186401844, "Top": 0.4199226498603821}, "Confidence": 87.45774841308594}], "Parents": [{"Name": "Vehicle"}, {"Name": "Transportation"}]}, {"Name": "Vehicle", "Confidence": 98.9158706665039, "Instances": [], "Parents": [{"Name": "Transportation"}]}, {"Name": "Transportation", "Confidence": 98.9158706665039, "Instances": [], "Parents": []}, {"Name": "Automobile", "Confidence": 98.9158706665039, "Instances": [], "Parents": [{"Name": "Vehicle"}, {"Name": "Transportation"}]}, {"Name": "Coupe", "Confidence": 92.87712097167969, "Instances": [], "Parents": [{"Name": "Sports Car"}, {"Name": "Car"}, {"Name": "Vehicle"}, {"Name": "Transportation"}]}, {"Name": "Convertible", "Confidence": 88.43164825439453, "Instances": [], "Parents": [{"Name": "Car"}, {"Name": "Vehicle"}, {"Name": "Transportation"}]}]