[{"Name": "Tire", "Confidence": 99.72850036621094, "Instances": [], "Parents": []}, {"Name": "Alloy Wheel", "Confidence": 99.67212677001953, "Instances": [], "Parents": [{"Name": "Spoke"}, {"Name": "Wheel"}, {"Name": "Machine"}]}, {"Name": "Spoke", "Confidence": 99.67212677001953, "Instances": [], "Parents": [{"Name": "Machine"}]}, {"Name": "Wheel", "Confidence": 99.67212677001953, "Instances": [], "Parents": [{"Name": "Machine"}]}, {"Name": "Machine", "Confidence": 99.67212677001953, "Instances": [], "Parents": []}, {"Name": "Car", "Confidence": 99.17314910888672, "Instances": [{"BoundingBox": {"Width": 0.823979377746582, "Height": 0.3844325542449951, "Left": 0.10269567370414734, "Top": 0.4788210391998291}, "Confidence": 99.17314910888672}], "Parents": [{"Name": "Vehicle"}, {"Name": "Transportation"}]}, {"Name": "Transportation", "Confidence": 99.17314910888672, "Instances": [], "Parents": []}, {"Name": "Vehicle", "Confidence": 99.17314910888672, "Instances": [], "Parents": [{"Name": "Transportation"}]}, {"Name": "Car Wheel", "Confidence": 96.38198852539062, "Instances": [], "Parents": [{"Name": "Tire"}, {"Name": "Wheel"}, {"Name": "Machine"}]}, {"Name": "Sports Car", "Confidence": 95.58981323242188, "Instances": [], "Parents": [{"Name": "Car"}, {"Name": "Vehicle"}, {"Name": "Transportation"}]}]