[{"Name": "Car", "Confidence": 98.8332290649414, "Instances": [{"BoundingBox": {"Width": 0.4327962398529053, "Height": 0.30254921317100525, "Left": 0.46065032482147217, "Top": 0.46734005212783813}, "Confidence": 98.8332290649414}], "Parents": [{"Name": "Vehicle"}, {"Name": "Transportation"}]}, {"Name": "Automobile", "Confidence": 98.8332290649414, "Instances": [], "Parents": [{"Name": "Vehicle"}, {"Name": "Transportation"}]}, {"Name": "Vehicle", "Confidence": 98.8332290649414, "Instances": [], "Parents": [{"Name": "Transportation"}]}, {"Name": "Transportation", "Confidence": 98.8332290649414, "Instances": [], "Parents": []}, {"Name": "Tarmac", "Confidence": 97.17079162597656, "Instances": [], "Parents": []}, {"Name": "Asphalt", "Confidence": 97.17079162597656, "Instances": [], "Parents": []}, {"Name": "Sports Car", "Confidence": 95.17890930175781, "Instances": [], "Parents": [{"Name": "Car"}, {"Name": "Vehicle"}, {"Name": "Transportation"}]}, {"Name": "Race Car", "Confidence": 94.19935607910156, "Instances": [], "Parents": [{"Name": "Sports Car"}, {"Name": "Car"}, {"Name": "Vehicle"}, {"Name": "Transportation"}]}, {"Name": "Road", "Confidence": 87.50418853759766, "Instances": [], "Parents": []}]