[{"Name": "Clothing", "Confidence": 99.99622344970703, "Instances": [], "Parents": []}, {"Name": "Apparel", "Confidence": 99.99622344970703, "Instances": [], "Parents": []}, {"Name": "Helmet", "Confidence": 99.87960815429688, "Instances": [{"BoundingBox": {"Width": 0.7931405901908875, "Height": 0.6905728578567505, "Left": 0.06307322531938553, "Top": 0.13644951581954956}, "Confidence": 99.87552642822266}], "Parents": [{"Name": "Clothing"}]}, {"Name": "Crash Helmet", "Confidence": 99.57488250732422, "Instances": [], "Parents": [{"Name": "Helmet"}, {"Name": "Clothing"}]}, {"Name": "Person", "Confidence": 92.87837219238281, "Instances": [{"BoundingBox": {"Width": 0.8298538327217102, "Height": 0.7910009622573853, "Left": 0.09236606955528259, "Top": 0.19218695163726807}, "Confidence": 92.87837219238281}], "Parents": []}, {"Name": "Human", "Confidence": 92.87837219238281, "Instances": [], "Parents": []}]