[{"Name": "Car", "Confidence": 98.95982360839844, "Instances": [{"BoundingBox": {"Width": 0.9370540976524353, "Height": 0.5305474400520325, "Left": 0.008757993578910828, "Top": 0.29220885038375854}, "Confidence": 98.95982360839844}], "Parents": []}, {"Name": "Tire", "Confidence": 98.0942153930664, "Instances": [], "Parents": []}, {"Name": "Spoke", "Confidence": 96.86438751220703, "Instances": [], "Parents": [{"Name": "Machine"}]}, {"Name": "Machine", "Confidence": 96.86438751220703, "Instances": [], "Parents": []}, {"Name": "Alloy Wheel", "Confidence": 93.90728759765625, "Instances": [], "Parents": [{"Name": "Spoke"}, {"Name": "Wheel"}, {"Name": "Machine"}]}, {"Name": "Wheel", "Confidence": 93.90728759765625, "Instances": [], "Parents": [{"Name": "Machine"}]}, {"Name": "License Plate", "Confidence": 92.27295684814453, "Instances": [{"BoundingBox": {"Width": 0.2483300119638443, "Height": 0.04561035335063934, "Left": 0.358858585357666, "Top": 0.6526005268096924}, "Confidence": 92.27295684814453}], "Parents": []}, {"Name": "Sports Car", "Confidence": 91.33447265625, "Instances": [], "Parents": [{"Name": "Car"}]}, {"Name": "Car Wheel", "Confidence": 90.16471099853516, "Instances": [], "Parents": [{"Name": "Tire"}, {"Name": "Wheel"}, {"Name": "Machine"}]}, {"Name": "Coupe", "Confidence": 89.69713592529297, "Instances": [], "Parents": [{"Name": "Sports Car"}, {"Name": "Car"}]}]