[{"Name": "Car", "Confidence": 99.63510131835938, "Instances": [{"BoundingBox": {"Width": 0.951245903968811, "Height": 0.6489204168319702, "Left": 0.01483866386115551, "Top": 0.23671725392341614}, "Confidence": 99.63510131835938}], "Parents": [{"Name": "Vehicle"}, {"Name": "Transportation"}]}, {"Name": "Automobile", "Confidence": 99.63510131835938, "Instances": [], "Parents": [{"Name": "Vehicle"}, {"Name": "Transportation"}]}, {"Name": "Transportation", "Confidence": 99.63510131835938, "Instances": [], "Parents": []}, {"Name": "Vehicle", "Confidence": 99.63510131835938, "Instances": [], "Parents": [{"Name": "Transportation"}]}, {"Name": "Person", "Confidence": 98.83113861083984, "Instances": [{"BoundingBox": {"Width": 0.873228132724762, "Height": 0.25370755791664124, "Left": 0.07500962167978287, "Top": 0.6197069883346558}, "Confidence": 90.07333374023438}, {"BoundingBox": {"Width": 0.00971137173473835, "Height": 0.014237761497497559, "Left": 0.50044184923172, "Top": 0.38514211773872375}, "Confidence": 88.85108947753906}, {"BoundingBox": {"Width": 0.2541905641555786, "Height": 0.22053679823875427, "Left": 0.7388163208961487, "Top": 0.6477410197257996}, "Confidence": 75.61137390136719}], "Parents": []}, {"Name": "Human", "Confidence": 98.83113861083984, "Instances": [], "Parents": []}, {"Name": "Driving", "Confidence": 97.40254974365234, "Instances": [], "Parents": [{"Name": "Person"}, {"Name": "Vehicle"}, {"Name": "Transportation"}]}]