[{"Name": "Race Car", "Confidence": 99.80158996582031, "Instances": [], "Parents": [{"Name": "Sports Car"}, {"Name": "Car"}, {"Name": "Vehicle"}, {"Name": "Transportation"}]}, {"Name": "Sports Car", "Confidence": 99.80158996582031, "Instances": [], "Parents": [{"Name": "Car"}, {"Name": "Vehicle"}, {"Name": "Transportation"}]}, {"Name": "Car", "Confidence": 99.80158996582031, "Instances": [{"BoundingBox": {"Width": 0.36863505840301514, "Height": 0.2428797334432602, "Left": 0.6293680667877197, "Top": 0.7564257979393005}, "Confidence": 92.15923309326172}, {"BoundingBox": {"Width": 0.703454852104187, "Height": 0.3833441734313965, "Left": 0.1828921139240265, "Top": 0.5606292486190796}, "Confidence": 90.3094482421875}, {"BoundingBox": {"Width": 0.40353816747665405, "Height": 0.28726500272750854, "Left": 0.06185764819383621, "Top": 0.43465667963027954}, "Confidence": 88.63053894042969}, {"BoundingBox": {"Width": 0.33937281370162964, "Height": 0.25247922539711, "Left": 0.6479605436325073, "Top": 0.4324982464313507}, "Confidence": 87.51101684570312}, {"BoundingBox": {"Width": 0.36963751912117004, "Height": 0.23126636445522308, "Left": 0.6017872095108032, "Top": 0.29547470808029175}, "Confidence": 82.7955093383789}, {"BoundingBox": {"Width": 0.31609031558036804, "Height": 0.2185521423816681, "Left": 0.2897297143936157, "Top": 0.3461271822452545}, "Confidence": 81.922119140625}, {"BoundingBox": {"Width": 0.2963158190250397, "Height": 0.11347463726997375, "Left": 0.5831589102745056, "Top": 0.05829570069909096}, "Confidence": 69.77835083007812}, {"BoundingBox": {"Width": 0.2002263367176056, "Height": 0.23182211816310883, "Left": 0.7990792393684387, "Top": 0.5346807837486267}, "Confidence": 66.70123291015625}], "Parents": [{"Name": "Vehicle"}, {"Name": "Transportation"}]}, {"Name": "Vehicle", "Confidence": 99.80158996582031, "Instances": [], "Parents": [{"Name": "Transportation"}]}, {"Name": "Transportation", "Confidence": 99.80158996582031, "Instances": [], "Parents": []}, {"Name": "Automobile", "Confidence": 99.80158996582031, "Instances": [], "Parents": [{"Name": "Vehicle"}, {"Name": "Transportation"}]}, {"Name": "Tarmac", "Confidence": 97.04069519042969, "Instances": [], "Parents": []}, {"Name": "Asphalt", "Confidence": 97.04069519042969, "Instances": [], "Parents": []}, {"Name": "Tire", "Confidence": 82.08078002929688, "Instances": [], "Parents": []}]