[{"Name": "Car", "Confidence": 99.83448791503906, "Instances": [{"BoundingBox": {"Width": 0.6059284210205078, "Height": 0.2463265210390091, "Left": 0.2830222547054291, "Top": 0.46254777908325195}, "Confidence": 99.83448791503906}], "Parents": [{"Name": "Vehicle"}, {"Name": "Transportation"}]}, {"Name": "Automobile", "Confidence": 99.83448791503906, "Instances": [], "Parents": [{"Name": "Vehicle"}, {"Name": "Transportation"}]}, {"Name": "Transportation", "Confidence": 99.83448791503906, "Instances": [], "Parents": []}, {"Name": "Vehicle", "Confidence": 99.83448791503906, "Instances": [], "Parents": [{"Name": "Transportation"}]}, {"Name": "Sports Car", "Confidence": 92.10210418701172, "Instances": [], "Parents": [{"Name": "Car"}, {"Name": "Vehicle"}, {"Name": "Transportation"}]}, {"Name": "Offroad", "Confidence": 87.9807357788086, "Instances": [], "Parents": [{"Name": "Vehicle"}, {"Name": "Transportation"}]}, {"Name": "Tire", "Confidence": 80.7637939453125, "Instances": [], "Parents": []}]