[{"Name": "Race Car", "Confidence": 99.98543548583984, "Instances": [], "Parents": [{"Name": "Sports Car"}, {"Name": "Car"}, {"Name": "Vehicle"}, {"Name": "Transportation"}]}, {"Name": "Sports Car", "Confidence": 99.98543548583984, "Instances": [], "Parents": [{"Name": "Car"}, {"Name": "Vehicle"}, {"Name": "Transportation"}]}, {"Name": "Car", "Confidence": 99.98543548583984, "Instances": [{"BoundingBox": {"Width": 0.7695910334587097, "Height": 0.34722989797592163, "Left": 0.12653416395187378, "Top": 0.31433314085006714}, "Confidence": 86.63382720947266}], "Parents": [{"Name": "Vehicle"}, {"Name": "Transportation"}]}, {"Name": "Vehicle", "Confidence": 99.98543548583984, "Instances": [], "Parents": [{"Name": "Transportation"}]}, {"Name": "Transportation", "Confidence": 99.98543548583984, "Instances": [], "Parents": []}, {"Name": "Automobile", "Confidence": 99.98543548583984, "Instances": [], "Parents": [{"Name": "Vehicle"}, {"Name": "Transportation"}]}, {"Name": "Person", "Confidence": 98.86103057861328, "Instances": [{"BoundingBox": {"Width": 0.13952738046646118, "Height": 0.36220067739486694, "Left": 0.005060217343270779, "Top": 0.278757780790329}, "Confidence": 98.86103057861328}, {"BoundingBox": {"Width": 0.11874782294034958, "Height": 0.10434906929731369, "Left": 0.1039033904671669, "Top": 0.31446659564971924}, "Confidence": 96.59446716308594}], "Parents": []}, {"Name": "Human", "Confidence": 98.86103057861328, "Instances": [], "Parents": []}, {"Name": "Tarmac", "Confidence": 96.65907287597656, "Instances": [], "Parents": []}, {"Name": "Asphalt", "Confidence": 96.65907287597656, "Instances": [], "Parents": []}]