[{"Name": "Tarmac", "Confidence": 99.99634552001953, "Instances": [], "Parents": []}, {"Name": "Asphalt", "Confidence": 99.99634552001953, "Instances": [], "Parents": []}, {"Name": "Car", "Confidence": 92.95050811767578, "Instances": [], "Parents": [{"Name": "Vehicle"}, {"Name": "Transportation"}]}, {"Name": "Transportation", "Confidence": 92.95050811767578, "Instances": [], "Parents": []}, {"Name": "Automobile", "Confidence": 92.95050811767578, "Instances": [], "Parents": [{"Name": "Vehicle"}, {"Name": "Transportation"}]}, {"Name": "Vehicle", "Confidence": 92.95050811767578, "Instances": [], "Parents": [{"Name": "Transportation"}]}, {"Name": "Sports Car", "Confidence": 88.95811462402344, "Instances": [], "Parents": [{"Name": "Car"}, {"Name": "Vehicle"}, {"Name": "Transportation"}]}, {"Name": "Rug", "Confidence": 87.84882354736328, "Instances": [{"BoundingBox": {"Width": 0.9632149338722229, "Height": 0.7902522087097168, "Left": 0.014802932739257812, "Top": 0.18283863365650177}, "Confidence": 87.84882354736328}], "Parents": []}, {"Name": "Road", "Confidence": 85.06893157958984, "Instances": [], "Parents": []}]