[{"Name": "Person", "Confidence": 98.67507934570312, "Instances": [{"BoundingBox": {"Width": 0.6210795640945435, "Height": 0.48793938755989075, "Left": 0.14175745844841003, "Top": 0.13405251502990723}, "Confidence": 98.67507934570312}], "Parents": []}, {"Name": "Human", "Confidence": 98.67507934570312, "Instances": [], "Parents": []}, {"Name": "Crowd", "Confidence": 97.66815948486328, "Instances": [], "Parents": [{"Name": "Person"}]}, {"Name": "Text", "Confidence": 87.2063980102539, "Instances": [], "Parents": []}, {"Name": "Press Conference", "Confidence": 86.35795593261719, "Instances": [], "Parents": [{"Name": "Crowd"}, {"Name": "Person"}]}]