[{"Name": "Clothing", "Confidence": 99.99742126464844, "Instances": [], "Parents": []}, {"Name": "Apparel", "Confidence": 99.99742126464844, "Instances": [], "Parents": []}, {"Name": "Helmet", "Confidence": 99.96781158447266, "Instances": [{"BoundingBox": {"Width": 0.9473053812980652, "Height": 0.7600714564323425, "Left": 0.051768720149993896, "Top": 0.1343504935503006}, "Confidence": 88.0143814086914}], "Parents": [{"Name": "Clothing"}]}, {"Name": "Crash Helmet", "Confidence": 99.84769439697266, "Instances": [], "Parents": [{"Name": "Helmet"}, {"Name": "Clothing"}]}, {"Name": "Hardhat", "Confidence": 87.2078857421875, "Instances": [], "Parents": [{"Name": "Helmet"}, {"Name": "Clothing"}]}]