[{"Name": "Clothing", "Confidence": 99.78960418701172, "Instances": [], "Parents": []}, {"Name": "Apparel", "Confidence": 99.78960418701172, "Instances": [], "Parents": []}, {"Name": "Shoe", "Confidence": 98.9936752319336, "Instances": [{"BoundingBox": {"Width": 0.08932022750377655, "Height": 0.1087292954325676, "Left": 0.3814256489276886, "Top": 0.8589023947715759}, "Confidence": 98.9936752319336}, {"BoundingBox": {"Width": 0.07937149703502655, "Height": 0.02660216949880123, "Left": 0.3016633987426758, "Top": 0.9728731513023376}, "Confidence": 51.85448455810547}], "Parents": [{"Name": "Footwear"}, {"Name": "Clothing"}]}, {"Name": "Footwear", "Confidence": 98.9936752319336, "Instances": [], "Parents": [{"Name": "Clothing"}]}, {"Name": "Sleeve", "Confidence": 98.9155044555664, "Instances": [], "Parents": [{"Name": "Clothing"}]}, {"Name": "Person", "Confidence": 98.67568969726562, "Instances": [{"BoundingBox": {"Width": 0.5238307118415833, "Height": 0.7739638090133667, "Left": 0.13178053498268127, "Top": 0.20094172656536102}, "Confidence": 98.67568969726562}], "Parents": []}, {"Name": "Human", "Confidence": 98.67568969726562, "Instances": [], "Parents": []}, {"Name": "Long Sleeve", "Confidence": 92.53412628173828, "Instances": [], "Parents": [{"Name": "Sleeve"}, {"Name": "Clothing"}]}]