[{"Name": "Clothing", "Confidence": 99.99878692626953, "Instances": [], "Parents": []}, {"Name": "Apparel", "Confidence": 99.99878692626953, "Instances": [], "Parents": []}, {"Name": "Helmet", "Confidence": 99.98605346679688, "Instances": [{"BoundingBox": {"Width": 0.8054307699203491, "Height": 0.5595303177833557, "Left": 0.12898531556129456, "Top": 0.07261791080236435}, "Confidence": 99.98605346679688}], "Parents": [{"Name": "Clothing"}]}, {"Name": "Crash Helmet", "Confidence": 99.91654205322266, "Instances": [], "Parents": [{"Name": "Helmet"}, {"Name": "Clothing"}]}, {"Name": "Person", "Confidence": 90.17555236816406, "Instances": [{"BoundingBox": {"Width": 0.9306144118309021, "Height": 0.8815271854400635, "Left": 0.03769367188215256, "Top": 0.11795199662446976}, "Confidence": 90.17555236816406}, {"BoundingBox": {"Width": 0.18581810593605042, "Height": 0.2735154330730438, "Left": 0.0, "Top": 0.7196474075317383}, "Confidence": 52.70762252807617}], "Parents": []}, {"Name": "Human", "Confidence": 90.17555236816406, "Instances": [], "Parents": []}]