[{"Name": "Race Car", "Confidence": 99.87308502197266, "Instances": [], "Parents": [{"Name": "Sports Car"}, {"Name": "Car"}, {"Name": "Vehicle"}, {"Name": "Transportation"}]}, {"Name": "Sports Car", "Confidence": 99.87308502197266, "Instances": [], "Parents": [{"Name": "Car"}, {"Name": "Vehicle"}, {"Name": "Transportation"}]}, {"Name": "Car", "Confidence": 99.87308502197266, "Instances": [{"BoundingBox": {"Width": 0.908109724521637, "Height": 0.6768478155136108, "Left": 0.0, "Top": 0.2844291925430298}, "Confidence": 97.80160522460938}], "Parents": [{"Name": "Vehicle"}, {"Name": "Transportation"}]}, {"Name": "Vehicle", "Confidence": 99.87308502197266, "Instances": [], "Parents": [{"Name": "Transportation"}]}, {"Name": "Transportation", "Confidence": 99.87308502197266, "Instances": [], "Parents": []}, {"Name": "Automobile", "Confidence": 99.87308502197266, "Instances": [], "Parents": [{"Name": "Vehicle"}, {"Name": "Transportation"}]}]