[{"Name": "Steering Wheel", "Confidence": 98.56122589111328, "Instances": [], "Parents": []}, {"Name": "Belt", "Confidence": 96.42036437988281, "Instances": [{"BoundingBox": {"Width": 0.956125020980835, "Height": 0.8757265210151672, "Left": 0.021456442773342133, "Top": 0.11293990164995193}, "Confidence": 96.42036437988281}], "Parents": [{"Name": "Accessories"}]}, {"Name": "Accessories", "Confidence": 96.42036437988281, "Instances": [], "Parents": []}, {"Name": "Accessory", "Confidence": 96.42036437988281, "Instances": [], "Parents": []}]