[{"Name": "Tarmac", "Confidence": 99.6853256225586, "Instances": [], "Parents": []}, {"Name": "Asphalt", "Confidence": 99.6853256225586, "Instances": [], "Parents": []}, {"Name": "Sports Car", "Confidence": 98.477783203125, "Instances": [], "Parents": [{"Name": "Car"}, {"Name": "Vehicle"}, {"Name": "Transportation"}]}, {"Name": "Car", "Confidence": 98.477783203125, "Instances": [{"BoundingBox": {"Width": 0.3755704164505005, "Height": 0.15734931826591492, "Left": 0.5100157856941223, "Top": 0.6854239106178284}, "Confidence": 96.2495346069336}], "Parents": [{"Name": "Vehicle"}, {"Name": "Transportation"}]}, {"Name": "Vehicle", "Confidence": 98.477783203125, "Instances": [], "Parents": [{"Name": "Transportation"}]}, {"Name": "Transportation", "Confidence": 98.477783203125, "Instances": [], "Parents": []}, {"Name": "Automobile", "Confidence": 98.477783203125, "Instances": [], "Parents": [{"Name": "Vehicle"}, {"Name": "Transportation"}]}, {"Name": "Race Car", "Confidence": 97.12240600585938, "Instances": [], "Parents": [{"Name": "Sports Car"}, {"Name": "Car"}, {"Name": "Vehicle"}, {"Name": "Transportation"}]}, {"Name": "Tire", "Confidence": 83.58207702636719, "Instances": [], "Parents": []}]