[{"Name": "Helmet", "Confidence": 97.61107635498047, "Instances": [{"BoundingBox": {"Width": 0.33434584736824036, "Height": 0.1743638515472412, "Left": 0.15578779578208923, "Top": 0.29101601243019104}, "Confidence": 97.61107635498047}], "Parents": [{"Name": "Clothing"}]}, {"Name": "Clothing", "Confidence": 97.61107635498047, "Instances": [], "Parents": []}, {"Name": "Apparel", "Confidence": 97.61107635498047, "Instances": [], "Parents": []}, {"Name": "Person", "Confidence": 92.60259246826172, "Instances": [{"BoundingBox": {"Width": 0.6864498853683472, "Height": 0.5371803045272827, "Left": 0.05371314659714699, "Top": 0.280958354473114}, "Confidence": 92.60259246826172}], "Parents": []}, {"Name": "Human", "Confidence": 92.60259246826172, "Instances": [], "Parents": []}]