[{"Name": "Steering Wheel", "Confidence": 91.56661224365234, "Instances": [], "Parents": []}, {"Name": "Helmet", "Confidence": 84.5776138305664, "Instances": [{"BoundingBox": {"Width": 0.8975023031234741, "Height": 0.6890153884887695, "Left": 0.06458117067813873, "Top": 0.17101378738880157}, "Confidence": 84.5776138305664}], "Parents": [{"Name": "Clothing"}]}, {"Name": "Clothing", "Confidence": 84.5776138305664, "Instances": [], "Parents": []}, {"Name": "Apparel", "Confidence": 84.5776138305664, "Instances": [], "Parents": []}]