[{"Name": "Clothing", "Confidence": 99.99949645996094, "Instances": [], "Parents": []}, {"Name": "Apparel", "Confidence": 99.99949645996094, "Instances": [], "Parents": []}, {"Name": "Helmet", "Confidence": 99.98274230957031, "Instances": [{"BoundingBox": {"Width": 0.45818525552749634, "Height": 0.31673938035964966, "Left": 0.2556982636451721, "Top": 0.07877877354621887}, "Confidence": 99.97808074951172}], "Parents": [{"Name": "Clothing"}]}, {"Name": "Crash Helmet", "Confidence": 99.97280883789062, "Instances": [], "Parents": [{"Name": "Helmet"}, {"Name": "Clothing"}]}, {"Name": "Person", "Confidence": 98.32708740234375, "Instances": [{"BoundingBox": {"Width": 0.8736472725868225, "Height": 0.9076569676399231, "Left": 0.02841341868042946, "Top": 0.09182221442461014}, "Confidence": 98.32708740234375}], "Parents": []}, {"Name": "Human", "Confidence": 98.32708740234375, "Instances": [], "Parents": []}]