[{"Name": "Tarmac", "Confidence": 99.85197448730469, "Instances": [], "Parents": []}, {"Name": "Asphalt", "Confidence": 99.85197448730469, "Instances": [], "Parents": []}, {"Name": "Sports Car", "Confidence": 99.10581970214844, "Instances": [], "Parents": [{"Name": "Car"}, {"Name": "Vehicle"}, {"Name": "Transportation"}]}, {"Name": "Car", "Confidence": 99.10581970214844, "Instances": [{"BoundingBox": {"Width": 0.3471449017524719, "Height": 0.11349938809871674, "Left": 0.34801438450813293, "Top": 0.4414363205432892}, "Confidence": 97.78787994384766}], "Parents": [{"Name": "Vehicle"}, {"Name": "Transportation"}]}, {"Name": "Transportation", "Confidence": 99.10581970214844, "Instances": [], "Parents": []}, {"Name": "Vehicle", "Confidence": 99.10581970214844, "Instances": [], "Parents": [{"Name": "Transportation"}]}, {"Name": "Automobile", "Confidence": 99.10581970214844, "Instances": [], "Parents": [{"Name": "Vehicle"}, {"Name": "Transportation"}]}, {"Name": "Race Car", "Confidence": 98.64575958251953, "Instances": [], "Parents": [{"Name": "Sports Car"}, {"Name": "Car"}, {"Name": "Vehicle"}, {"Name": "Transportation"}]}]