[{"Name": "Car", "Confidence": 99.94831085205078, "Instances": [{"BoundingBox": {"Width": 0.6704233884811401, "Height": 0.2804625928401947, "Left": 0.12536822259426117, "Top": 0.3632027208805084}, "Confidence": 99.94831085205078}], "Parents": [{"Name": "Vehicle"}, {"Name": "Transportation"}]}, {"Name": "Automobile", "Confidence": 99.94831085205078, "Instances": [], "Parents": [{"Name": "Vehicle"}, {"Name": "Transportation"}]}, {"Name": "Vehicle", "Confidence": 99.94831085205078, "Instances": [], "Parents": [{"Name": "Transportation"}]}, {"Name": "Transportation", "Confidence": 99.94831085205078, "Instances": [], "Parents": []}, {"Name": "Sports Car", "Confidence": 99.65147399902344, "Instances": [], "Parents": [{"Name": "Car"}, {"Name": "Vehicle"}, {"Name": "Transportation"}]}, {"Name": "Race Car", "Confidence": 99.04757690429688, "Instances": [], "Parents": [{"Name": "Sports Car"}, {"Name": "Car"}, {"Name": "Vehicle"}, {"Name": "Transportation"}]}, {"Name": "Tarmac", "Confidence": 99.0048599243164, "Instances": [], "Parents": []}, {"Name": "Wheel", "Confidence": 97.37351989746094, "Instances": [{"BoundingBox": {"Width": 0.014426111243665218, "Height": 0.006609026808291674, "Left": 0.769629180431366, "Top": 0.3945392668247223}, "Confidence": 97.37351989746094}, {"BoundingBox": {"Width": 0.013175907544791698, "Height": 0.007685152813792229, "Left": 0.8226233124732971, "Top": 0.3899461030960083}, "Confidence": 87.23357391357422}, {"BoundingBox": {"Width": 0.0403759703040123, "Height": 0.09686838835477829, "Left": 0.18262259662151337, "Top": 0.5152094960212708}, "Confidence": 61.47197723388672}], "Parents": [{"Name": "Machine"}]}, {"Name": "Machine", "Confidence": 97.37351989746094, "Instances": [], "Parents": []}, {"Name": "Coupe", "Confidence": 88.79096984863281, "Instances": [], "Parents": [{"Name": "Sports Car"}, {"Name": "Car"}, {"Name": "Vehicle"}, {"Name": "Transportation"}]}]