[{"Name": "Clothing", "Confidence": 99.71315002441406, "Instances": [], "Parents": []}, {"Name": "Person", "Confidence": 98.8591537475586, "Instances": [{"BoundingBox": {"Width": 0.7609895467758179, "Height": 0.8004371523857117, "Left": 0.20920249819755554, "Top": 0.19486930966377258}, "Confidence": 98.8591537475586}], "Parents": []}, {"Name": "Car", "Confidence": 96.83719635009766, "Instances": [{"BoundingBox": {"Width": 0.285493940114975, "Height": 0.2575329542160034, "Left": 0.0015750566963106394, "Top": 0.6620321273803711}, "Confidence": 96.83719635009766}], "Parents": [{"Name": "Vehicle"}, {"Name": "Transportation"}]}, {"Name": "Transportation", "Confidence": 96.83719635009766, "Instances": [], "Parents": []}, {"Name": "Vehicle", "Confidence": 96.83719635009766, "Instances": [], "Parents": [{"Name": "Transportation"}]}, {"Name": "Tire", "Confidence": 91.93843841552734, "Instances": [], "Parents": []}, {"Name": "Sleeve", "Confidence": 86.26111602783203, "Instances": [], "Parents": [{"Name": "Clothing"}]}, {"Name": "Spoke", "Confidence": 80.82977294921875, "Instances": [], "Parents": [{"Name": "Machine"}]}, {"Name": "Machine", "Confidence": 80.82977294921875, "Instances": [], "Parents": []}, {"Name": "Wheel", "Confidence": 80.50572967529297, "Instances": [], "Parents": [{"Name": "Machine"}]}]