[{"Name": "Pants", "Confidence": 98.06639862060547, "Instances": [], "Parents": [{"Name": "Clothing"}]}, {"Name": "Clothing", "Confidence": 98.06639862060547, "Instances": [], "Parents": []}, {"Name": "Apparel", "Confidence": 98.06639862060547, "Instances": [], "Parents": []}, {"Name": "Person", "Confidence": 94.67076873779297, "Instances": [{"BoundingBox": {"Width": 0.5863268375396729, "Height": 0.7450165748596191, "Left": 0.41297873854637146, "Top": 0.06897945702075958}, "Confidence": 94.67076873779297}, {"BoundingBox": {"Width": 0.07244838774204254, "Height": 0.4993937611579895, "Left": 0.9262286424636841, "Top": 0.3463851809501648}, "Confidence": 86.93456268310547}], "Parents": []}, {"Name": "Human", "Confidence": 94.67076873779297, "Instances": [], "Parents": []}, {"Name": "Furniture", "Confidence": 89.51081848144531, "Instances": [], "Parents": []}, {"Name": "Jeans", "Confidence": 80.22833251953125, "Instances": [], "Parents": [{"Name": "Pants"}, {"Name": "Clothing"}]}, {"Name": "Denim", "Confidence": 80.22833251953125, "Instances": [], "Parents": [{"Name": "Pants"}, {"Name": "Clothing"}]}]