[{"Name": "Spoke", "Confidence": 99.92279052734375, "Instances": [], "Parents": [{"Name": "Machine"}]}, {"Name": "Machine", "Confidence": 99.92279052734375, "Instances": [], "Parents": []}, {"Name": "Tire", "Confidence": 99.90093231201172, "Instances": [], "Parents": []}, {"Name": "Alloy Wheel", "Confidence": 99.88084411621094, "Instances": [], "Parents": [{"Name": "Spoke"}, {"Name": "Wheel"}, {"Name": "Machine"}]}, {"Name": "Wheel", "Confidence": 99.88084411621094, "Instances": [], "Parents": [{"Name": "Machine"}]}, {"Name": "Car", "Confidence": 99.53654479980469, "Instances": [{"BoundingBox": {"Width": 0.958859920501709, "Height": 0.6693770885467529, "Left": 0.025116687640547752, "Top": 0.19901780784130096}, "Confidence": 99.53654479980469}], "Parents": []}, {"Name": "Car Wheel", "Confidence": 98.84783172607422, "Instances": [], "Parents": [{"Name": "Tire"}, {"Name": "Wheel"}, {"Name": "Machine"}]}, {"Name": "Person", "Confidence": 96.9397201538086, "Instances": [{"BoundingBox": {"Width": 0.33152079582214355, "Height": 0.3641968369483948, "Left": 0.39339664578437805, "Top": 0.2921164929866791}, "Confidence": 96.9397201538086}, {"BoundingBox": {"Width": 0.12635210156440735, "Height": 0.09454962611198425, "Left": 0.7812833189964294, "Top": 0.29097408056259155}, "Confidence": 65.55672454833984}, {"BoundingBox": {"Width": 0.04469706118106842, "Height": 0.0492667630314827, "Left": 0.9208725690841675, "Top": 0.3237743675708771}, "Confidence": 58.963356018066406}], "Parents": []}, {"Name": "Helmet", "Confidence": 90.60517883300781, "Instances": [{"BoundingBox": {"Width": 0.1980224996805191, "Height": 0.13634155690670013, "Left": 0.5418841242790222, "Top": 0.28122782707214355}, "Confidence": 90.60517883300781}], "Parents": []}, {"Name": "Sports Car", "Confidence": 86.53133392333984, "Instances": [], "Parents": [{"Name": "Car"}]}]