[{"Name": "Race Car", "Confidence": 99.57813262939453, "Instances": [], "Parents": [{"Name": "Sports Car"}, {"Name": "Car"}, {"Name": "Vehicle"}, {"Name": "Transportation"}]}, {"Name": "Car", "Confidence": 99.57813262939453, "Instances": [{"BoundingBox": {"Width": 0.4041885733604431, "Height": 0.08638536930084229, "Left": 0.2964463531970978, "Top": 0.4560779929161072}, "Confidence": 99.41366577148438}], "Parents": [{"Name": "Vehicle"}, {"Name": "Transportation"}]}, {"Name": "Sports Car", "Confidence": 99.57813262939453, "Instances": [], "Parents": [{"Name": "Car"}, {"Name": "Vehicle"}, {"Name": "Transportation"}]}, {"Name": "Transportation", "Confidence": 99.57813262939453, "Instances": [], "Parents": []}, {"Name": "Vehicle", "Confidence": 99.57813262939453, "Instances": [], "Parents": [{"Name": "Transportation"}]}, {"Name": "Automobile", "Confidence": 99.57813262939453, "Instances": [], "Parents": [{"Name": "Vehicle"}, {"Name": "Transportation"}]}, {"Name": "Tarmac", "Confidence": 99.51858520507812, "Instances": [], "Parents": []}, {"Name": "Asphalt", "Confidence": 99.51858520507812, "Instances": [], "Parents": []}]