[{"Name": "Gun", "Confidence": 92.32971954345703, "Instances": [{"BoundingBox": {"Width": 0.9780476093292236, "Height": 0.8397201895713806, "Left": 0.0, "Top": 0.11221486330032349}, "Confidence": 92.32971954345703}], "Parents": [{"Name": "Weapon"}]}, {"Name": "Weapon", "Confidence": 92.32971954345703, "Instances": [], "Parents": []}, {"Name": "Weaponry", "Confidence": 92.32971954345703, "Instances": [], "Parents": []}, {"Name": "Wheel", "Confidence": 84.5581283569336, "Instances": [], "Parents": [{"Name": "Machine"}]}, {"Name": "Machine", "Confidence": 84.5581283569336, "Instances": [], "Parents": []}, {"Name": "Spoke", "Confidence": 83.35847473144531, "Instances": [], "Parents": [{"Name": "Machine"}]}]