[{"Name": "Race Car", "Confidence": 99.7956314086914, "Instances": [], "Parents": [{"Name": "Sports Car"}, {"Name": "Car"}, {"Name": "Vehicle"}, {"Name": "Transportation"}]}, {"Name": "Sports Car", "Confidence": 99.7956314086914, "Instances": [], "Parents": [{"Name": "Car"}, {"Name": "Vehicle"}, {"Name": "Transportation"}]}, {"Name": "Car", "Confidence": 99.7956314086914, "Instances": [{"BoundingBox": {"Width": 0.8342224955558777, "Height": 0.6407731175422668, "Left": 0.164851576089859, "Top": 0.3375946581363678}, "Confidence": 85.62506103515625}, {"BoundingBox": {"Width": 0.21606767177581787, "Height": 0.19364182651042938, "Left": 0.005877487827092409, "Top": 0.4097171425819397}, "Confidence": 79.62371826171875}], "Parents": [{"Name": "Vehicle"}, {"Name": "Transportation"}]}, {"Name": "Transportation", "Confidence": 99.7956314086914, "Instances": [], "Parents": []}, {"Name": "Vehicle", "Confidence": 99.7956314086914, "Instances": [], "Parents": [{"Name": "Transportation"}]}, {"Name": "Automobile", "Confidence": 99.7956314086914, "Instances": [], "Parents": [{"Name": "Vehicle"}, {"Name": "Transportation"}]}, {"Name": "Person", "Confidence": 99.47412109375, "Instances": [{"BoundingBox": {"Width": 0.5028946399688721, "Height": 0.5796104669570923, "Left": 0.18033477663993835, "Top": 0.26348429918289185}, "Confidence": 99.47412109375}], "Parents": []}, {"Name": "Human", "Confidence": 99.47412109375, "Instances": [], "Parents": []}]