[{"Name": "Race Car", "Confidence": 99.90702819824219, "Instances": [], "Parents": [{"Name": "Sports Car"}, {"Name": "Car"}, {"Name": "Vehicle"}, {"Name": "Transportation"}]}, {"Name": "Car", "Confidence": 99.90702819824219, "Instances": [{"BoundingBox": {"Width": 0.8850226402282715, "Height": 0.7351514101028442, "Left": 0.040493860840797424, "Top": 0.13459385931491852}, "Confidence": 99.88419342041016}], "Parents": [{"Name": "Vehicle"}, {"Name": "Transportation"}]}, {"Name": "Sports Car", "Confidence": 99.90702819824219, "Instances": [], "Parents": [{"Name": "Car"}, {"Name": "Vehicle"}, {"Name": "Transportation"}]}, {"Name": "Transportation", "Confidence": 99.90702819824219, "Instances": [], "Parents": []}, {"Name": "Vehicle", "Confidence": 99.90702819824219, "Instances": [], "Parents": [{"Name": "Transportation"}]}, {"Name": "Automobile", "Confidence": 99.90702819824219, "Instances": [], "Parents": [{"Name": "Vehicle"}, {"Name": "Transportation"}]}, {"Name": "Person", "Confidence": 89.35604858398438, "Instances": [{"BoundingBox": {"Width": 0.05015432462096214, "Height": 0.2671511471271515, "Left": 0.0014040073147043586, "Top": 0.26546168327331543}, "Confidence": 89.35604858398438}], "Parents": []}, {"Name": "Human", "Confidence": 89.35604858398438, "Instances": [], "Parents": []}]