[{"Name": "Race Car", "Confidence": 99.62145233154297, "Instances": [], "Parents": [{"Name": "Sports Car"}, {"Name": "Car"}, {"Name": "Vehicle"}]}, {"Name": "Sports Car", "Confidence": 99.62145233154297, "Instances": [], "Parents": [{"Name": "Car"}, {"Name": "Vehicle"}]}, {"Name": "Car", "Confidence": 99.62145233154297, "Instances": [{"BoundingBox": {"Width": 0.8293887376785278, "Height": 0.8423687815666199, "Left": 0.16794556379318237, "Top": 0.06319736689329147}, "Confidence": 86.03972625732422}], "Parents": [{"Name": "Vehicle"}]}, {"Name": "Vehicle", "Confidence": 99.62145233154297, "Instances": [], "Parents": []}, {"Name": "Person", "Confidence": 98.45733642578125, "Instances": [{"BoundingBox": {"Width": 0.039263226091861725, "Height": 0.0863272175192833, "Left": 0.01769810914993286, "Top": 0.14617924392223358}, "Confidence": 98.45733642578125}, {"BoundingBox": {"Width": 0.04367375001311302, "Height": 0.08298926800489426, "Left": 0.19594497978687286, "Top": 0.1417887657880783}, "Confidence": 97.31071472167969}], "Parents": []}, {"Name": "Tire", "Confidence": 95.61082458496094, "Instances": [], "Parents": []}, {"Name": "Spoke", "Confidence": 88.72429656982422, "Instances": [], "Parents": [{"Name": "Machine"}]}, {"Name": "Machine", "Confidence": 88.72429656982422, "Instances": [], "Parents": []}, {"Name": "Wheel", "Confidence": 86.29744720458984, "Instances": [], "Parents": [{"Name": "Machine"}]}, {"Name": "Tarmac", "Confidence": 83.49823760986328, "Instances": [], "Parents": []}]