[{"Name": "Person", "Confidence": 99.46192169189453, "Instances": [{"BoundingBox": {"Width": 0.6918461918830872, "Height": 0.44884994626045227, "Left": 0.1863471418619156, "Top": 0.21335358917713165}, "Confidence": 99.46192169189453}], "Parents": []}, {"Name": "Human", "Confidence": 99.46192169189453, "Instances": [], "Parents": []}, {"Name": "Race Car", "Confidence": 99.33180236816406, "Instances": [], "Parents": [{"Name": "Sports Car"}, {"Name": "Car"}, {"Name": "Vehicle"}, {"Name": "Transportation"}]}, {"Name": "Sports Car", "Confidence": 99.33180236816406, "Instances": [], "Parents": [{"Name": "Car"}, {"Name": "Vehicle"}, {"Name": "Transportation"}]}, {"Name": "Car", "Confidence": 99.33180236816406, "Instances": [{"BoundingBox": {"Width": 0.9514814019203186, "Height": 0.6652793288230896, "Left": 0.016636623069643974, "Top": 0.33395904302597046}, "Confidence": 83.32466125488281}], "Parents": [{"Name": "Vehicle"}, {"Name": "Transportation"}]}, {"Name": "Vehicle", "Confidence": 99.33180236816406, "Instances": [], "Parents": [{"Name": "Transportation"}]}, {"Name": "Transportation", "Confidence": 99.33180236816406, "Instances": [], "Parents": []}, {"Name": "Automobile", "Confidence": 99.33180236816406, "Instances": [], "Parents": [{"Name": "Vehicle"}, {"Name": "Transportation"}]}, {"Name": "Formula One", "Confidence": 88.25154113769531, "Instances": [], "Parents": [{"Name": "Car"}, {"Name": "Vehicle"}, {"Name": "Transportation"}]}]