[{"Name": "Person", "Confidence": 99.0720443725586, "Instances": [{"BoundingBox": {"Width": 0.2791314721107483, "Height": 0.3403554856777191, "Left": 0.4381885230541229, "Top": 0.35863178968429565}, "Confidence": 99.0720443725586}], "Parents": []}, {"Name": "Tire", "Confidence": 99.05448150634766, "Instances": [], "Parents": []}, {"Name": "Spoke", "Confidence": 97.55044555664062, "Instances": [], "Parents": [{"Name": "Machine"}]}, {"Name": "Machine", "Confidence": 97.55044555664062, "Instances": [], "Parents": []}, {"Name": "Car", "Confidence": 96.43925476074219, "Instances": [{"BoundingBox": {"Width": 0.9797471761703491, "Height": 0.6566526889801025, "Left": 0.0195583775639534, "Top": 0.2566016614437103}, "Confidence": 96.43925476074219}], "Parents": [{"Name": "Vehicle"}, {"Name": "Transportation"}]}, {"Name": "Transportation", "Confidence": 96.43925476074219, "Instances": [], "Parents": []}, {"Name": "Vehicle", "Confidence": 96.43925476074219, "Instances": [], "Parents": [{"Name": "Transportation"}]}, {"Name": "Wheel", "Confidence": 96.1782455444336, "Instances": [], "Parents": [{"Name": "Machine"}]}, {"Name": "Alloy Wheel", "Confidence": 94.31849670410156, "Instances": [], "Parents": [{"Name": "Spoke"}, {"Name": "Wheel"}, {"Name": "Machine"}]}, {"Name": "Car Wheel", "Confidence": 90.6984634399414, "Instances": [], "Parents": [{"Name": "Tire"}, {"Name": "Wheel"}, {"Name": "Machine"}]}]