[{"Name": "Clothing", "Confidence": 99.99858856201172, "Instances": [], "Parents": []}, {"Name": "Apparel", "Confidence": 99.99858856201172, "Instances": [], "Parents": []}, {"Name": "Helmet", "Confidence": 99.96482849121094, "Instances": [{"BoundingBox": {"Width": 0.9268155694007874, "Height": 0.5768810510635376, "Left": 0.030132971704006195, "Top": 0.22295287251472473}, "Confidence": 99.96482849121094}], "Parents": [{"Name": "Clothing"}]}, {"Name": "Crash Helmet", "Confidence": 99.8379898071289, "Instances": [], "Parents": [{"Name": "Helmet"}, {"Name": "Clothing"}]}]