[{"Name": "Car", "Confidence": 99.96343231201172, "Instances": [{"BoundingBox": {"Width": 0.9380877017974854, "Height": 0.5959437489509583, "Left": 0.02288937009871006, "Top": 0.21911485493183136}, "Confidence": 99.96343231201172}], "Parents": [{"Name": "Vehicle"}, {"Name": "Transportation"}]}, {"Name": "Automobile", "Confidence": 99.96343231201172, "Instances": [], "Parents": [{"Name": "Vehicle"}, {"Name": "Transportation"}]}, {"Name": "Vehicle", "Confidence": 99.96343231201172, "Instances": [], "Parents": [{"Name": "Transportation"}]}, {"Name": "Transportation", "Confidence": 99.96343231201172, "Instances": [], "Parents": []}, {"Name": "Race Car", "Confidence": 99.81161499023438, "Instances": [], "Parents": [{"Name": "Sports Car"}, {"Name": "Car"}, {"Name": "Vehicle"}, {"Name": "Transportation"}]}, {"Name": "Sports Car", "Confidence": 99.81161499023438, "Instances": [], "Parents": [{"Name": "Car"}, {"Name": "Vehicle"}, {"Name": "Transportation"}]}, {"Name": "Airplane", "Confidence": 92.70848846435547, "Instances": [{"BoundingBox": {"Width": 0.8868217468261719, "Height": 0.14465656876564026, "Left": 0.04054175317287445, "Top": 0.845119297504425}, "Confidence": 92.70848846435547}], "Parents": [{"Name": "Aircraft"}, {"Name": "Vehicle"}, {"Name": "Transportation"}]}, {"Name": "Aircraft", "Confidence": 92.70848846435547, "Instances": [], "Parents": [{"Name": "Vehicle"}, {"Name": "Transportation"}]}]