[{"Name": "Car", "Confidence": 98.42742919921875, "Instances": [{"BoundingBox": {"Width": 0.3161413371562958, "Height": 0.2237163931131363, "Left": 0.001537407748401165, "Top": 0.20173215866088867}, "Confidence": 98.42742919921875}], "Parents": [{"Name": "Vehicle"}, {"Name": "Transportation"}]}, {"Name": "Transportation", "Confidence": 98.42742919921875, "Instances": [], "Parents": []}, {"Name": "Vehicle", "Confidence": 98.42742919921875, "Instances": [], "Parents": [{"Name": "Transportation"}]}, {"Name": "Automobile", "Confidence": 98.42742919921875, "Instances": [], "Parents": [{"Name": "Vehicle"}, {"Name": "Transportation"}]}, {"Name": "Person", "Confidence": 98.0271224975586, "Instances": [{"BoundingBox": {"Width": 0.4687831401824951, "Height": 0.8114900588989258, "Left": 0.27532196044921875, "Top": 0.13252894580364227}, "Confidence": 98.0271224975586}], "Parents": []}, {"Name": "Human", "Confidence": 98.0271224975586, "Instances": [], "Parents": []}, {"Name": "Clothing", "Confidence": 96.84214782714844, "Instances": [], "Parents": []}, {"Name": "Shoe", "Confidence": 90.53134155273438, "Instances": [{"BoundingBox": {"Width": 0.12307260185480118, "Height": 0.14198189973831177, "Left": 0.613139271736145, "Top": 0.8378130793571472}, "Confidence": 90.53134155273438}, {"BoundingBox": {"Width": 0.0969659611582756, "Height": 0.10968730598688126, "Left": 0.4251788556575775, "Top": 0.7519614696502686}, "Confidence": 59.77281951904297}], "Parents": [{"Name": "Footwear"}, {"Name": "Clothing"}]}, {"Name": "Footwear", "Confidence": 90.53134155273438, "Instances": [], "Parents": [{"Name": "Clothing"}]}, {"Name": "Fashion", "Confidence": 83.22261047363281, "Instances": [], "Parents": []}]