[{"Name": "Guitar", "Confidence": 97.32977294921875, "Instances": [], "Parents": [{"Name": "Leisure Activities"}, {"Name": "Musical Instrument"}]}, {"Name": "Musical Instrument", "Confidence": 97.32977294921875, "Instances": [], "Parents": []}, {"Name": "Leisure Activities", "Confidence": 97.32977294921875, "Instances": [], "Parents": []}, {"Name": "Electric Guitar", "Confidence": 95.064453125, "Instances": [], "Parents": [{"Name": "Guitar"}, {"Name": "Leisure Activities"}, {"Name": "Musical Instrument"}]}]