[{"Name": "Car", "Confidence": 99.84827423095703, "Instances": [{"BoundingBox": {"Width": 0.39875951409339905, "Height": 0.09244241565465927, "Left": 0.2843822240829468, "Top": 0.47926682233810425}, "Confidence": 99.84827423095703}], "Parents": []}, {"Name": "Sports Car", "Confidence": 99.2599105834961, "Instances": [], "Parents": [{"Name": "Car"}]}, {"Name": "Tire", "Confidence": 98.01648712158203, "Instances": [], "Parents": []}, {"Name": "Tree", "Confidence": 97.95318603515625, "Instances": [], "Parents": []}, {"Name": "Alloy Wheel", "Confidence": 96.68655395507812, "Instances": [], "Parents": [{"Name": "Spoke"}, {"Name": "Wheel"}]}, {"Name": "Spoke", "Confidence": 96.68655395507812, "Instances": [], "Parents": []}, {"Name": "Wheel", "Confidence": 96.68655395507812, "Instances": [{"BoundingBox": {"Width": 0.05912543460726738, "Height": 0.04358278959989548, "Left": 0.4556211829185486, "Top": 0.5290413498878479}, "Confidence": 93.70147705078125}, {"BoundingBox": {"Width": 0.050774749368429184, "Height": 0.03737427294254303, "Left": 0.29065942764282227, "Top": 0.5245701670646667}, "Confidence": 93.46450805664062}], "Parents": []}, {"Name": "Coupe", "Confidence": 96.44923400878906, "Instances": [], "Parents": [{"Name": "Sports Car"}, {"Name": "Car"}]}, {"Name": "Fir", "Confidence": 96.11177825927734, "Instances": [], "Parents": [{"Name": "Tree"}]}, {"Name": "Car Wheel", "Confidence": 94.0894775390625, "Instances": [], "Parents": [{"Name": "Tire"}, {"Name": "Wheel"}]}]