[{"Name": "Clothing", "Confidence": 99.99451446533203, "Instances": [], "Parents": []}, {"Name": "Apparel", "Confidence": 99.99451446533203, "Instances": [], "Parents": []}, {"Name": "Helmet", "Confidence": 99.35104370117188, "Instances": [{"BoundingBox": {"Width": 0.2345355600118637, "Height": 0.6584823727607727, "Left": 0.764769971370697, "Top": 0.18608112633228302}, "Confidence": 99.35104370117188}], "Parents": [{"Name": "Clothing"}]}, {"Name": "Crash Helmet", "Confidence": 99.17738342285156, "Instances": [], "Parents": [{"Name": "Helmet"}, {"Name": "Clothing"}]}, {"Name": "Person", "Confidence": 97.15637969970703, "Instances": [{"BoundingBox": {"Width": 0.46190211176872253, "Height": 0.7775844931602478, "Left": 0.30100545287132263, "Top": 0.20931260287761688}, "Confidence": 97.15637969970703}], "Parents": []}, {"Name": "Human", "Confidence": 97.15637969970703, "Instances": [], "Parents": []}, {"Name": "Pants", "Confidence": 83.88259887695312, "Instances": [], "Parents": [{"Name": "Clothing"}]}]