[{"Name": "Car", "Confidence": 99.91554260253906, "Instances": [{"BoundingBox": {"Width": 0.8153781294822693, "Height": 0.46218496561050415, "Left": 0.04718882218003273, "Top": 0.24696971476078033}, "Confidence": 99.91554260253906}], "Parents": [{"Name": "Vehicle"}, {"Name": "Transportation"}]}, {"Name": "Vehicle", "Confidence": 99.91554260253906, "Instances": [], "Parents": [{"Name": "Transportation"}]}, {"Name": "Transportation", "Confidence": 99.91554260253906, "Instances": [], "Parents": []}, {"Name": "Race Car", "Confidence": 99.76302337646484, "Instances": [], "Parents": [{"Name": "Sports Car"}, {"Name": "Car"}, {"Name": "Vehicle"}, {"Name": "Transportation"}]}, {"Name": "Sports Car", "Confidence": 99.76302337646484, "Instances": [], "Parents": [{"Name": "Car"}, {"Name": "Vehicle"}, {"Name": "Transportation"}]}, {"Name": "Tire", "Confidence": 96.70260620117188, "Instances": [], "Parents": []}, {"Name": "Wheel", "Confidence": 91.21556091308594, "Instances": [], "Parents": []}, {"Name": "Car Wheel", "Confidence": 88.93536376953125, "Instances": [], "Parents": [{"Name": "Tire"}, {"Name": "Wheel"}]}, {"Name": "Spoke", "Confidence": 84.1692886352539, "Instances": [], "Parents": []}, {"Name": "Alloy Wheel", "Confidence": 83.3682632446289, "Instances": [], "Parents": [{"Name": "Spoke"}, {"Name": "Wheel"}]}]