[{"Name": "Person", "Confidence": 98.35053253173828, "Instances": [{"BoundingBox": {"Width": 0.9668307900428772, "Height": 0.701400101184845, "Left": 0.007899136282503605, "Top": 0.27922672033309937}, "Confidence": 95.76386260986328}, {"BoundingBox": {"Width": 0.34183213114738464, "Height": 0.6077337861061096, "Left": 0.010808718390762806, "Top": 0.14109386503696442}, "Confidence": 72.3100357055664}], "Parents": []}, {"Name": "Human", "Confidence": 98.35053253173828, "Instances": [], "Parents": []}, {"Name": "Driving", "Confidence": 93.97406005859375, "Instances": [], "Parents": [{"Name": "Person"}, {"Name": "Vehicle"}, {"Name": "Transportation"}]}, {"Name": "Transportation", "Confidence": 93.97406005859375, "Instances": [], "Parents": []}, {"Name": "Vehicle", "Confidence": 93.97406005859375, "Instances": [], "Parents": [{"Name": "Transportation"}]}, {"Name": "Helmet", "Confidence": 82.3743896484375, "Instances": [{"BoundingBox": {"Width": 0.7738832831382751, "Height": 0.4361642301082611, "Left": 0.15438054502010345, "Top": 0.3108047544956207}, "Confidence": 82.3743896484375}], "Parents": [{"Name": "Clothing"}]}, {"Name": "Clothing", "Confidence": 82.3743896484375, "Instances": [], "Parents": []}, {"Name": "Apparel", "Confidence": 82.3743896484375, "Instances": [], "Parents": []}]