[{"Name": "Person", "Confidence": 99.02359008789062, "Instances": [{"BoundingBox": {"Width": 0.5063682198524475, "Height": 0.6209501624107361, "Left": 0.10054118186235428, "Top": 0.2190205156803131}, "Confidence": 99.02359008789062}], "Parents": []}, {"Name": "Human", "Confidence": 99.02359008789062, "Instances": [], "Parents": []}, {"Name": "Tire", "Confidence": 91.74404907226562, "Instances": [], "Parents": []}, {"Name": "Car", "Confidence": 84.65260314941406, "Instances": [{"BoundingBox": {"Width": 0.9409472346305847, "Height": 0.8708094358444214, "Left": 0.0, "Top": 0.11099931597709656}, "Confidence": 84.65260314941406}], "Parents": [{"Name": "Vehicle"}, {"Name": "Transportation"}]}, {"Name": "Transportation", "Confidence": 84.65260314941406, "Instances": [], "Parents": []}, {"Name": "Vehicle", "Confidence": 84.65260314941406, "Instances": [], "Parents": [{"Name": "Transportation"}]}, {"Name": "Automobile", "Confidence": 84.65260314941406, "Instances": [], "Parents": [{"Name": "Vehicle"}, {"Name": "Transportation"}]}, {"Name": "Cushion", "Confidence": 81.17236328125, "Instances": [], "Parents": []}]