[{"Name": "Race Car", "Confidence": 99.94720458984375, "Instances": [], "Parents": [{"Name": "Sports Car"}, {"Name": "Car"}, {"Name": "Vehicle"}, {"Name": "Transportation"}]}, {"Name": "Sports Car", "Confidence": 99.94720458984375, "Instances": [], "Parents": [{"Name": "Car"}, {"Name": "Vehicle"}, {"Name": "Transportation"}]}, {"Name": "Car", "Confidence": 99.94720458984375, "Instances": [], "Parents": [{"Name": "Vehicle"}, {"Name": "Transportation"}]}, {"Name": "Transportation", "Confidence": 99.94720458984375, "Instances": [], "Parents": []}, {"Name": "Vehicle", "Confidence": 99.94720458984375, "Instances": [], "Parents": [{"Name": "Transportation"}]}, {"Name": "Automobile", "Confidence": 99.94720458984375, "Instances": [], "Parents": [{"Name": "Vehicle"}, {"Name": "Transportation"}]}, {"Name": "Person", "Confidence": 98.9339828491211, "Instances": [{"BoundingBox": {"Width": 0.3984659016132355, "Height": 0.3635096251964569, "Left": 0.170735701918602, "Top": 0.029043275862932205}, "Confidence": 98.9339828491211}, {"BoundingBox": {"Width": 0.41524845361709595, "Height": 0.645012617111206, "Left": 0.5627717971801758, "Top": 0.0556308776140213}, "Confidence": 98.84144592285156}, {"BoundingBox": {"Width": 0.45648276805877686, "Height": 0.5147591829299927, "Left": 0.3989143371582031, "Top": 0.1513802409172058}, "Confidence": 98.64220428466797}], "Parents": []}, {"Name": "Human", "Confidence": 98.9339828491211, "Instances": [], "Parents": []}, {"Name": "Clothing", "Confidence": 84.48124694824219, "Instances": [], "Parents": []}, {"Name": "Apparel", "Confidence": 84.48124694824219, "Instances": [], "Parents": []}]