[{"Name": "Cushion", "Confidence": 99.9502182006836, "Instances": [], "Parents": []}, {"Name": "Person", "Confidence": 91.13737487792969, "Instances": [{"BoundingBox": {"Width": 0.8487820029258728, "Height": 0.7840402722358704, "Left": 0.03290240094065666, "Top": 0.18928703665733337}, "Confidence": 91.13737487792969}], "Parents": []}, {"Name": "Human", "Confidence": 91.13737487792969, "Instances": [], "Parents": []}, {"Name": "Car Seat", "Confidence": 86.55381774902344, "Instances": [], "Parents": []}, {"Name": "Car", "Confidence": 86.26983642578125, "Instances": [{"BoundingBox": {"Width": 0.9993055462837219, "Height": 0.9028408527374268, "Left": 0.0, "Top": 0.015290391631424427}, "Confidence": 86.26983642578125}], "Parents": [{"Name": "Vehicle"}, {"Name": "Transportation"}]}, {"Name": "Transportation", "Confidence": 86.26983642578125, "Instances": [], "Parents": []}, {"Name": "Vehicle", "Confidence": 86.26983642578125, "Instances": [], "Parents": [{"Name": "Transportation"}]}, {"Name": "Automobile", "Confidence": 86.26983642578125, "Instances": [], "Parents": [{"Name": "Vehicle"}, {"Name": "Transportation"}]}]